track_name,frame,x_normalized,y_normalized,x_pixel,y_pixel
Track,1,0.4472062885761261,0.7017059326171875,858.6360740661621,757.8424072265625
Track,2,0.44718801975250244,0.7016999125480652,858.6009979248047,757.8359055519104
Track,3,0.44721272587776184,0.7017042636871338,858.6484336853027,757.8406047821045
Track,4,0.44721078872680664,0.7016934156417847,858.6447143554688,757.8288888931274
Track,5,0.4471587538719177,0.701691746711731,858.544807434082,757.8270864486694
Track,6,0.44736310839653015,0.7016808986663818,858.9371681213379,757.8153705596924
Track,7,0.44735994935035706,0.7016845941543579,858.9311027526855,757.8193616867065
Track,8,0.44738611578941345,0.7016817331314087,858.9813423156738,757.8162717819214
Track,9,0.44740432500839233,0.7016852498054504,859.0163040161133,757.8200697898865
Track,10,0.4474034011363983,0.7016834020614624,859.0145301818848,757.8180742263794
Track,11,0.44739022850990295,0.701687753200531,858.9892387390137,757.8227734565735
Track,12,0.44737353920936584,0.701688826084137,858.9571952819824,757.8239321708679
Track,13,0.44737231731414795,0.7016839981079102,858.9548492431641,757.818717956543
Track,14,0.4473538100719452,0.7016721963882446,858.9193153381348,757.8059720993042
Track,15,0.4472554922103882,0.7015745639801025,858.7305450439453,757.7005290985107
Track,16,0.4472622275352478,0.7015659213066101,858.7434768676758,757.6911950111389
Track,17,0.4472256898880005,0.7015536427497864,858.6733245849609,757.6779341697693
Track,18,0.4472445547580719,0.7015607357025146,858.709545135498,757.6855945587158
Track,19,0.44725045561790466,0.7015509009361267,858.720874786377,757.6749730110168
Track,20,0.4472498297691345,0.7015385031700134,858.7196731567383,757.6615834236145
Track,21,0.44724780321121216,0.7015743851661682,858.7157821655273,757.7003359794617
Track,22,0.4475417733192444,0.7012272477149963,859.2802047729492,757.325427532196
Track,23,0.44755318760871887,0.7012020945549011,859.3021202087402,757.2982621192932
Track,24,0.44748353958129883,0.7011899352073669,859.1683959960938,757.2851300239563
Track,25,0.44749411940574646,0.7011844515800476,859.1887092590332,757.2792077064514
Track,26,0.4475218951702118,0.7011898756027222,859.2420387268066,757.2850656509399
Track,27,0.4475218951702118,0.7011898756027222,859.2420387268066,757.2850656509399
Track,28,0.4474659264087677,0.7009441256523132,859.134578704834,757.0196557044983
Track,29,0.44748517870903015,0.7008772492408752,859.1715431213379,756.9474291801453
Track,30,0.4475303590297699,0.7009173631668091,859.2582893371582,756.9907522201538
Track,31,0.44751885533332825,0.7009146809577942,859.2362022399902,756.9878554344177
Track,32,0.4474946856498718,0.7008952498435974,859.1897964477539,756.9668698310852
Track,33,0.44751617312431335,0.7008819580078125,859.2310523986816,756.9525146484375
Track,34,0.4475081264972687,0.7008940577507019,859.2156028747559,756.965582370758
Track,35,0.4472486078739166,0.7008633613586426,858.7173271179199,756.932430267334
Track,36,0.4472486078739166,0.7008633613586426,858.7173271179199,756.932430267334
Track,37,0.44723543524742126,0.700886070728302,858.6920356750488,756.9569563865662
Track,38,0.447241872549057,0.7008906602859497,858.7043952941895,756.9619131088257
Track,39,0.4472302198410034,0.7008768916130066,858.6820220947266,756.9470429420471
Track,40,0.44722461700439453,0.7008683681488037,858.6712646484375,756.937837600708
Track,41,0.44720637798309326,0.7008767127990723,858.6362457275391,756.946849822998
Track,42,0.44720637798309326,0.7008767127990723,858.6362457275391,756.946849822998
Track,43,0.44709256291389465,0.7008255124092102,858.4177207946777,756.891553401947
Track,44,0.4471120834350586,0.7008167505264282,858.4552001953125,756.8820905685425
Track,45,0.4471430480480194,0.7008383274078369,858.5146522521973,756.9053936004639
Track,46,0.4471466839313507,0.700801432132721,858.5216331481934,756.8655467033386
Track,47,0.4471837878227234,0.7008028626441956,858.5928726196289,756.8670916557312
Track,48,0.4471404254436493,0.7007257342338562,858.5096168518066,756.7837929725647
Track,49,0.4471404254436493,0.7007257342338562,858.5096168518066,756.7837929725647
Track,50,0.4471173882484436,0.7007325887680054,858.4653854370117,756.7911958694458
Track,51,0.44714176654815674,0.7007319927215576,858.5121917724609,756.7905521392822
Track,52,0.44713112711906433,0.700727105140686,858.4917640686035,756.7852735519409
Track,53,0.44713059067726135,0.7007288336753845,858.4907341003418,756.7871403694153
Track,54,0.44713708758354187,0.700762152671814,858.5032081604004,756.8231248855591
Track,55,0.4471290707588196,0.7007765769958496,858.4878158569336,756.8387031555176
Track,56,0.4471350908279419,0.7007675766944885,858.4993743896484,756.8289828300476
Track,57,0.44708922505378723,0.7007400989532471,858.4113121032715,756.7993068695068
Track,58,0.44708576798439026,0.700740396976471,858.4046745300293,756.7996287345886
Track,59,0.4470987319946289,0.7007383704185486,858.4295654296875,756.7974400520325
Track,60,0.4470866024494171,0.7007368803024292,858.4062767028809,756.7958307266235
Track,61,0.4470811188220978,0.7007319331169128,858.3957481384277,756.7904877662659
Track,62,0.4470811188220978,0.7007319331169128,858.3957481384277,756.7904877662659
Track,63,0.446968138217926,0.7006868720054626,858.178825378418,756.7418217658997
Track,64,0.44696128368377686,0.7006844878196716,858.1656646728516,756.7392468452454
Track,65,0.44699186086654663,0.7006832361221313,858.2243728637695,756.7378950119019
Track,66,0.4469246566295624,0.7006819844245911,858.0953407287598,756.7365431785583
Track,67,0.4469341039657593,0.7006768584251404,858.1134796142578,756.7310070991516
Track,68,0.4469379186630249,0.7006714344024658,858.1208038330078,756.7251491546631
Track,69,0.44693371653556824,0.7006708979606628,858.112735748291,756.7245697975159
Track,70,0.44675958156585693,0.7006101012229919,857.7783966064453,756.6589093208313
Track,71,0.4467273950576782,0.7005941271781921,857.7165985107422,756.6416573524475
Track,72,0.4466905891895294,0.700610876083374,857.6459312438965,756.659746170044
Track,73,0.4466904103755951,0.7005967497825623,857.6455879211426,756.6444897651672
Track,74,0.44678863883018494,0.7005862593650818,857.8341865539551,756.6331601142883
Track,75,0.44678863883018494,0.7005862593650818,857.8341865539551,756.6331601142883
Track,76,0.4465138614177704,0.7003507018089294,857.3066139221191,756.3787579536438
Track,77,0.44646963477134705,0.7003488540649414,857.2216987609863,756.3767623901367
Track,78,0.44655147194862366,0.7003580927848816,857.3788261413574,756.3867402076721
Track,79,0.4465446174144745,0.7003465294837952,857.365665435791,756.3742518424988
Track,80,0.44655129313468933,0.7003524899482727,857.3784828186035,756.3806891441345
Track,81,0.4465330243110657,0.7003560066223145,857.3434066772461,756.3844871520996
Track,82,0.44653037190437317,0.7003522515296936,857.3383140563965,756.3804316520691
Track,83,0.4464905560016632,0.7003517746925354,857.2618675231934,756.3799166679382
Track,84,0.44650253653526306,0.7003545761108398,857.2848701477051,756.382942199707
Track,85,0.44604387879371643,0.7001537084579468,856.4042472839355,756.1660051345825
Track,86,0.4459753930568695,0.7001327276229858,856.2727546691895,756.1433458328247
Track,87,0.446047306060791,0.7001690864562988,856.4108276367188,756.1826133728027
Track,88,0.4460487961769104,0.700161874294281,856.413688659668,756.1748242378235
Track,89,0.44607478380203247,0.7001677751541138,856.4635848999023,756.1811971664429
Track,90,0.44607478380203247,0.7001677751541138,856.4635848999023,756.1811971664429
Track,91,0.4459705054759979,0.7001307606697083,856.263370513916,756.1412215232849
Track,92,0.4459814727306366,0.7001252770423889,856.2844276428223,756.13529920578
Track,93,0.44596290588378906,0.7001334428787231,856.248779296875,756.144118309021
Track,94,0.44599050283432007,0.700127899646759,856.3017654418945,756.1381316184998
Track,95,0.4459784924983978,0.7001251578330994,856.2787055969238,756.1351704597473
Track,96,0.446014940738678,0.7001439929008484,856.3486862182617,756.1555123329163
Track,97,0.446010023355484,0.700133740901947,856.3392448425293,756.1444401741028
Track,98,0.44599485397338867,0.7001190185546875,856.3101196289062,756.1285400390625
Track,99,0.44599485397338867,0.7001190185546875,856.3101196289062,756.1285400390625
Track,100,0.4459557831287384,0.7001359462738037,856.2351036071777,756.146821975708
Track,101,0.4459691047668457,0.700130820274353,856.2606811523438,756.1412858963013
Track,102,0.4459581673145294,0.7001064419746399,856.2396812438965,756.1149573326111
Track,103,0.4459637999534607,0.7001146674156189,856.2504959106445,756.1238408088684
Track,104,0.4459725618362427,0.7001215815544128,856.2673187255859,756.1313080787659
Track,105,0.4460488259792328,0.7001424431800842,856.413745880127,756.153838634491
Track,106,0.44605329632759094,0.7001358866691589,856.4223289489746,756.1467576026917
Track,107,0.44608959555625916,0.7001368999481201,856.4920234680176,756.1478519439697
Track,108,0.4460785686969757,0.7001454830169678,856.4708518981934,756.1571216583252
Track,109,0.4460870027542114,0.7001362442970276,856.4870452880859,756.1471438407898
Track,110,0.4461009204387665,0.7001519203186035,856.5137672424316,756.1640739440918
Track,111,0.44610360264778137,0.700127899646759,856.5189170837402,756.1381316184998
Track,112,0.44612202048301697,0.7001261115074158,856.5542793273926,756.136200428009
Track,113,0.4461040198802948,0.700203537940979,856.519718170166,756.2198209762573
Track,114,0.4461040198802948,0.700203537940979,856.519718170166,756.2198209762573
Track,115,0.44610610604286194,0.7002007365226746,856.5237236022949,756.2167954444885
Track,116,0.44609835743904114,0.7001974582672119,856.508846282959,756.2132549285889
Track,117,0.4461410343647003,0.7001987099647522,856.5907859802246,756.2146067619324
Track,118,0.4461473822593689,0.7002002000808716,856.6029739379883,756.2162160873413
Track,119,0.4461698532104492,0.7002678513526917,856.6461181640625,756.289279460907
Track,120,0.44619712233543396,0.7002453207969666,856.6984748840332,756.2649464607239
Track,121,0.4461776614189148,0.7002394795417786,856.6611099243164,756.2586379051208
Track,122,0.4461958706378937,0.7002443671226501,856.6960716247559,756.2639164924622
Track,123,0.44615915417671204,0.7002418041229248,856.6255760192871,756.2611484527588
Track,124,0.44616997241973877,0.7002478837966919,856.6463470458984,756.2677145004272
Track,125,0.44614261388778687,0.7002534866333008,856.5938186645508,756.2737655639648
Track,126,0.44638141989707947,0.7002763152122498,857.0523262023926,756.2984204292297
Track,127,0.44638141989707947,0.7002763152122498,857.0523262023926,756.2984204292297
Track,128,0.44641298055648804,0.7002812623977661,857.112922668457,756.3037633895874
Track,129,0.44639188051223755,0.7002836465835571,857.0724105834961,756.3063383102417
Track,130,0.44639983773231506,0.7002905011177063,857.0876884460449,756.3137412071228
Track,131,0.4464409649372101,0.7003287672996521,857.1666526794434,756.3550686836243
Track,132,0.4464240074157715,0.700322151184082,857.1340942382812,756.3479232788086
Track,133,0.4464079439640045,0.7004148364067078,857.1032524108887,756.4480233192444
Track,134,0.4464024603366852,0.7004236578941345,857.0927238464355,756.4575505256653
Track,135,0.44647249579429626,0.7004072666168213,857.2271919250488,756.439847946167
Track,136,0.446463406085968,0.7004385590553284,857.2097396850586,756.4736437797546
Track,137,0.4464247524738312,0.700419008731842,857.1355247497559,756.4525294303894
Track,138,0.44642147421836853,0.7004108428955078,857.1292304992676,756.4437103271484
Track,139,0.44640377163887024,0.7004139423370361,857.0952415466309,756.447057723999
Track,140,0.4464190900325775,0.700424075126648,857.1246528625488,756.4580011367798
Track,141,0.44664743542671204,0.7007290124893188,857.5630760192871,756.7873334884644
Track,142,0.44664257764816284,0.700718879699707,857.5537490844727,756.7763900756836
Track,143,0.4466400444507599,0.7007284164428711,857.548885345459,756.7866897583008
Track,144,0.4466349482536316,0.7007393836975098,857.5391006469727,756.7985343933105
Track,145,0.44663336873054504,0.7007408738136292,857.5360679626465,756.8001437187195
Track,146,0.4457187056541443,0.7010862827301025,855.779914855957,757.1731853485107
Track,147,0.4457187056541443,0.7010862827301025,855.779914855957,757.1731853485107
Track,148,0.4457017183303833,0.7010902166366577,855.7472991943359,757.1774339675903
Track,149,0.44569554924964905,0.7010846734046936,855.7354545593262,757.1714472770691
Track,150,0.4457293748855591,0.7010961771011353,855.8003997802734,757.1838712692261
Track,151,0.4457258880138397,0.701102614402771,855.7937049865723,757.1908235549927
Track,152,0.44573402404785156,0.7010840177536011,855.809326171875,757.1707391738892
Track,153,0.44536301493644714,0.7012612223625183,855.0969886779785,757.3621201515198
Track,154,0.4453504979610443,0.701259195804596,855.0729560852051,757.3599314689636
Track,155,0.4453478455543518,0.7012757658958435,855.0678634643555,757.377827167511
Track,156,0.44530582427978516,0.7012868523597717,854.9871826171875,757.3898005485535
Track,157,0.44529691338539124,0.7012810111045837,854.9700736999512,757.3834919929504
Track,158,0.4452974200248718,0.7012761235237122,854.9710464477539,757.3782134056091
Track,159,0.4452974200248718,0.7012761235237122,854.9710464477539,757.3782134056091
Track,160,0.44530045986175537,0.7012779116630554,854.9768829345703,757.3801445960999
Track,161,0.44521376490592957,0.7013108134269714,854.8104286193848,757.4156785011292
Track,162,0.44521254301071167,0.7013064026832581,854.8080825805664,757.4109148979187
Track,163,0.44526031613349915,0.7013155221939087,854.8998069763184,757.4207639694214
Track,164,0.44527751207351685,0.701318085193634,854.9328231811523,757.4235320091248
Track,165,0.44523558020591736,0.7013437747955322,854.8523139953613,757.4512767791748
Track,166,0.4452172815799713,0.7013487815856934,854.8171806335449,757.4566841125488
Track,167,0.4452172815799713,0.7013487815856934,854.8171806335449,757.4566841125488
Track,168,0.4451214373111725,0.700966477394104,854.6331596374512,757.0437955856323
Track,169,0.4451303482055664,0.7010169625282288,854.6502685546875,757.0983195304871
Track,170,0.44512128829956055,0.7010132670402527,854.6328735351562,757.0943284034729
Track,171,0.4451328217983246,0.7010157704353333,854.6550178527832,757.0970320701599
Track,172,0.4451020359992981,0.7010003924369812,854.5959091186523,757.0804238319397
Track,173,0.4451020359992981,0.7010003924369812,854.5959091186523,757.0804238319397
Track,174,0.44526660442352295,0.7008109092712402,854.9118804931641,756.8757820129395
Track,175,0.44526660442352295,0.7008109092712402,854.9118804931641,756.8757820129395
Track,176,0.4452493488788605,0.7007989883422852,854.8787498474121,756.862907409668
Track,177,0.4452684819698334,0.7008271217346191,854.9154853820801,756.8932914733887
Track,178,0.4452612102031708,0.7008355855941772,854.9015235900879,756.9024324417114
Track,179,0.44524189829826355,0.7008289694786072,854.864444732666,756.8952870368958
Track,180,0.44525346159935,0.7008343935012817,854.886646270752,756.9011449813843
Track,181,0.44525623321533203,0.7008143663406372,854.8919677734375,756.8795156478882
Track,182,0.4452667236328125,0.7008245587348938,854.912109375,756.8905234336853
Track,183,0.4453541934490204,0.7006137371063232,855.0800514221191,756.6628360748291
Track,184,0.4453541934490204,0.7006136775016785,855.0800514221191,756.6627717018127
Track,185,0.4454208016395569,0.7005956768989563,855.2079391479492,756.6433310508728
Track,186,0.4454268217086792,0.7005903124809265,855.2194976806641,756.6375374794006
Track,187,0.44544345140457153,0.7005853056907654,855.2514266967773,756.6321301460266
Track,188,0.445454478263855,0.7006146907806396,855.2725982666016,756.6638660430908
Track,189,0.4453151822090149,0.7005442976951599,855.0051498413086,756.5878415107727
Track,190,0.4453182816505432,0.7005447149276733,855.011100769043,756.5882921218872
Track,191,0.4453180432319641,0.700531005859375,855.0106430053711,756.573486328125
Track,192,0.44533616304397583,0.7005313038825989,855.0454330444336,756.5738081932068
Track,193,0.44531986117362976,0.7005293965339661,855.0141334533691,756.5717482566833
Track,194,0.4452364146709442,0.7008287310600281,854.8539161682129,756.8950295448303
Track,195,0.44523322582244873,0.7008381485939026,854.8477935791016,756.9052004814148
Track,196,0.4452197253704071,0.7008613348007202,854.8218727111816,756.9302415847778
Track,197,0.4452292025089264,0.7008451819419861,854.8400688171387,756.912796497345
Track,198,0.44519731402397156,0.7008575797080994,854.7788429260254,756.9261860847473
Track,199,0.4452093839645386,0.700851321220398,854.8020172119141,756.9194269180298
Track,200,0.44519272446632385,0.7008352279663086,854.7700309753418,756.9020462036133
Track,201,0.445254921913147,0.7008294463157654,854.8894500732422,756.8958020210266
Track,202,0.44526976346969604,0.7008345127105713,854.9179458618164,756.901273727417
Track,203,0.4447793960571289,0.7008354067802429,853.9764404296875,756.9022393226624
Track,204,0.4447793960571289,0.7008354067802429,853.9764404296875,756.9022393226624
Track,205,0.44471409916877747,0.7008387446403503,853.8510704040527,756.9058442115784
Track,206,0.4447191059589386,0.7008255124092102,853.8606834411621,756.891553401947
Track,207,0.44475889205932617,0.7008364796638489,853.9370727539062,756.9033980369568
Track,208,0.44474369287490845,0.7008366584777832,853.9078903198242,756.9035911560059
Track,209,0.4447522759437561,0.7008345127105713,853.9243698120117,756.901273727417
Track,210,0.4447522759437561,0.7008345127105713,853.9243698120117,756.901273727417
Track,211,0.4445790648460388,0.7008829712867737,853.5918045043945,756.9536089897156
Track,212,0.444547563791275,0.7008870244026184,853.531322479248,756.9579863548279
Track,213,0.4444977045059204,0.7008665204048157,853.4355926513672,756.9358420372009
Track,214,0.44450002908706665,0.7008711695671082,853.440055847168,756.9408631324768
Track,215,0.44445449113845825,0.7008781433105469,853.3526229858398,756.9483947753906
Track,216,0.44449278712272644,0.7008776664733887,853.4261512756348,756.9478797912598
Track,217,0.44449111819267273,0.7008780837059021,853.4229469299316,756.9483304023743
Track,218,0.444485068321228,0.7009060382843018,853.4113311767578,756.9785213470459
Track,219,0.4444749653339386,0.70091313123703,853.3919334411621,756.9861817359924
Track,220,0.44448715448379517,0.7008998394012451,853.4153366088867,756.9718265533447
Track,221,0.4444899559020996,0.7008988261222839,853.4207153320312,756.9707322120667
Track,222,0.44455260038375854,0.7012448906898499,853.5409927368164,757.3444819450378
Track,223,0.44455260038375854,0.7012448906898499,853.5409927368164,757.3444819450378
Track,224,0.44456735253334045,0.7012493014335632,853.5693168640137,757.3492455482483
Track,225,0.44455912709236145,0.7012439966201782,853.553524017334,757.3435163497925
Track,226,0.4445537030696869,0.7012454271316528,853.5431098937988,757.3450613021851
Track,227,0.4445657432079315,0.70123291015625,853.5662269592285,757.33154296875
Track,228,0.4445449113845825,0.7012360692024231,853.5262298583984,757.334954738617
Track,229,0.44456946849823,0.7012432813644409,853.5733795166016,757.3427438735962
Track,230,0.4445872902870178,0.7012339234352112,853.6075973510742,757.3326373100281
Track,231,0.44404473900794983,0.701415479183197,852.5658988952637,757.5287175178528
Track,232,0.4440224766731262,0.7014176845550537,852.5231552124023,757.531099319458
Track,233,0.4440554082393646,0.7014296650886536,852.5863838195801,757.5440382957458
Track,234,0.4440355598926544,0.7014117240905762,852.5482749938965,757.5246620178223
Track,235,0.4440193772315979,0.701420783996582,852.517204284668,757.5344467163086
Track,236,0.444013386964798,0.7014145851135254,852.5057029724121,757.5277519226074
Track,237,0.44401419162750244,0.7014186978340149,852.5072479248047,757.5321936607361
Track,238,0.444088339805603,0.7016009092330933,852.6496124267578,757.7289819717407
Track,239,0.44406768679618835,0.7016123533248901,852.6099586486816,757.7413415908813
Track,240,0.44412678480148315,0.7016462683677673,852.7234268188477,757.7779698371887
Track,241,0.4441318213939667,0.701653242111206,852.733097076416,757.7855014801025
Track,242,0.4441162943840027,0.7016398310661316,852.7032852172852,757.7710175514221
Track,243,0.4441162943840027,0.7016398310661316,852.7032852172852,757.7710175514221
Track,244,0.4436870515346527,0.702006995677948,851.8791389465332,758.1675553321838
Track,245,0.4436848759651184,0.7020259499549866,851.8749618530273,758.1880259513855
Track,246,0.4436531364917755,0.7019891142845154,851.814022064209,758.1482434272766
Track,247,0.44366705417633057,0.7019708156585693,851.8407440185547,758.1284809112549
Track,248,0.44367218017578125,0.7019854784011841,851.8505859375,758.1443166732788
Track,249,0.44368842244148254,0.7020007371902466,851.8817710876465,758.1607961654663
Track,250,0.4436964690685272,0.7019876837730408,851.8972206115723,758.146698474884
Track,251,0.4433302879333496,0.7021892070770264,851.1941528320312,758.3643436431885
Track,252,0.4433141350746155,0.7021885514259338,851.1631393432617,758.3636355400085
Track,253,0.44329822063446045,0.7021810412406921,851.1325836181641,758.3555245399475
Track,254,0.4432949423789978,0.7021823525428772,851.1262893676758,758.3569407463074
Track,255,0.44331517815589905,0.7022001147270203,851.1651420593262,758.3761239051819
Track,256,0.44328662753105164,0.7021903991699219,851.1103248596191,758.3656311035156
Track,257,0.4432934522628784,0.7021905779838562,851.1234283447266,758.3658242225647
Track,258,0.44329383969306946,0.702190637588501,851.1241722106934,758.365888595581
Track,259,0.44375815987586975,0.7020339369773865,852.0156669616699,758.1966519355774
Track,260,0.44375550746917725,0.7020351886749268,852.0105743408203,758.1980037689209
Track,261,0.44371843338012695,0.7020149827003479,851.9393920898438,758.1761813163757
Track,262,0.4437180459499359,0.7020137310028076,851.938648223877,758.1748294830322
Track,263,0.4437118470668793,0.7020148634910583,851.9267463684082,758.176052570343
Track,264,0.4437045753002167,0.701994001865387,851.912784576416,758.1535220146179
Track,265,0.4437045454978943,0.701994001865387,851.912727355957,758.1535220146179
Track,266,0.4437762498855591,0.7019945383071899,852.0503997802734,758.1541013717651
Track,267,0.4437861442565918,0.7019784450531006,852.0693969726562,758.1367206573486
Track,268,0.4437950849533081,0.7019607424736023,852.0865631103516,758.1176018714905
Track,269,0.4437918961048126,0.7019597887992859,852.0804405212402,758.1165719032288
Track,270,0.44382089376449585,0.7019686698913574,852.136116027832,758.126163482666
Track,271,0.4438156187534332,0.7019991278648376,852.1259880065918,758.1590580940247
Track,272,0.44382244348526,0.7019945383071899,852.1390914916992,758.1541013717651
Track,273,0.44368669390678406,0.7016410827636719,851.8784523010254,757.7723693847656
Track,274,0.44368669390678406,0.7016410827636719,851.8784523010254,757.7723693847656
Track,275,0.44368115067481995,0.7016301155090332,851.8678092956543,757.7605247497559
Track,276,0.44369909167289734,0.7016303539276123,851.9022560119629,757.7607822418213
Track,277,0.4437054991722107,0.7016487121582031,851.9145584106445,757.7806091308594
Track,278,0.4437095820903778,0.701622724533081,851.9223976135254,757.7525424957275
Track,279,0.4437111020088196,0.7016189098358154,851.9253158569336,757.7484226226807
Track,280,0.4437111020088196,0.7016189098358154,851.9253158569336,757.7484226226807
Track,281,0.44383424520492554,0.7015484571456909,852.161750793457,757.6723337173462
Track,282,0.4438394606113434,0.7015582919120789,852.1717643737793,757.6829552650452
Track,283,0.44383543729782104,0.701562225818634,852.1640396118164,757.6872038841248
Track,284,0.44383856654167175,0.7015683650970459,852.1700477600098,757.6938343048096
Track,285,0.4438403844833374,0.701572835445404,852.1735382080078,757.6986622810364
Track,286,0.4441449046134949,0.7012726664543152,852.7582168579102,757.3744797706604
Track,287,0.444112628698349,0.7012770771980286,852.6962471008301,757.3792433738708
Track,288,0.4441952109336853,0.7012636661529541,852.8548049926758,757.3647594451904
Track,289,0.44416651129722595,0.7012633085250854,852.7997016906738,757.3643732070923
Track,290,0.44415897130966187,0.701267659664154,852.7852249145508,757.3690724372864
Track,291,0.44415897130966187,0.701267659664154,852.7852249145508,757.3690724372864
Track,292,0.4447978734970093,0.7011305689811707,854.0119171142578,757.2210144996643
Track,293,0.4448029100894928,0.7011322975158691,854.0215873718262,757.2228813171387
Track,294,0.44477856159210205,0.7011352181434631,853.9748382568359,757.2260355949402
Track,295,0.44476601481437683,0.7011425495147705,853.9507484436035,757.2339534759521
Track,296,0.444771945476532,0.7011361718177795,853.9621353149414,757.2270655632019
Track,297,0.4447697103023529,0.7011306881904602,853.9578437805176,757.221143245697
Track,298,0.44479018449783325,0.7011040449142456,853.9971542358398,757.1923685073853
Track,299,0.44478434324264526,0.7011145949363708,853.9859390258789,757.2037625312805
Track,300,0.44477832317352295,0.7011141180992126,853.9743804931641,757.2032475471497
Track,301,0.4447912573814392,0.7010535597801208,853.9992141723633,757.1378445625305
Track,302,0.44483909010887146,0.7010515928268433,854.0910530090332,757.1357202529907
Track,303,0.4448421895503998,0.7010110020637512,854.0970039367676,757.0918822288513
Track,304,0.4448254704475403,0.7010018229484558,854.0649032592773,757.0819687843323
Track,305,0.4448091387748718,0.7009993195533752,854.0335464477539,757.0792651176453
Track,306,0.4448091387748718,0.7009993195533752,854.0335464477539,757.0792651176453
Track,307,0.44455650448799133,0.7002702355384827,853.5484886169434,756.2918543815613
Track,308,0.44455650448799133,0.7002702355384827,853.5484886169434,756.2918543815613
Track,309,0.4445681571960449,0.700244128704071,853.5708618164062,756.2636590003967
Track,310,0.44454702734947205,0.7002501487731934,853.5302925109863,756.2701606750488
Track,311,0.4445374608039856,0.7002421617507935,853.5119247436523,756.2615346908569
Track,312,0.4445174038410187,0.700273334980011,853.4734153747559,756.2952017784119
Track,313,0.4445174038410187,0.700273334980011,853.4734153747559,756.2952017784119
Track,314,0.44338586926460266,0.7008895874023438,851.3008689880371,756.9607543945312
Track,315,0.4434080421924591,0.7008967995643616,851.3434410095215,756.9685435295105
Track,316,0.4433637857437134,0.7008782625198364,851.2584686279297,756.9485235214233
Track,317,0.44337528944015503,0.7008854150772095,851.2805557250977,756.9562482833862
Track,318,0.4433753192424774,0.7008898258209229,851.2806129455566,756.9610118865967
Track,319,0.4433753192424774,0.7008898258209229,851.2806129455566,756.9610118865967
Track,320,0.443321168422699,0.7010310888290405,851.176643371582,757.1135759353638
Track,321,0.443315327167511,0.7010143995285034,851.1654281616211,757.0955514907837
Track,322,0.44332656264305115,0.7010132074356079,851.1870002746582,757.0942640304565
Track,323,0.4433140158653259,0.7010121941566467,851.1629104614258,757.0931696891785
Track,324,0.44332823157310486,0.7010384202003479,851.1902046203613,757.1214938163757
Track,325,0.4433520436286926,0.7010053992271423,851.2359237670898,757.0858311653137
Track,326,0.4433497190475464,0.7010279893875122,851.2314605712891,757.1102285385132
Track,327,0.44332629442214966,0.7010252475738525,851.1864852905273,757.1072673797607
Track,328,0.44332629442214966,0.7010252475738525,851.1864852905273,757.1072673797607
Track,329,0.443485826253891,0.7011903524398804,851.4927864074707,757.2855806350708
Track,330,0.44350385665893555,0.7011950016021729,851.5274047851562,757.2906017303467
Track,331,0.4434950053691864,0.7012186646461487,851.5104103088379,757.3161578178406
Track,332,0.44349348545074463,0.7012203931808472,851.5074920654297,757.3180246353149
Track,333,0.443515807390213,0.701225221157074,851.550350189209,757.3232388496399
Track,334,0.4436769485473633,0.7010220885276794,851.8597412109375,757.1038556098938
Track,335,0.4436497092247009,0.7010514736175537,851.8074417114258,757.135591506958
Track,336,0.44370922446250916,0.7010737061500549,851.9217109680176,757.1596026420593
Track,337,0.44370803236961365,0.7010284066200256,851.9194221496582,757.1106791496277
Track,338,0.4436908960342407,0.7010524272918701,851.8865203857422,757.1366214752197
Track,339,0.44363725185394287,0.7010619640350342,851.7835235595703,757.1469211578369
Track,340,0.44326627254486084,0.7009339928627014,851.0712432861328,757.0087122917175
Track,341,0.4433134198188782,0.7009353637695312,851.1617660522461,757.0101928710938
Track,342,0.4432498812675476,0.7009568810462952,851.0397720336914,757.0334315299988
Track,343,0.4432973265647888,0.7009400725364685,851.1308670043945,757.015278339386
Track,344,0.4432716965675354,0.7009578943252563,851.081657409668,757.0345258712769
Track,345,0.44327232241630554,0.7009981274604797,851.0828590393066,757.0779776573181
Track,346,0.4432767331600189,0.7010008692741394,851.0913276672363,757.0809388160706
Track,347,0.44326913356781006,0.7009677290916443,851.0767364501953,757.0451474189758
Track,348,0.4432365298271179,0.7009758949279785,851.0141372680664,757.0539665222168
Track,349,0.4431983530521393,0.7008750438690186,850.9408378601074,756.94504737854
Track,350,0.443185031414032,0.7008731961250305,850.9152603149414,756.943051815033
Track,351,0.44321998953819275,0.7008453011512756,850.9823799133301,756.9129252433777
Track,352,0.44317689538002014,0.7008694410324097,850.8996391296387,756.9389963150024
Track,353,0.4431767165660858,0.700873851776123,850.8992958068848,756.9437599182129
Track,354,0.44318997859954834,0.7008483409881592,850.9247589111328,756.9162082672119
Track,355,0.44322845339775085,0.7008399367332458,850.9986305236816,756.9071316719055
Track,356,0.4432166516780853,0.7008460164070129,850.9759712219238,756.913697719574
Track,357,0.4433375597000122,0.7009727954864502,851.2081146240234,757.0506191253662
Track,358,0.44329577684402466,0.7009693384170532,851.1278915405273,757.0468854904175
Track,359,0.44335344433784485,0.7009756565093994,851.2386131286621,757.0537090301514
Track,360,0.44340780377388,0.7009715437889099,851.3429832458496,757.0492672920227
Track,361,0.4434475302696228,0.7009552121162415,851.4192581176758,757.0316290855408
Track,362,0.4435587525367737,0.7008882164955139,851.6328048706055,756.959273815155
Track,363,0.44356366991996765,0.7008589506149292,851.6422462463379,756.9276666641235
Track,364,0.443596214056015,0.7008596658706665,851.7047309875488,756.9284391403198
Track,365,0.4435955584049225,0.7008556723594666,851.7034721374512,756.9241261482239
Track,366,0.4436039328575134,0.7008611559867859,851.7195510864258,756.9300484657288
Track,367,0.4435979425907135,0.7008777856826782,851.7080497741699,756.9480085372925
Track,368,0.44359859824180603,0.7008756399154663,851.7093086242676,756.9456911087036
Track,369,0.44359856843948364,0.7008756995201111,851.7092514038086,756.94575548172
Track,370,0.44359856843948364,0.7008756995201111,851.7092514038086,756.94575548172
Track,371,0.44387784600257874,0.7006915211677551,852.2454643249512,756.7468428611755
Track,372,0.4438962936401367,0.7006591558456421,852.2808837890625,756.7118883132935
Track,373,0.4438723921775818,0.7006738781929016,852.234992980957,756.7277884483337
Track,374,0.44386836886405945,0.7006782293319702,852.2272682189941,756.7324876785278
Track,375,0.44383957982063293,0.7006822228431702,852.1719932556152,756.7368006706238
Track,376,0.44383957982063293,0.7006822228431702,852.1719932556152,756.7368006706238
Track,377,0.4442586898803711,0.7004202008247375,852.9766845703125,756.4538168907166
Track,378,0.4442509710788727,0.7003921866416931,852.9618644714355,756.4235615730286
Track,379,0.44423577189445496,0.7003993988037109,852.9326820373535,756.4313507080078
Track,380,0.44422802329063416,0.7004034519195557,852.9178047180176,756.4357280731201
Track,381,0.4442494809627533,0.7004183530807495,852.9590034484863,756.4518213272095
Track,382,0.44423362612724304,0.7004016041755676,852.9285621643066,756.433732509613
Track,383,0.44421789050102234,0.7004098892211914,852.8983497619629,756.4426803588867
Track,384,0.44428589940071106,0.7002633810043335,853.0289268493652,756.2844514846802
Track,385,0.44428589940071106,0.7002633810043335,853.0289268493652,756.2844514846802
Track,386,0.44431981444358826,0.7002353668212891,853.0940437316895,756.2541961669922
Track,387,0.44430333375930786,0.7002193927764893,853.0624008178711,756.2369441986084
Track,388,0.44430986046791077,0.7002393007278442,853.0749320983887,756.2584447860718
Track,389,0.4442991614341736,0.7002323865890503,853.0543899536133,756.2509775161743
Track,390,0.44437459111213684,0.7000048756599426,853.1992149353027,756.005265712738
Track,391,0.44437459111213684,0.7000048756599426,853.1992149353027,756.005265712738
Track,392,0.4443436563014984,0.699989378452301,853.139820098877,755.9885287284851
Track,393,0.4443465769290924,0.6999825239181519,853.1454277038574,755.981125831604
Track,394,0.44436371326446533,0.6999801993370056,853.1783294677734,755.9786152839661
Track,395,0.4443460702896118,0.6999750137329102,853.1444549560547,755.973014831543
Track,396,0.4443477988243103,0.6999778747558594,853.1477737426758,755.9761047363281
Track,397,0.44435280561447144,0.6999865174293518,853.1573867797852,755.9854388237
Track,398,0.4443483352661133,0.699981153011322,853.1488037109375,755.9796452522278
Track,399,0.44432008266448975,0.6997925639152527,853.0945587158203,755.7759690284729
Track,400,0.44432008266448975,0.6997925639152527,853.0945587158203,755.7759690284729
Track,401,0.44435542821884155,0.6997843384742737,853.1624221801758,755.7670855522156
Track,402,0.44432786107063293,0.6997768878936768,853.1094932556152,755.7590389251709
Track,403,0.44431421160697937,0.6998353600502014,853.0832862854004,755.8221888542175
Track,404,0.4443020820617676,0.6998300552368164,853.0599975585938,755.8164596557617
Track,405,0.4441952407360077,0.6997637152671814,852.8548622131348,755.7448124885559
Track,406,0.4442416727542877,0.6997621059417725,852.9440116882324,755.7430744171143
Track,407,0.4442392587661743,0.6997621059417725,852.9393768310547,755.7430744171143
Track,408,0.4442428648471832,0.6997923254966736,852.9463005065918,755.7757115364075
Track,409,0.44421374797821045,0.6997765302658081,852.8903961181641,755.7586526870728
Track,410,0.44431793689727783,0.6997373104095459,853.0904388427734,755.7162952423096
Track,411,0.44428184628486633,0.6997437477111816,853.0211448669434,755.7232475280762
Track,412,0.44431060552597046,0.6997150778770447,853.0763626098633,755.6922841072083
Track,413,0.44430744647979736,0.699710488319397,853.0702972412109,755.6873273849487
Track,414,0.44431033730506897,0.6997659802436829,853.0758476257324,755.7472586631775
Track,415,0.44432148337364197,0.6997864246368408,853.0972480773926,755.7693386077881
Track,416,0.4443405568599701,0.6997714042663574,853.1338691711426,755.753116607666
Track,417,0.4443405568599701,0.6997714042663574,853.1338691711426,755.753116607666
Track,418,0.4443405568599701,0.6997714042663574,853.1338691711426,755.753116607666
Track,419,0.4442790150642395,0.6998533010482788,853.0157089233398,755.8415651321411
Track,420,0.44429656863212585,0.6998563408851624,853.0494117736816,755.8448481559753
Track,421,0.44429370760917664,0.6998704671859741,853.0439186096191,755.860104560852
Track,422,0.44430461525917053,0.6998763084411621,853.0648612976074,755.8664131164551
Track,423,0.44429489970207214,0.6998642683029175,853.0462074279785,755.8534097671509
Track,424,0.4443262219429016,0.6998652815818787,853.1063461303711,755.854504108429
Track,425,0.4443131387233734,0.6998677849769592,853.081226348877,755.857207775116
Track,426,0.4443329870700836,0.6998732089996338,853.1193351745605,755.8630657196045
Track,427,0.44416043162345886,0.7001174092292786,852.788028717041,756.1268019676208
Track,428,0.44412359595298767,0.7001312375068665,852.7173042297363,756.1417365074158
Track,429,0.4441373646259308,0.700126051902771,852.7437400817871,756.1361360549927
Track,430,0.44413453340530396,0.7001634836196899,852.7383041381836,756.1765623092651
Track,431,0.4441283941268921,0.7001668214797974,852.7265167236328,756.1801671981812
Track,432,0.4439280927181244,0.7003171443939209,852.3419380187988,756.3425159454346
Track,433,0.4439280927181244,0.7003171443939209,852.3419380187988,756.3425159454346
Track,434,0.4439484775066376,0.7003244757652283,852.3810768127441,756.3504338264465
Track,435,0.4439179003238678,0.7003312706947327,852.3223686218262,756.3577723503113
Track,436,0.4439091086387634,0.7003239989280701,852.3054885864258,756.3499188423157
Track,437,0.44389039278030396,0.7003139853477478,852.2695541381836,756.3391041755676
Track,438,0.4439060091972351,0.7003244757652283,852.2995376586914,756.3504338264465
Track,439,0.4439060091972351,0.7003244757652283,852.2995376586914,756.3504338264465
Track,440,0.4435984194278717,0.7005882263183594,851.7089653015137,756.6352844238281
Track,441,0.4435611665248871,0.7006102800369263,851.6374397277832,756.6591024398804
Track,442,0.44361746311187744,0.7006070017814636,851.7455291748047,756.6555619239807
Track,443,0.4436260759830475,0.7006296515464783,851.7620658874512,756.6800236701965
Track,444,0.4436388313770294,0.7006052732467651,851.7865562438965,756.6536951065063
Track,445,0.4435809552669525,0.7006100416183472,851.6754341125488,756.6588449478149
Track,446,0.4436134099960327,0.7006048560142517,851.7377471923828,756.6532444953918
Track,447,0.4432121515274048,0.7007580399513245,850.9673309326172,756.8186831474304
Track,448,0.4432121515274048,0.7007580399513245,850.9673309326172,756.8186831474304
Track,449,0.4432010352611542,0.7007543444633484,850.945987701416,756.8146920204163
Track,450,0.44317546486854553,0.700735867023468,850.8968925476074,756.7947363853455
Track,451,0.4432064890861511,0.7007456421852112,850.9564590454102,756.8052935600281
Track,452,0.44321176409721375,0.7007469534873962,850.9665870666504,756.8067097663879
Track,453,0.4430416226387024,0.7008444666862488,850.6399154663086,756.9120240211487
Track,454,0.4430241584777832,0.7008373737335205,850.6063842773438,756.9043636322021
Track,455,0.44300535321235657,0.7008352279663086,850.5702781677246,756.9020462036133
Track,456,0.44295039772987366,0.7008401155471802,850.4647636413574,756.9073247909546
Track,457,0.4429580867290497,0.7008334398269653,850.4795265197754,756.9001150131226
Track,458,0.4429222345352173,0.7008420825004578,850.4106903076172,756.9094491004944
Track,459,0.44292202591896057,0.7008422613143921,850.4102897644043,756.9096422195435
Track,460,0.442852646112442,0.7008578181266785,850.2770805358887,756.9264435768127
Track,461,0.44283658266067505,0.7008585333824158,850.2462387084961,756.927216053009
Track,462,0.4428321421146393,0.7008920311927795,850.2377128601074,756.9633936882019
Track,463,0.44281837344169617,0.7008947730064392,850.2112770080566,756.9663548469543
Track,464,0.442804753780365,0.7009053826332092,850.1851272583008,756.977813243866
Track,465,0.44280728697776794,0.7009111046791077,850.1899909973145,756.9839930534363
Track,466,0.4428059458732605,0.7009056210517883,850.1874160766602,756.9780707359314
Track,467,0.4428243339061737,0.7009045481681824,850.2227210998535,756.976912021637
Track,468,0.442851185798645,0.7009015083312988,850.2742767333984,756.9736289978027
Track,469,0.442588210105896,0.7005029916763306,849.7693634033203,756.543231010437
Track,470,0.4425962269306183,0.7005023956298828,849.7847557067871,756.5425872802734
Track,471,0.44260016083717346,0.7004884481430054,849.792308807373,756.5275239944458
Track,472,0.44258323311805725,0.700503945350647,849.7598075866699,756.5442609786987
Track,473,0.44257351756095886,0.7005022168159485,849.741153717041,756.5423941612244
Track,474,0.44257351756095886,0.7005022168159485,849.741153717041,756.5423941612244
Track,475,0.44327014684677124,0.698968768119812,851.0786819458008,754.886269569397
Track,476,0.443246454000473,0.6989715695381165,851.0331916809082,754.8892951011658
Track,477,0.4432840347290039,0.6989789605140686,851.1053466796875,754.8972773551941
Track,478,0.44322293996810913,0.6989601254463196,850.9880447387695,754.8769354820251
Track,479,0.44323503971099854,0.6989696621894836,851.0112762451172,754.8872351646423
Track,480,0.4437939524650574,0.6992350220680237,852.0843887329102,755.1738238334656
Track,481,0.4437939524650574,0.6992350220680237,852.0843887329102,755.1738238334656
Track,482,0.4437939524650574,0.6992350220680237,852.0843887329102,755.1738238334656
Track,483,0.4438062608242035,0.6992310285568237,852.1080207824707,755.1695108413696
Track,484,0.44380977749824524,0.6992252469062805,852.1147727966309,755.163266658783
Track,485,0.4437902271747589,0.6992238759994507,852.0772361755371,755.1617860794067
Track,486,0.44377967715263367,0.6992292404174805,852.0569801330566,755.1675796508789
Track,487,0.44377967715263367,0.6992292404174805,852.0569801330566,755.1675796508789
Track,488,0.44431594014167786,0.6986561417579651,853.0866050720215,754.5486330986023
Track,489,0.4443378150463104,0.6986637711524963,853.128604888916,754.556872844696
Track,490,0.44430914521217346,0.6986643671989441,853.073558807373,754.5575165748596
Track,491,0.4443351626396179,0.6986510753631592,853.1235122680664,754.5431613922119
Track,492,0.44434505701065063,0.6986610889434814,853.1425094604492,754.55397605896
Track,493,0.4443320035934448,0.6986597180366516,853.1174468994141,754.5524954795837
Track,494,0.44434455037117004,0.6986564993858337,853.1415367126465,754.5490193367004
Track,495,0.4443107545375824,0.6986623406410217,853.0766487121582,754.5553278923035
Track,496,0.4443107545375824,0.6986623406410217,853.0766487121582,754.5553278923035
Track,497,0.44473063945770264,0.698407769203186,853.8828277587891,754.2803907394409
Track,498,0.4447188079357147,0.6984111070632935,853.8601112365723,754.2839956283569
Track,499,0.4447403848171234,0.698401153087616,853.901538848877,754.2732453346252
Track,500,0.44475799798965454,0.6983879804611206,853.9353561401367,754.2590188980103
Track,501,0.44480374455451965,0.6983820796012878,854.0231895446777,754.2526459693909
Track,502,0.4452752470970154,0.6987441182136536,854.9284744262695,754.6436476707458
Track,503,0.4452752470970154,0.6987441182136536,854.9284744262695,754.6436476707458
Track,504,0.44528713822364807,0.6987662315368652,854.9513053894043,754.6675300598145
Track,505,0.4453062415122986,0.6987507939338684,854.9879837036133,754.6508574485779
Track,506,0.4452953338623047,0.6987245082855225,854.967041015625,754.6224689483643
Track,507,0.44528597593307495,0.6987261176109314,854.9490737915039,754.6242070198059
Track,508,0.4456212818622589,0.6959712505340576,855.5928611755371,751.6489505767822
Track,509,0.4456212818622589,0.6959712505340576,855.5928611755371,751.6489505767822
Track,510,0.44558900594711304,0.6959706544876099,855.530891418457,751.6483068466187
Track,511,0.445613294839859,0.6959671378135681,855.5775260925293,751.6445088386536
Track,512,0.44561758637428284,0.6959742903709412,855.585765838623,751.6522336006165
Track,513,0.44562259316444397,0.6959774494171143,855.5953788757324,751.6556453704834
Track,514,0.44560760259628296,0.6959704756736755,855.5665969848633,751.6481137275696
Track,515,0.44559377431869507,0.6959602236747742,855.5400466918945,751.6370415687561
Track,516,0.44561681151390076,0.6959632635116577,855.5842781066895,751.6403245925903
Track,517,0.4451201558113098,0.6960904598236084,854.6306991577148,751.7776966094971
Track,518,0.4451201558113098,0.6960904598236084,854.6306991577148,751.7776966094971
Track,519,0.44515228271484375,0.6960972547531128,854.6923828125,751.7850351333618
Track,520,0.44512394070625305,0.6961157917976379,854.6379661560059,751.805055141449
Track,521,0.44510316848754883,0.6961348652839661,854.5980834960938,751.8256545066833
Track,522,0.4450909197330475,0.6961380839347839,854.5745658874512,751.8291306495667
Track,523,0.445130318403244,0.6961021423339844,854.6502113342285,751.7903137207031
Track,524,0.445130318403244,0.6961021423339844,854.6502113342285,751.7903137207031
Track,525,0.44510310888290405,0.696100652217865,854.5979690551758,751.7887043952942
Track,526,0.44508597254753113,0.6960931420326233,854.5650672912598,751.7805933952332
Track,527,0.44508543610572815,0.6960924863815308,854.564037322998,751.7798852920532
Track,528,0.4450508952140808,0.6960988640785217,854.4977188110352,751.7867732048035
Track,529,0.44505730271339417,0.6960987448692322,854.5100212097168,751.7866444587708
Track,530,0.44492635130882263,0.6963028311729431,854.2585945129395,752.0070576667786
Track,531,0.44492635130882263,0.6963028311729431,854.2585945129395,752.0070576667786
Track,532,0.444891095161438,0.6962796449661255,854.1909027099609,751.9820165634155
Track,533,0.4449194371700287,0.6962950229644775,854.2453193664551,751.9986248016357
Track,534,0.4448956549167633,0.69629967212677,854.1996574401855,752.0036458969116
Track,535,0.44490760564804077,0.6963139176368713,854.2226028442383,752.019031047821
Track,536,0.44489625096321106,0.6962973475456238,854.2008018493652,752.0011353492737
Track,537,0.44489234685897827,0.6962881088256836,854.1933059692383,751.9911575317383
Track,538,0.44493576884269714,0.6962756514549255,854.2766761779785,751.9777035713196
Track,539,0.4447909891605377,0.6961396336555481,853.9986991882324,751.830804347992
Track,540,0.4447864890098572,0.6961398124694824,853.9900588989258,751.830997467041
Track,541,0.44480985403060913,0.6961742639541626,854.0349197387695,751.8682050704956
Track,542,0.44481393694877625,0.6961549520492554,854.0427589416504,751.8473482131958
Track,543,0.44479644298553467,0.6961773037910461,854.0091705322266,751.8714880943298
Track,544,0.44479644298553467,0.6961773037910461,854.0091705322266,751.8714880943298
Track,545,0.4451395571231842,0.6963332891464233,854.6679496765137,752.0399522781372
Track,546,0.44512781500816345,0.6963334083557129,854.6454048156738,752.0400810241699
Track,547,0.445063978433609,0.6963092088699341,854.5228385925293,752.0139455795288
Track,548,0.44503965973854065,0.6963047385215759,854.476146697998,752.009117603302
Track,549,0.44510871171951294,0.6963114142417908,854.6087265014648,752.016327381134
Track,550,0.4451366662979126,0.6951135993003845,854.6623992919922,750.7226872444153
Track,551,0.4451366662979126,0.6951135993003845,854.6623992919922,750.7226872444153
Track,552,0.4451654553413391,0.6951213479042053,854.7176742553711,750.7310557365417
Track,553,0.44517844915390015,0.6951452493667603,854.7426223754883,750.7568693161011
Track,554,0.44512951374053955,0.6951459050178528,854.6486663818359,750.757577419281
Track,555,0.4451116621494293,0.6951597332954407,854.6143913269043,750.7725119590759
Track,556,0.445112407207489,0.6951611638069153,854.6158218383789,750.7740569114685
Track,557,0.445112407207489,0.6951611638069153,854.6158218383789,750.7740569114685
Track,558,0.4455503225326538,0.6952759623527527,855.4566192626953,750.8980393409729
Track,559,0.44555070996284485,0.695258378982544,855.4573631286621,750.8790493011475
Track,560,0.44549044966697693,0.6952542662620544,855.3416633605957,750.8746075630188
Track,561,0.445501446723938,0.6952621340751648,855.3627777099609,750.883104801178
Track,562,0.4454798400402069,0.6952319741249084,855.3212928771973,750.8505320549011
Track,563,0.4455062747001648,0.6952400207519531,855.3720474243164,750.8592224121094
Track,564,0.445455402135849,0.6952211260795593,855.2743721008301,750.8388161659241
Track,565,0.44554874300956726,0.6947347521781921,855.4535865783691,750.3135323524475
Track,566,0.44554874300956726,0.6947347521781921,855.4535865783691,750.3135323524475
Track,567,0.44557809829711914,0.6947131752967834,855.5099487304688,750.2902293205261
Track,568,0.4455684423446655,0.6947334408760071,855.4914093017578,750.3121161460876
Track,569,0.44556665420532227,0.694747269153595,855.4879760742188,750.3270506858826
Track,570,0.4455626606941223,0.6947557926177979,855.4803085327148,750.3362560272217
Track,571,0.4455525577068329,0.6947602033615112,855.4609107971191,750.3410196304321
Track,572,0.4455525577068329,0.6947602033615112,855.4609107971191,750.3410196304321
Track,573,0.44549718499183655,0.6942559480667114,855.3545951843262,749.7964239120483
Track,574,0.4454684555530548,0.694256067276001,855.2994346618652,749.796552658081
Track,575,0.4454687237739563,0.694248616695404,855.2999496459961,749.7885060310364
Track,576,0.44546714425086975,0.6942516565322876,855.2969169616699,749.7917890548706
Track,577,0.44546714425086975,0.6942516565322876,855.2969169616699,749.7917890548706
Track,578,0.44565168023109436,0.6939288377761841,855.6512260437012,749.4431447982788
Track,579,0.44565171003341675,0.6939288377761841,855.6512832641602,749.4431447982788
Track,580,0.4457055926322937,0.6939171552658081,855.7547378540039,749.4305276870728
Track,581,0.4456902742385864,0.693925142288208,855.7253265380859,749.4391536712646
Track,582,0.4456925690174103,0.6939160227775574,855.7297325134277,749.429304599762
Track,583,0.44572317600250244,0.6939153075218201,855.7884979248047,749.4285321235657
Track,584,0.44565239548683167,0.6939048767089844,855.6525993347168,749.4172668457031
Track,585,0.44567787647247314,0.6938990354537964,855.7015228271484,749.4109582901001
Track,586,0.445671409368515,0.6938982605934143,855.6891059875488,749.4101214408875
Track,587,0.4454553723335266,0.6944279074668884,855.2743148803711,749.9821400642395
Track,588,0.4455072581768036,0.6944165229797363,855.3739356994629,749.9698448181152
Track,589,0.44547712802886963,0.694385826587677,855.3160858154297,749.9366927146912
Track,590,0.4454306662082672,0.6943932175636292,855.226879119873,749.9446749687195
Track,591,0.4454297721385956,0.6943784356117249,855.2251625061035,749.9287104606628
Track,592,0.4454297721385956,0.6943784356117249,855.2251625061035,749.9287104606628
Track,593,0.4455972909927368,0.6943795084953308,855.5467987060547,749.9298691749573
Track,594,0.44554847478866577,0.6943789720535278,855.4530715942383,749.9292898178101
Track,595,0.44558560848236084,0.6943727731704712,855.5243682861328,749.9225950241089
Track,596,0.4455418288707733,0.6943776607513428,855.4403114318848,749.9278736114502
Track,597,0.4455130994319916,0.6943791508674622,855.3851509094238,749.9294829368591
Track,598,0.445762574672699,0.6942250728607178,855.864143371582,749.7630786895752
Track,599,0.445762574672699,0.6942250728607178,855.864143371582,749.7630786895752
Track,600,0.4457562267780304,0.6942138075828552,855.8519554138184,749.7509121894836
Track,601,0.4457929730415344,0.6941798329353333,855.9225082397461,749.7142195701599
Track,602,0.4458320736885071,0.6942349076271057,855.9975814819336,749.7737002372742
Track,603,0.44583967328071594,0.6942253112792969,856.0121726989746,749.7633361816406
Track,604,0.4457533061504364,0.694218099117279,855.8463478088379,749.7555470466614
Track,605,0.4457533061504364,0.694218099117279,855.8463478088379,749.7555470466614
Track,606,0.44608843326568604,0.6939385533332825,856.4897918701172,749.4536375999451
Track,607,0.44604066014289856,0.693932294845581,856.3980674743652,749.4468784332275
Track,608,0.44600507616996765,0.6939481496810913,856.3297462463379,749.4640016555786
Track,609,0.4459884762763977,0.6939480304718018,856.2978744506836,749.4638729095459
Track,610,0.4459769129753113,0.693961501121521,856.2756729125977,749.4784212112427
Track,611,0.44599631428718567,0.6939467787742615,856.3129234313965,749.4625210762024
Track,612,0.4459923207759857,0.693955659866333,856.3052558898926,749.4721126556396
Track,613,0.44598832726478577,0.6939330697059631,856.2975883483887,749.4477152824402
Track,614,0.44598832726478577,0.6939330697059631,856.2975883483887,749.4477152824402
Track,615,0.44479185342788696,0.6932480931282043,854.000358581543,748.7079405784607
Track,616,0.4447665214538574,0.6932631134986877,853.9517211914062,748.7241625785828
Track,617,0.4447484314441681,0.6932131052017212,853.9169883728027,748.6701536178589
Track,618,0.4447595179080963,0.6932201981544495,853.9382743835449,748.6778140068054
Track,619,0.44479814171791077,0.6932879686355591,854.0124320983887,748.7510061264038
Track,620,0.44479814171791077,0.6932879686355591,854.0124320983887,748.7510061264038
Track,621,0.44508934020996094,0.6933860182762146,854.571533203125,748.8568997383118
Track,622,0.4450754225254059,0.6933847665786743,854.5448112487793,748.8555479049683
Track,623,0.4450734555721283,0.6933773159980774,854.5410346984863,748.8475012779236
Track,624,0.4450914263725281,0.6933526992797852,854.5755386352539,748.820915222168
Track,625,0.44506680965423584,0.693350613117218,854.5282745361328,748.8186621665955
Track,626,0.44499343633651733,0.6933269500732422,854.3873977661133,748.7931060791016
Track,627,0.4449858069419861,0.6933273077011108,854.3727493286133,748.7934923171997
Track,628,0.4450483024120331,0.6929930448532104,854.4927406311035,748.4324884414673
Track,629,0.4450483024120331,0.6929930448532104,854.4927406311035,748.4324884414673
Track,630,0.4450545310974121,0.692988395690918,854.5046997070312,748.4274673461914
Track,631,0.44502270221710205,0.6929913759231567,854.4435882568359,748.4306859970093
Track,632,0.4450312852859497,0.6929721236228943,854.4600677490234,748.4098935127258
Track,633,0.44499972462654114,0.6929817199707031,854.399471282959,748.4202575683594
Track,634,0.44502490758895874,0.6929872632026672,854.4478225708008,748.4262442588806
Track,635,0.44479259848594666,0.6924249529838562,854.0017890930176,747.8189492225647
Track,636,0.44479259848594666,0.6924249529838562,854.0017890930176,747.8189492225647
Track,637,0.44477951526641846,0.6924346685409546,853.9766693115234,747.829442024231
Track,638,0.44473934173583984,0.6924084424972534,853.8995361328125,747.8011178970337
Track,639,0.4447704553604126,0.6924247741699219,853.9592742919922,747.8187561035156
Track,640,0.44478142261505127,0.6924394369125366,853.9803314208984,747.8345918655396
Track,641,0.44476765394210815,0.6926843523979187,853.9538955688477,748.0991005897522
Track,642,0.4447675347328186,0.6926523447036743,853.9536666870117,748.0645322799683
Track,643,0.4447699785232544,0.6926417350769043,853.9583587646484,748.0530738830566
Track,644,0.444795697927475,0.6926417350769043,854.007740020752,748.0530738830566
Track,645,0.44478073716163635,0.6926556825637817,853.9790153503418,748.0681371688843
Track,646,0.44472402334213257,0.6926780939102173,853.8701248168945,748.0923414230347
Track,647,0.44472402334213257,0.6926780939102173,853.8701248168945,748.0923414230347
Track,648,0.4441515803337097,0.69319748878479,852.7710342407227,748.6532878875732
Track,649,0.4441753029823303,0.6932130455970764,852.8165817260742,748.6700892448425
Track,650,0.4442017674446106,0.6932317614555359,852.8673934936523,748.6903023719788
Track,651,0.4442099630832672,0.6932407021522522,852.883129119873,748.6999583244324
Track,652,0.44422709941864014,0.6931692361831665,852.9160308837891,748.6227750778198
Track,653,0.44422009587287903,0.6931701898574829,852.9025840759277,748.6238050460815
Track,654,0.4441874623298645,0.6931725740432739,852.8399276733398,748.6263799667358
Track,655,0.4441874623298645,0.6931725740432739,852.8399276733398,748.6263799667358
Track,656,0.44391030073165894,0.6931561827659607,852.3077774047852,748.6086773872375
Track,657,0.44391030073165894,0.6931561827659607,852.3077774047852,748.6086773872375
Track,658,0.44389578700065613,0.6931948661804199,852.2799110412598,748.6504554748535
Track,659,0.4438989758491516,0.6932104229927063,852.2860336303711,748.6672568321228
Track,660,0.4439104497432709,0.6932139992713928,852.3080635070801,748.6711192131042
Track,661,0.4439331889152527,0.6932130455970764,852.3517227172852,748.6700892448425
Track,662,0.4439331889152527,0.6932130455970764,852.3517227172852,748.6700892448425
Track,663,0.44375842809677124,0.6930897235870361,852.0161819458008,748.536901473999
Track,664,0.4437294900417328,0.6931184530258179,851.960620880127,748.5679292678833
Track,665,0.44369882345199585,0.6932114362716675,851.901741027832,748.6683511734009
Track,666,0.44372060894966125,0.693185031414032,851.9435691833496,748.6398339271545
Track,667,0.44368690252304077,0.6931895017623901,851.8788528442383,748.6446619033813
Track,668,0.44368690252304077,0.6931895017623901,851.8788528442383,748.6446619033813
Track,669,0.4439777731895447,0.6937025785446167,852.4373245239258,749.198784828186
Track,670,0.44388166069984436,0.6937153339385986,852.2527885437012,749.2125606536865
Track,671,0.44388487935066223,0.6937153339385986,852.2589683532715,749.2125606536865
Track,672,0.443838506937027,0.6937629580497742,852.1699333190918,749.2639946937561
Track,673,0.44390374422073364,0.6937500238418579,852.2951889038086,749.2500257492065
Track,674,0.44390934705734253,0.6937485337257385,852.3059463500977,749.2484164237976
Track,675,0.4438978433609009,0.6937589049339294,852.2838592529297,749.2596173286438
Track,676,0.4435153603553772,0.6940299868583679,851.5494918823242,749.5523858070374
Track,677,0.4435153603553772,0.6940299868583679,851.5494918823242,749.5523858070374
Track,678,0.44352972507476807,0.6940280199050903,851.5770721435547,749.5502614974976
Track,679,0.4434967339038849,0.6940291523933411,851.513729095459,749.5514845848083
Track,680,0.4434773325920105,0.69404137134552,851.4764785766602,749.5646810531616
Track,681,0.44347381591796875,0.69402676820755,851.4697265625,749.548909664154
Track,682,0.4434879422187805,0.6940315365791321,851.4968490600586,749.5540595054626
Track,683,0.4434412717819214,0.6940194964408875,851.4072418212891,749.5410561561584
Track,684,0.44344571232795715,0.6940219402313232,851.4157676696777,749.5436954498291
Track,685,0.4436083734035492,0.6944653391838074,851.7280769348145,750.022566318512
Track,686,0.4436083734035492,0.6944653391838074,851.7280769348145,750.022566318512
Track,687,0.443613201379776,0.694466769695282,851.7373466491699,750.0241112709045
Track,688,0.4436229467391968,0.6944792866706848,851.7560577392578,750.0376296043396
Track,689,0.44360536336898804,0.6944745182991028,851.722297668457,750.032479763031
Track,690,0.4436127245426178,0.6944881677627563,851.7364311218262,750.0472211837769
Track,691,0.4436049163341522,0.6946600675582886,851.7214393615723,750.2328729629517
Track,692,0.4436049163341522,0.6946600675582886,851.7214393615723,750.2328729629517
Track,693,0.4436056911945343,0.6946631073951721,851.7229270935059,750.2361559867859
Track,694,0.44361841678619385,0.6946696043014526,851.7473602294922,750.2431726455688
Track,695,0.44361841678619385,0.6946696043014526,851.7473602294922,750.2431726455688
Track,696,0.4439868628978729,0.6949518918991089,852.454776763916,750.5480432510376
Track,697,0.44400402903556824,0.6949673891067505,852.487735748291,750.5647802352905
Track,698,0.4439719021320343,0.6949835419654846,852.4260520935059,750.5822253227234
Track,699,0.4439847767353058,0.6949766278266907,852.4507713317871,750.5747580528259
Track,700,0.44400808215141296,0.6949580311775208,852.4955177307129,750.5546736717224
Track,701,0.44398415088653564,0.6949736475944519,852.4495697021484,750.571539402008
Track,702,0.4439937472343445,0.6948893070220947,852.4679946899414,750.4804515838623
Track,703,0.44399294257164,0.69488924741745,852.4664497375488,750.480387210846
Track,704,0.4443055987358093,0.6948282718658447,853.0667495727539,750.4145336151123
Track,705,0.4443055987358093,0.6948282718658447,853.0667495727539,750.4145336151123
Track,706,0.44424208998680115,0.6948499083518982,852.9448127746582,750.43790102005
Track,707,0.4442352056503296,0.6948509812355042,852.9315948486328,750.4390597343445
Track,708,0.44422635436058044,0.6948473453521729,852.9146003723145,750.4351329803467
Track,709,0.44425883889198303,0.6948464512825012,852.9769706726074,750.4341673851013
Track,710,0.44425883889198303,0.6948464512825012,852.9769706726074,750.4341673851013
Track,711,0.4452413320541382,0.6935054659843445,854.8633575439453,748.985903263092
Track,712,0.4452369511127472,0.6935046911239624,854.8549461364746,748.9850664138794
Track,713,0.4452085793018341,0.6935124397277832,854.8004722595215,748.9934349060059
Track,714,0.44520363211631775,0.6935171484947205,854.7909736633301,748.9985203742981
Track,715,0.4451914429664612,0.693515956401825,854.7675704956055,748.997232913971
Track,716,0.4452049434185028,0.6935144066810608,854.7934913635254,748.9955592155457
Track,717,0.445203959941864,0.6935320496559143,854.7916030883789,749.0146136283875
Track,718,0.446047306060791,0.6940127611160278,856.4108276367188,749.5337820053101
Track,719,0.446047306060791,0.6940127611160278,856.4108276367188,749.5337820053101
Track,720,0.4461016356945038,0.6940348148345947,856.5151405334473,749.5576000213623
Track,721,0.44602665305137634,0.6940301060676575,856.3711738586426,749.5525145530701
Track,722,0.44601133465766907,0.6940225958824158,856.3417625427246,749.544403553009
Track,723,0.4459792673587799,0.694007396697998,856.2801933288574,749.5279884338379
Track,724,0.4459918439388275,0.694021463394165,856.3043403625488,749.5431804656982
Track,725,0.4459918439388275,0.694021463394165,856.3043403625488,749.5431804656982
Track,726,0.446908563375473,0.6920506954193115,858.0644416809082,747.4147510528564
Track,727,0.44692462682724,0.6920631527900696,858.0952835083008,747.4282050132751
Track,728,0.44691386818885803,0.6920550465583801,858.0746269226074,747.4194502830505
Track,729,0.44690224528312683,0.6920396685600281,858.0523109436035,747.4028420448303
Track,730,0.44687619805336,0.6920979022979736,858.0023002624512,747.4657344818115
Track,731,0.4468899071216583,0.692097544670105,858.028621673584,747.4653482437134
Track,732,0.44687360525131226,0.6921032667160034,857.9973220825195,747.4715280532837
Track,733,0.44687363505363464,0.6915199756622314,857.9973793029785,746.84157371521
Track,734,0.44687363505363464,0.6915199756622314,857.9973793029785,746.84157371521
Track,735,0.4468783140182495,0.6914757490158081,858.0063629150391,746.7938089370728
Track,736,0.44687098264694214,0.6914932131767273,857.9922866821289,746.8126702308655
Track,737,0.4468393921852112,0.6915091276168823,857.9316329956055,746.8298578262329
Track,738,0.4468640387058258,0.6915140151977539,857.9789543151855,746.8351364135742
Track,739,0.44599804282188416,0.6899799704551697,856.3162422180176,745.1783680915833
Track,740,0.44599804282188416,0.6899799704551697,856.3162422180176,745.1783680915833
Track,741,0.4459821581840515,0.6899548172950745,856.2857437133789,745.1512026786804
Track,742,0.4459396004676819,0.6899215579032898,856.2040328979492,745.115282535553
Track,743,0.4459491968154907,0.6899431943893433,856.2224578857422,745.1386499404907
Track,744,0.4459912180900574,0.6899422407150269,856.3031387329102,745.137619972229
Track,745,0.44597378373146057,0.6899431347846985,856.2696647644043,745.1385855674744
Track,746,0.4463828504085541,0.6903885006904602,857.0550727844238,745.619580745697
Track,747,0.446379154920578,0.690392255783081,857.0479774475098,745.6236362457275
Track,748,0.44638791680336,0.6903947591781616,857.0648002624512,745.6263399124146
Track,749,0.4463678002357483,0.6903915405273438,857.0261764526367,745.6228637695312
Track,750,0.44636693596839905,0.6903749704360962,857.0245170593262,745.6049680709839
Track,751,0.44636020064353943,0.6903814077377319,857.0115852355957,745.6119203567505
Track,752,0.44532233476638794,0.690247118473053,855.0188827514648,745.4668879508972
Track,753,0.44532233476638794,0.690247118473053,855.0188827514648,745.4668879508972
Track,754,0.445328027009964,0.6902438402175903,855.0298118591309,745.4633474349976
Track,755,0.44532907009124756,0.6902452707290649,855.0318145751953,745.4648923873901
Track,756,0.4453277885913849,0.6902456283569336,855.029354095459,745.4652786254883
Track,757,0.44531214237213135,0.690238893032074,854.9993133544922,745.4580044746399
Track,758,0.4453142285346985,0.6902371644973755,855.0033187866211,745.4561376571655
Track,759,0.4453280568122864,0.6902374029159546,855.0298690795898,745.456395149231
Track,760,0.4453282654285431,0.6902386546134949,855.0302696228027,745.4577469825745
Track,761,0.4449380338191986,0.6909131407737732,854.2810249328613,746.186192035675
Track,762,0.4449380338191986,0.6909131407737732,854.2810249328613,746.186192035675
Track,763,0.44492974877357483,0.6909529566764832,854.2651176452637,746.2291932106018
Track,764,0.44492974877357483,0.6909529566764832,854.2651176452637,746.2291932106018
Track,765,0.44494661688804626,0.6909295916557312,854.2975044250488,746.2039589881897
Track,766,0.44529587030410767,0.6915364861488342,854.9680709838867,746.859405040741
Track,767,0.4452827572822571,0.6915450096130371,854.9428939819336,746.8686103820801
Track,768,0.4452914595603943,0.6915402412414551,854.959602355957,746.8634605407715
Track,769,0.44526776671409607,0.6915601491928101,854.9141120910645,746.8849611282349
Track,770,0.44529104232788086,0.6915884017944336,854.9588012695312,746.9154739379883
Track,771,0.44523730874061584,0.6915770173072815,854.8556327819824,746.903178691864
Track,772,0.44516250491142273,0.6915722489356995,854.7120094299316,746.8980288505554
Track,773,0.4451476037502289,0.6915662884712219,854.6833992004395,746.8915915489197
Track,774,0.4455532431602478,0.6919924020767212,855.4622268676758,747.3517942428589
Track,775,0.44553273916244507,0.6919944882392883,855.4228591918945,747.3540472984314
Track,776,0.4455247223377228,0.6920070052146912,855.4074668884277,747.3675656318665
Track,777,0.44552770256996155,0.6920164227485657,855.4131889343262,747.3777365684509
Track,778,0.44552335143089294,0.6919824481010437,855.4048347473145,747.3410439491272
Track,779,0.445523738861084,0.6919823884963989,855.4055786132812,747.3409795761108
Track,780,0.445523738861084,0.6919823884963989,855.4055786132812,747.3409795761108
Track,781,0.4460460841655731,0.6923398971557617,856.4084815979004,747.7270889282227
Track,782,0.44605129957199097,0.6923223733901978,856.4184951782227,747.7081632614136
Track,783,0.4460470974445343,0.6923258900642395,856.4104270935059,747.7119612693787
Track,784,0.44605714082717896,0.6923159956932068,856.4297103881836,747.7012753486633
Track,785,0.4460502564907074,0.6923084855079651,856.4164924621582,747.6931643486023
Track,786,0.44602590799331665,0.6923297643661499,856.369743347168,747.7161455154419
Track,787,0.44605377316474915,0.6923190355300903,856.4232444763184,747.7045583724976
Track,788,0.4460555613040924,0.6923182010650635,856.4266777038574,747.7036571502686
Track,789,0.445715069770813,0.693237841129303,855.7729339599609,748.6968684196472
Track,790,0.4456529915332794,0.6932324171066284,855.6537437438965,748.6910104751587
Track,791,0.44562146067619324,0.6932371258735657,855.593204498291,748.6960959434509
Track,792,0.4456547498703003,0.6932374835014343,855.6571197509766,748.6964821815491
Track,793,0.4456317126750946,0.693242609500885,855.6128883361816,748.7020182609558
Track,794,0.4464741349220276,0.693282425403595,857.230339050293,748.7450194358826
Track,795,0.4464741349220276,0.693282425403595,857.230339050293,748.7450194358826
Track,796,0.44649186730384827,0.6932809352874756,857.2643852233887,748.7434101104736
Track,797,0.4465082585811615,0.6932983994483948,857.2958564758301,748.7622714042664
Track,798,0.44647136330604553,0.6932823061943054,857.2250175476074,748.7448906898499
Track,799,0.44645342230796814,0.6932834386825562,857.1905708312988,748.7461137771606
Track,800,0.44642627239227295,0.6932510733604431,857.1384429931641,748.7111592292786
Track,801,0.44642627239227295,0.6932510733604431,857.1384429931641,748.7111592292786
Track,802,0.44695761799812317,0.6936252117156982,858.1586265563965,749.1152286529541
Track,803,0.44696125388145447,0.693634033203125,858.1656074523926,749.124755859375
Track,804,0.44696828722953796,0.6936354041099548,858.1791114807129,749.1262364387512
Track,805,0.44696930050849915,0.6936410665512085,858.1810569763184,749.1323518753052
Track,806,0.4469599723815918,0.6936355829238892,858.1631469726562,749.1264295578003
Track,807,0.44700324535369873,0.6936299204826355,858.2462310791016,749.1203141212463
Track,808,0.44701141119003296,0.6936126947402954,858.2619094848633,749.101710319519
Track,809,0.447120726108551,0.6936712861061096,858.471794128418,749.1649889945984
Track,810,0.447120726108551,0.6936713457107544,858.471794128418,749.1650533676147
Track,811,0.4471348524093628,0.6936689615249634,858.4989166259766,749.1624784469604
Track,812,0.4471149444580078,0.6936869025230408,858.460693359375,749.181854724884
Track,813,0.4471330940723419,0.6936883330345154,858.4955406188965,749.1833996772766
Track,814,0.44712594151496887,0.6936923861503601,858.4818077087402,749.1877770423889
Track,815,0.4471164643764496,0.6936940550804138,858.4636116027832,749.1895794868469
Track,816,0.44662538170814514,0.6936303973197937,857.5207328796387,749.1208291053772
Track,817,0.44662538170814514,0.6936303973197937,857.5207328796387,749.1208291053772
Track,818,0.4465859532356262,0.6936286687850952,857.4450302124023,749.1189622879028
Track,819,0.4465938210487366,0.6936250925064087,857.4601364135742,749.1150999069214
Track,820,0.4466046988964081,0.69362872838974,857.4810218811035,749.1190266609192
Track,821,0.4466046988964081,0.69362872838974,857.4810218811035,749.1190266609192
Track,822,0.445787250995636,0.6927793622016907,855.9115219116211,748.2017111778259
Track,823,0.4457431137561798,0.6927720904350281,855.8267784118652,748.1938576698303
Track,824,0.4458010494709015,0.692735493183136,855.9380149841309,748.1543326377869
Track,825,0.4457763135433197,0.6927778124809265,855.8905220031738,748.2000374794006
Track,826,0.4457964301109314,0.6927786469459534,855.9291458129883,748.2009387016296
Track,827,0.44580861926078796,0.6927895545959473,855.9525489807129,748.212718963623
Track,828,0.44573959708213806,0.6927778124809265,855.8200263977051,748.2000374794006
Track,829,0.4457520842552185,0.6927582621574402,855.8440017700195,748.1789231300354
Track,830,0.4457510709762573,0.6927580237388611,855.8420562744141,748.17866563797
Track,831,0.44512230157852173,0.6923448443412781,854.6348190307617,747.7324318885803
Track,832,0.4451206922531128,0.6923303604125977,854.6317291259766,747.7167892456055
Track,833,0.4450766146183014,0.6923344135284424,854.5471000671387,747.7211666107178
Track,834,0.4450790584087372,0.6923478245735168,854.5517921447754,747.7356505393982
Track,835,0.4451003968715668,0.6923288702964783,854.5927619934082,747.7151799201965
Track,836,0.4451003968715668,0.6923288702964783,854.5927619934082,747.7151799201965
Track,837,0.4454762041568756,0.692501425743103,855.3143119812012,747.9015398025513
Track,838,0.445492148399353,0.6925410628318787,855.3449249267578,747.944347858429
Track,839,0.4454878866672516,0.692559003829956,855.336742401123,747.9637241363525
Track,840,0.44544076919555664,0.6924571990966797,855.2462768554688,747.8537750244141
Track,841,0.44540590047836304,0.6924583315849304,855.179328918457,747.8549981117249
Track,842,0.44543176889419556,0.692457377910614,855.2289962768555,747.8539681434631
Track,843,0.44543176889419556,0.692457377910614,855.2289962768555,747.8539681434631
Track,844,0.44558125734329224,0.6921595931053162,855.5160140991211,747.5323605537415
Track,845,0.44556760787963867,0.6921831369400024,855.4898071289062,747.5577878952026
Track,846,0.44554051756858826,0.6921746134757996,855.4377937316895,747.5485825538635
Track,847,0.4455050528049469,0.692169725894928,855.369701385498,747.5433039665222
Track,848,0.4455183744430542,0.6921464204788208,855.3952789306641,747.5181341171265
Track,849,0.4455183744430542,0.6921464204788208,855.3952789306641,747.5181341171265
Track,850,0.44469985365867615,0.6910269260406494,853.8237190246582,746.3090801239014
Track,851,0.4446766972541809,0.6910363435745239,853.7792587280273,746.3192510604858
Track,852,0.4446754455566406,0.6910377144813538,853.77685546875,746.3207316398621
Track,853,0.4446561634540558,0.6910548806190491,853.7398338317871,746.339271068573
Track,854,0.44462135434150696,0.6910549402236938,853.6730003356934,746.3393354415894
Track,855,0.4446152448654175,0.6910645961761475,853.6612701416016,746.3497638702393
Track,856,0.4446210563182831,0.691073477268219,853.6724281311035,746.3593554496765
Track,857,0.4457445442676544,0.689116895198822,855.8295249938965,744.2462468147278
Track,858,0.4457445442676544,0.689116895198822,855.8295249938965,744.2462468147278
Track,859,0.44571730494499207,0.6891487240791321,855.7772254943848,744.2806220054626
Track,860,0.44570091366767883,0.6891315579414368,855.7457542419434,744.2620825767517
Track,861,0.4457108676433563,0.6890926957130432,855.7648658752441,744.2201113700867
Track,862,0.44570353627204895,0.6890885829925537,855.750789642334,744.215669631958
Track,863,0.44570353627204895,0.6890885829925537,855.750789642334,744.215669631958
Track,864,0.446471244096756,0.6896489858627319,857.2247886657715,744.8209047317505
Track,865,0.446471244096756,0.6896489858627319,857.2247886657715,744.8209047317505
Track,866,0.4464735686779022,0.6896570324897766,857.2292518615723,744.8295950889587
Track,867,0.446453720331192,0.6896461248397827,857.1911430358887,744.8178148269653
Track,868,0.4464625120162964,0.68964022397995,857.2080230712891,744.811441898346
Track,869,0.4464629888534546,0.6896367073059082,857.2089385986328,744.8076438903809
Track,870,0.44647422432899475,0.6896640062332153,857.2305107116699,744.8371267318726
Track,871,0.4464654326438904,0.6896759867668152,857.2136306762695,744.8500657081604
Track,872,0.4461844563484192,0.690175473690033,856.6741561889648,745.3895115852356
Track,873,0.4461844563484192,0.690175473690033,856.6741561889648,745.3895115852356
Track,874,0.44619467854499817,0.6901796460151672,856.6937828063965,745.3940176963806
Track,875,0.4462049901485443,0.6901928782463074,856.7135810852051,745.408308506012
Track,876,0.446206659078598,0.6901952028274536,856.7167854309082,745.4108190536499
Track,877,0.44622477889060974,0.6901987195014954,856.7515754699707,745.414617061615
Track,878,0.44622477889060974,0.6901987195014954,856.7515754699707,745.414617061615
Track,879,0.446178138256073,0.6910638213157654,856.6620254516602,746.3489270210266
Track,880,0.446178138256073,0.6910638213157654,856.6620254516602,746.3489270210266
Track,881,0.44619885087013245,0.6910701990127563,856.7017936706543,746.3558149337769
Track,882,0.4461982548236847,0.6910701990127563,856.7006492614746,746.3558149337769
Track,883,0.44619858264923096,0.6910869479179382,856.7012786865234,746.3739037513733
Track,884,0.44619855284690857,0.6910869479179382,856.7012214660645,746.3739037513733
Track,885,0.4461846351623535,0.6910804510116577,856.6744995117188,746.3668870925903
Track,886,0.44560638070106506,0.6904677152633667,855.5642509460449,745.705132484436
Track,887,0.4456172287464142,0.6904608607292175,855.5850791931152,745.6977295875549
Track,888,0.44556769728660583,0.6904731392860413,855.4899787902832,745.7109904289246
Track,889,0.44555333256721497,0.6904733777046204,855.4623985290527,745.71124792099
Track,890,0.44552868604660034,0.6904716491699219,855.4150772094727,745.7093811035156
Track,891,0.44552868604660034,0.6904716491699219,855.4150772094727,745.7093811035156
Track,892,0.446281373500824,0.6907761693000793,856.860237121582,746.0382628440857
Track,893,0.4462505877017975,0.690771758556366,856.8011283874512,746.0334992408752
Track,894,0.4461892545223236,0.6907849907875061,856.6833686828613,746.0477900505066
Track,895,0.4462140202522278,0.6907826066017151,856.7309188842773,746.0452151298523
Track,896,0.44624292850494385,0.6907801628112793,856.7864227294922,746.0425758361816
Track,897,0.44624292850494385,0.6907801628112793,856.7864227294922,746.0425758361816
Track,898,0.4462495744228363,0.6907800436019897,856.7991828918457,746.0424470901489
Track,899,0.44623127579689026,0.6907966136932373,856.7640495300293,746.0603427886963
Track,900,0.4462423324584961,0.6908209323883057,856.7852783203125,746.0866069793701
Track,901,0.44624218344688416,0.6908054947853088,856.7849922180176,746.0699343681335
Track,902,0.4462493658065796,0.6908193826675415,856.7987823486328,746.0849332809448
Track,903,0.44624775648117065,0.6908068060874939,856.7956924438477,746.0713505744934
Track,904,0.4462405741214752,0.6908093690872192,856.7819023132324,746.0741186141968
Track,905,0.44624942541122437,0.690811038017273,856.7988967895508,746.0759210586548
Track,906,0.44624942541122437,0.690811038017273,856.7988967895508,746.0759210586548
Track,907,0.44594329595565796,0.6909675598144531,856.2111282348633,746.2449645996094
Track,908,0.44587817788124084,0.6909635663032532,856.0861015319824,746.2406516075134
Track,909,0.44589465856552124,0.6909478306770325,856.1177444458008,746.2236571311951
Track,910,0.44585302472114563,0.690941333770752,856.0378074645996,746.2166404724121
Track,911,0.44585901498794556,0.6909392476081848,856.0493087768555,746.2143874168396
Track,912,0.4458521008491516,0.690944492816925,856.0360336303711,746.220052242279
Track,913,0.44584792852401733,0.6909525394439697,856.0280227661133,746.2287425994873
Track,914,0.4457198679447174,0.6903330087661743,855.7821464538574,745.5596494674683
Track,915,0.4457198679447174,0.6903330087661743,855.7821464538574,745.5596494674683
Track,916,0.44572675228118896,0.6903406977653503,855.7953643798828,745.5679535865784
Track,917,0.44570493698120117,0.6903524398803711,855.7534790039062,745.5806350708008
Track,918,0.44571515917778015,0.6903629302978516,855.7731056213379,745.5919647216797
Track,919,0.4456940293312073,0.6903620958328247,855.732536315918,745.5910634994507
Track,920,0.4459790587425232,0.6898772120475769,856.2797927856445,745.067389011383
Track,921,0.4459790587425232,0.6898772120475769,856.2797927856445,745.067389011383
Track,922,0.4459839165210724,0.6898754835128784,856.289119720459,745.0655221939087
Track,923,0.4460065960884094,0.6898707151412964,856.3326644897461,745.0603723526001
Track,924,0.4460069537162781,0.6898705363273621,856.3333511352539,745.060179233551
Track,925,0.44601473212242126,0.6898845434188843,856.3482856750488,745.075306892395
Track,926,0.4460146725177765,0.6898844242095947,856.3481712341309,745.0751781463623
Track,927,0.44615980982780457,0.690392255783081,856.6268348693848,745.6236362457275
Track,928,0.4461597502231598,0.6903920769691467,856.6267204284668,745.6234431266785
Track,929,0.44616058468818665,0.6903862357139587,856.6283226013184,745.6171345710754
Track,930,0.44616052508354187,0.6903862357139587,856.6282081604004,745.6171345710754
Track,931,0.44616803526878357,0.6903775334358215,856.6426277160645,745.6077361106873
Track,932,0.4461508095264435,0.6903815269470215,856.6095542907715,745.6120491027832
Track,933,0.44616276025772095,0.6903795003890991,856.6324996948242,745.609860420227
Track,934,0.4468446969985962,0.6911719441413879,857.9418182373047,746.465699672699
Track,935,0.44680899381637573,0.6911864280700684,857.8732681274414,746.4813423156738
Track,936,0.4468045234680176,0.6911764144897461,857.8646850585938,746.4705276489258
Track,937,0.4467964470386505,0.6911666393280029,857.849178314209,746.4599704742432
Track,938,0.4468039572238922,0.6911565065383911,857.863597869873,746.4490270614624
Track,939,0.4468075633049011,0.6911827325820923,857.8705215454102,746.4773511886597
Track,940,0.4468199610710144,0.6911815404891968,857.8943252563477,746.4760637283325
Track,941,0.4468199610710144,0.6911815404891968,857.8943252563477,746.4760637283325
Track,942,0.4473605453968048,0.6907299757003784,858.9322471618652,745.9883737564087
Track,943,0.4473605453968048,0.6907299757003784,858.9322471618652,745.9883737564087
Track,944,0.4473375380039215,0.6907546520233154,858.8880729675293,746.0150241851807
Track,945,0.447316974401474,0.6907532215118408,858.8485908508301,746.0134792327881
Track,946,0.44731464982032776,0.6907477378845215,858.8441276550293,746.0075569152832
Track,947,0.44731464982032776,0.6907477378845215,858.8441276550293,746.0075569152832
Track,948,0.44731462001800537,0.6907477378845215,858.8440704345703,746.0075569152832
Track,949,0.4474685788154602,0.6907448172569275,859.1396713256836,746.0044026374817
Track,950,0.44745704531669617,0.690742552280426,859.1175270080566,746.0019564628601
Track,951,0.4474242031574249,0.6907750964164734,859.0544700622559,746.0371041297913
Track,952,0.4474349021911621,0.6907761096954346,859.0750122070312,746.0381984710693
Track,953,0.44744542241096497,0.6907515525817871,859.0952110290527,746.0116767883301
Track,954,0.44744542241096497,0.6907515525817871,859.0952110290527,746.0116767883301
Track,955,0.449099063873291,0.6906635165214539,862.2702026367188,745.9165978431702
Track,956,0.44908851385116577,0.6906735897064209,862.2499465942383,745.9274768829346
Track,957,0.44910022616386414,0.6906648278236389,862.2724342346191,745.91801404953
Track,958,0.4490942656993866,0.6906657814979553,862.2609901428223,745.9190440177917
Track,959,0.44910913705825806,0.6906688213348389,862.2895431518555,745.922327041626
Track,960,0.44910162687301636,0.6906770467758179,862.2751235961914,745.9312105178833
Track,961,0.4490933120250702,0.690682590007782,862.2591590881348,745.9371972084045
Track,962,0.4493032991886139,0.6907368898391724,862.6623344421387,745.9958410263062
Track,963,0.4493033289909363,0.6907368898391724,862.6623916625977,745.9958410263062
Track,964,0.4493812918663025,0.6907179951667786,862.8120803833008,745.9754347801208
Track,965,0.4493808150291443,0.6907165050506592,862.811164855957,745.9738254547119
Track,966,0.44941943883895874,0.6907199025154114,862.8853225708008,745.9774947166443
Track,967,0.4494197964668274,0.6907260417938232,862.8860092163086,745.9841251373291
Track,968,0.4486575126647949,0.6904422640800476,861.4224243164062,745.6776452064514
Track,969,0.4486575126647949,0.6904422640800476,861.4224243164062,745.6776452064514
Track,970,0.44866684079170227,0.6904289722442627,861.4403343200684,745.6632900238037
Track,971,0.44859927892684937,0.6904091835021973,861.3106155395508,745.641918182373
Track,972,0.4485921263694763,0.6904692649841309,861.2968826293945,745.7068061828613
Track,973,0.4485519826412201,0.6904478073120117,861.2198066711426,745.6836318969727
Track,974,0.44855403900146484,0.690463662147522,861.2237548828125,745.7007551193237
Track,975,0.4485262930393219,0.6904573440551758,861.170482635498,745.6939315795898
Track,976,0.4485338032245636,0.6904478669166565,861.1849021911621,745.683696269989
Track,977,0.447969526052475,0.6903601288795471,860.101490020752,745.5889391899109
Track,978,0.447969526052475,0.6903601288795471,860.101490020752,745.5889391899109
Track,979,0.4480014443397522,0.690341055393219,860.1627731323242,745.5683398246765
Track,980,0.4480057656764984,0.6903635263442993,860.171070098877,745.5926084518433
Track,981,0.44794806838035583,0.690343976020813,860.0602912902832,745.571494102478
Track,982,0.44794905185699463,0.690353274345398,860.0621795654297,745.5815362930298
Track,983,0.4479367136955261,0.690355122089386,860.0384902954102,745.5835318565369
Track,984,0.44766220450401306,0.6906203031539917,859.5114326477051,745.869927406311
Track,985,0.4476623237133026,0.6906203627586365,859.511661529541,745.8699917793274
Track,986,0.44762182235717773,0.6906282305717468,859.4338989257812,745.8784890174866
Track,987,0.4475756883621216,0.6906332969665527,859.3453216552734,745.883960723877
Track,988,0.44757887721061707,0.6906309723854065,859.3514442443848,745.881450176239
Track,989,0.44759315252304077,0.6906269192695618,859.3788528442383,745.8770728111267
Track,990,0.4472377598285675,0.6896367073059082,858.6964988708496,744.8076438903809
Track,991,0.44723793864250183,0.6896365284919739,858.6968421936035,744.8074507713318
Track,992,0.4472164213657379,0.6896505355834961,858.6555290222168,744.8225784301758
Track,993,0.44721895456314087,0.6896509528160095,858.6603927612305,744.8230290412903
Track,994,0.4472282826900482,0.6896548271179199,858.6783027648926,744.8272132873535
Track,995,0.4472257196903229,0.6896976828575134,858.6733818054199,744.8734974861145
Track,996,0.4472257196903229,0.6896976828575134,858.6733818054199,744.8734974861145
Track,997,0.4472042918205261,0.689522385597229,858.6322402954102,744.6841764450073
Track,998,0.4471825957298279,0.6895233988761902,858.5905838012695,744.6852707862854
Track,999,0.44712767004966736,0.6895263195037842,858.4851264953613,744.6884250640869
Track,1000,0.44710299372673035,0.6895467638969421,858.4377479553223,744.7105050086975
Track,1001,0.4471704065799713,0.6895367503166199,858.5671806335449,744.6996903419495
Track,1002,0.4471682608127594,0.689555823802948,858.563060760498,744.7202897071838
Track,1003,0.4471447765827179,0.6895514130592346,858.5179710388184,744.7155261039734
Track,1004,0.4471452832221985,0.6895606517791748,858.5189437866211,744.7255039215088
Track,1005,0.4469311535358429,0.690429151058197,858.1078147888184,745.6634831428528
Track,1006,0.4469311833381653,0.690429151058197,858.1078720092773,745.6634831428528
Track,1007,0.4469311833381653,0.690429151058197,858.1078720092773,745.6634831428528
Track,1008,0.4469009041786194,0.6904228329658508,858.0497360229492,745.6566596031189
Track,1009,0.4469009041786194,0.6904228329658508,858.0497360229492,745.6566596031189
Track,1010,0.44651296734809875,0.6911507248878479,857.3048973083496,746.4427828788757
Track,1011,0.4465157091617584,0.6911517977714539,857.3101615905762,746.4439415931702
Track,1012,0.4465232193470001,0.6911458373069763,857.3245811462402,746.4375042915344
Track,1013,0.44652578234672546,0.6911484599113464,857.3295021057129,746.4403367042542
Track,1014,0.44651180505752563,0.6911590695381165,857.3026657104492,746.4517951011658
Track,1015,0.44651180505752563,0.6911590695381165,857.3026657104492,746.4517951011658
Track,1016,0.4465130567550659,0.691156268119812,857.3050689697266,746.448769569397
Track,1017,0.4465130567550659,0.691156268119812,857.3050689697266,746.448769569397
Track,1018,0.44653141498565674,0.6910678744316101,857.3403167724609,746.3533043861389
Track,1019,0.44652435183525085,0.6910672783851624,857.3267555236816,746.3526606559753
Track,1020,0.44652196764945984,0.6910864114761353,857.3221778869629,746.3733243942261
Track,1021,0.4465188682079315,0.6910845041275024,857.3162269592285,746.3712644577026
Track,1022,0.4464744031429291,0.691108226776123,857.2308540344238,746.3968849182129
Track,1023,0.4464667737483978,0.6910995244979858,857.2162055969238,746.3874864578247
Track,1024,0.4464667737483978,0.6910995244979858,857.2162055969238,746.3874864578247
Track,1025,0.4460962116718292,0.6907733082771301,856.5047264099121,746.0351729393005
Track,1026,0.44607287645339966,0.6907665729522705,856.4599227905273,746.0278987884521
Track,1027,0.44607487320899963,0.6907674670219421,856.4637565612793,746.0288643836975
Track,1028,0.44609367847442627,0.6907756328582764,856.4998626708984,746.0376834869385
Track,1029,0.44609004259109497,0.6907608509063721,856.4928817749023,746.0217189788818
Track,1030,0.446046382188797,0.6907655000686646,856.4090538024902,746.0267400741577
Track,1031,0.4460699260234833,0.6907662153244019,856.4542579650879,746.027512550354
Track,1032,0.4450182020664215,0.688066840171814,854.4349479675293,743.1121873855591
Track,1033,0.4450182020664215,0.688066840171814,854.4349479675293,743.1121873855591
Track,1034,0.44501739740371704,0.6880682110786438,854.4334030151367,743.1136679649353
Track,1035,0.44498777389526367,0.6880559325218201,854.3765258789062,743.1004071235657
Track,1036,0.4450049102306366,0.6880789995193481,854.4094276428223,743.125319480896
Track,1037,0.445019394159317,0.6880847215652466,854.4372367858887,743.1314992904663
Track,1038,0.44558000564575195,0.6884503960609436,855.5136108398438,743.5264277458191
Track,1039,0.44558000564575195,0.6884503960609436,855.5136108398438,743.5264277458191
Track,1040,0.44556939601898193,0.6884540319442749,855.4932403564453,743.5303544998169
Track,1041,0.4455523192882538,0.6884554028511047,855.4604530334473,743.5318350791931
Track,1042,0.44554489850997925,0.6884570121765137,855.4462051391602,743.5335731506348
Track,1043,0.4455080032348633,0.6884514093399048,855.3753662109375,743.5275220870972
Track,1044,0.4455021917819977,0.6884492635726929,855.3642082214355,743.5252046585083
Track,1045,0.4455386698246002,0.688449501991272,855.4342460632324,743.5254621505737
Track,1046,0.4455081820487976,0.6884629130363464,855.3757095336914,743.5399460792542
Track,1047,0.4464288651943207,0.6893183588981628,857.1434211730957,744.4638276100159
Track,1048,0.4464288651943207,0.6893183588981628,857.1434211730957,744.4638276100159
Track,1049,0.44646942615509033,0.6893306374549866,857.2212982177734,744.4770884513855
Track,1050,0.44644448161125183,0.6893069744110107,857.1734046936035,744.4515323638916
Track,1051,0.44645971059799194,0.689311146736145,857.2026443481445,744.4560384750366
Track,1052,0.4464245140552521,0.6892927885055542,857.135066986084,744.4362115859985
Track,1053,0.4463726282119751,0.6894940137863159,857.0354461669922,744.6535348892212
Track,1054,0.4464535117149353,0.6895078420639038,857.1907424926758,744.6684694290161
Track,1055,0.44641485810279846,0.6895038485527039,857.116527557373,744.6641564369202
Track,1056,0.44637206196784973,0.6894779205322266,857.0343589782715,744.6361541748047
Track,1057,0.4463804066181183,0.6894809007644653,857.0503807067871,744.6393728256226
Track,1058,0.4463692903518677,0.6894769668579102,857.0290374755859,744.635124206543
Track,1059,0.4463691711425781,0.6894771456718445,857.02880859375,744.635317325592
Track,1060,0.4452768862247467,0.6896246671676636,854.9316215515137,744.7946405410767
Track,1061,0.44526129961013794,0.6896329522132874,854.9016952514648,744.8035883903503
Track,1062,0.44522562623023987,0.6896502375602722,854.8332023620605,744.822256565094
Track,1063,0.44514551758766174,0.6896485686302185,854.6793937683105,744.820454120636
Track,1064,0.4451756179332733,0.6896486282348633,854.7371864318848,744.8205184936523
Track,1065,0.445192813873291,0.6896427273750305,854.7702026367188,744.814145565033
Track,1066,0.4450131058692932,0.6894261837005615,854.425163269043,744.5802783966064
Track,1067,0.4450131058692932,0.6894261837005615,854.425163269043,744.5802783966064
Track,1068,0.44502416253089905,0.6894466876983643,854.4463920593262,744.6024227142334
Track,1069,0.44501712918281555,0.6894059777259827,854.4328880310059,744.5584559440613
Track,1070,0.4450142979621887,0.6894083023071289,854.4274520874023,744.5609664916992
Track,1071,0.4450207054615021,0.6893935799598694,854.439754486084,744.5450663566589
Track,1072,0.4450238347053528,0.6893944144248962,854.4457626342773,744.5459675788879
Track,1073,0.4450344741344452,0.6893880367279053,854.4661903381348,744.5390796661377
Track,1074,0.445033460855484,0.6893900036811829,854.4642448425293,744.5412039756775
Track,1075,0.4454435706138611,0.6897152662277222,855.2516555786133,744.8924875259399
Track,1076,0.4455007314682007,0.6897140741348267,855.3614044189453,744.8912000656128
Track,1077,0.4454355835914612,0.6897222399711609,855.2363204956055,744.9000191688538
Track,1078,0.44545313715934753,0.6896718144416809,855.2700233459473,744.8455595970154
Track,1079,0.44542375206947327,0.6897185444831848,855.2136039733887,744.8960280418396
Track,1080,0.4455426335334778,0.6901973485946655,855.4418563842773,745.4131364822388
Track,1081,0.4455426335334778,0.6901973485946655,855.4418563842773,745.4131364822388
Track,1082,0.445538729429245,0.69017094373703,855.4343605041504,745.3846192359924
Track,1083,0.4455515146255493,0.6901789307594299,855.4589080810547,745.3932452201843
Track,1084,0.4455204904079437,0.6902081370353699,855.399341583252,745.4247879981995
Track,1085,0.44552356004714966,0.6902198195457458,855.4052352905273,745.4374051094055
Track,1086,0.44553342461586,0.6902212500572205,855.4241752624512,745.4389500617981
Track,1087,0.44553342461586,0.6902212500572205,855.4241752624512,745.4389500617981
Track,1088,0.44526320695877075,0.6906800866127014,854.9053573608398,745.9344935417175
Track,1089,0.44526779651641846,0.6906641125679016,854.9141693115234,745.9172415733337
Track,1090,0.4452592730522156,0.6906678080558777,854.8978042602539,745.9212327003479
Track,1091,0.44523900747299194,0.6906854510307312,854.8588943481445,745.9402871131897
Track,1092,0.44521692395210266,0.6906846165657043,854.8164939880371,745.9393858909607
Track,1093,0.4452211558818817,0.690646231174469,854.8246192932129,745.8979296684265
Track,1094,0.4452204406261444,0.6906454563140869,854.8232460021973,745.8970928192139
Track,1095,0.44434991478919983,0.6907209157943726,853.1518363952637,745.9785890579224
Track,1096,0.44434991478919983,0.6907209157943726,853.1518363952637,745.9785890579224
Track,1097,0.4443766176700592,0.6907368302345276,853.2031059265137,745.9957766532898
Track,1098,0.4443838894367218,0.6907445192337036,853.2170677185059,746.0040807723999
Track,1099,0.44433432817459106,0.690738320350647,853.1219100952148,745.9973859786987
Track,1100,0.4443309009075165,0.6907455325126648,853.1153297424316,746.005175113678
Track,1101,0.444388747215271,0.6907418370246887,853.2263946533203,746.0011839866638
Track,1102,0.44529059529304504,0.691051185131073,854.9579429626465,746.3352799415588
Track,1103,0.44529062509536743,0.6910512447357178,854.9580001831055,746.3353443145752
Track,1104,0.44529396295547485,0.691015899181366,854.9644088745117,746.2971711158752
Track,1105,0.4452652335166931,0.6910459995269775,854.9092483520508,746.3296794891357
Track,1106,0.44527551531791687,0.6910192370414734,854.9289894104004,746.3007760047913
Track,1107,0.44527292251586914,0.6910215616226196,854.9240112304688,746.3032865524292
Track,1108,0.44499319791793823,0.6912329792976379,854.3869400024414,746.531617641449
Track,1109,0.44507095217704773,0.6912251710891724,854.5362281799316,746.5231847763062
Track,1110,0.4450331926345825,0.691237211227417,854.4637298583984,746.5361881256104
Track,1111,0.4450577199459076,0.6912356615066528,854.5108222961426,746.5345144271851
Track,1112,0.4450465142726898,0.6912356615066528,854.4893074035645,746.5345144271851
Track,1113,0.4450463652610779,0.6912363171577454,854.4890213012695,746.535222530365
Track,1114,0.4448762834072113,0.69047611951828,854.1624641418457,745.7142090797424
Track,1115,0.44486066699028015,0.690478503704071,854.1324806213379,745.7167840003967
Track,1116,0.44489428400993347,0.690498411655426,854.1970252990723,745.7382845878601
Track,1117,0.44489428400993347,0.690498411655426,854.1970252990723,745.7382845878601
Track,1118,0.4448947310447693,0.6904937624931335,854.197883605957,745.7332634925842
Track,1119,0.444862425327301,0.6905370354652405,854.135856628418,745.7799983024597
Track,1120,0.44486385583877563,0.6905359625816345,854.1386032104492,745.7788395881653
Track,1121,0.4448855519294739,0.6905485987663269,854.1802597045898,745.792486667633
Track,1122,0.4448855519294739,0.6905485987663269,854.1802597045898,745.792486667633
Track,1123,0.4444371461868286,0.6909348368644714,853.3193206787109,746.2096238136292
Track,1124,0.4444750249385834,0.6909404397010803,853.3920478820801,746.2156748771667
Track,1125,0.4444018602371216,0.690946102142334,853.2515716552734,746.2217903137207
Track,1126,0.4444502890110016,0.6909590363502502,853.344554901123,746.2357592582703
Track,1127,0.44443464279174805,0.6909700036048889,853.3145141601562,746.24760389328
Track,1128,0.44444265961647034,0.6909531950950623,853.329906463623,746.2294507026672
Track,1129,0.44444265961647034,0.6909531950950623,853.329906463623,746.2294507026672
Track,1130,0.44537878036499023,0.6907719969749451,855.1272583007812,746.0337567329407
Track,1131,0.4453367590904236,0.690799355506897,855.0465774536133,746.0633039474487
Track,1132,0.44538480043411255,0.690811812877655,855.1388168334961,746.0767579078674
Track,1133,0.4453833997249603,0.6908267140388489,855.1361274719238,746.0928511619568
Track,1134,0.4454289674758911,0.6908238530158997,855.2236175537109,746.0897612571716
Track,1135,0.4454289674758911,0.6908238530158997,855.2236175537109,746.0897612571716
Track,1136,0.44588330388069153,0.6900838613510132,856.0959434509277,745.2905702590942
Track,1137,0.44592106342315674,0.6900838613510132,856.1684417724609,745.2905702590942
Track,1138,0.44583073258399963,0.6900599002838135,855.9950065612793,745.2646923065186
Track,1139,0.4458356499671936,0.6900699138641357,856.0044479370117,745.2755069732666
Track,1140,0.445914626121521,0.6900585293769836,856.1560821533203,745.2632117271423
Track,1141,0.44593575596809387,0.6900739669799805,856.1966514587402,745.2798843383789
Track,1142,0.4459410607814789,0.6900792121887207,856.2068367004395,745.2855491638184
Track,1143,0.4459080994129181,0.6900674104690552,856.1435508728027,745.2728033065796
Track,1144,0.4459080994129181,0.6900674104690552,856.1435508728027,745.2728033065796
Track,1145,0.44511088728904724,0.6893514394760132,854.6129035949707,744.4995546340942
Track,1146,0.4450775682926178,0.6893147826194763,854.5489311218262,744.4599652290344
Track,1147,0.4450503885746002,0.6893036365509033,854.4967460632324,744.4479274749756
Track,1148,0.445061594247818,0.6893070340156555,854.5182609558105,744.451596736908
Track,1149,0.4450532793998718,0.6892995238304138,854.5022964477539,744.4434857368469
Track,1150,0.4445362687110901,0.6885040402412415,853.509635925293,743.5843634605408
Track,1151,0.4445362687110901,0.6885040402412415,853.509635925293,743.5843634605408
Track,1152,0.4446319043636322,0.688527524471283,853.6932563781738,743.6097264289856
Track,1153,0.444646954536438,0.688517153263092,853.7221527099609,743.5985255241394
Track,1154,0.44461509585380554,0.6885383725166321,853.6609840393066,743.6214423179626
Track,1155,0.4446149468421936,0.6885392069816589,853.6606979370117,743.6223435401917
Track,1156,0.44351357221603394,0.6879242658615112,851.5460586547852,742.9582071304321
Track,1157,0.44351357221603394,0.6879242658615112,851.5460586547852,742.9582071304321
Track,1158,0.4435177743434906,0.6879756450653076,851.554126739502,743.0136966705322
Track,1159,0.44352254271507263,0.6879742741584778,851.5632820129395,743.012216091156
Track,1160,0.4435267746448517,0.6879794001579285,851.5714073181152,743.0177521705627
Track,1161,0.4435023367404938,0.6879775524139404,851.524486541748,743.0157566070557
Track,1162,0.4434892237186432,0.6879807710647583,851.4993095397949,743.019232749939
Track,1163,0.44346490502357483,0.6879717707633972,851.4526176452637,743.009512424469
Track,1164,0.4437772333621979,0.6879587769508362,852.0522880554199,742.9954791069031
Track,1165,0.4437772333621979,0.6879587769508362,852.0522880554199,742.9954791069031
Track,1166,0.4437769055366516,0.6879591941833496,852.0516586303711,742.9959297180176
Track,1167,0.44378861784935,0.687974214553833,852.074146270752,743.0121517181396
Track,1168,0.4438243508338928,0.6879780292510986,852.1427536010742,743.0162715911865
Track,1169,0.4438379108905792,0.6879734992980957,852.1687889099121,743.0113792419434
Track,1170,0.44382545351982117,0.6879615783691406,852.1448707580566,742.9985046386719
Track,1171,0.4438273310661316,0.6879678964614868,852.1484756469727,743.0053281784058
Track,1172,0.4438086450099945,0.6879631280899048,852.1125984191895,743.0001783370972
Track,1173,0.44452688097953796,0.6880032420158386,853.4916114807129,743.0435013771057
Track,1174,0.4445081949234009,0.6880047917366028,853.4557342529297,743.045175075531
Track,1175,0.4445081949234009,0.6880047917366028,853.4557342529297,743.045175075531
Track,1176,0.4445222318172455,0.6880073547363281,853.4826850891113,743.0479431152344
Track,1177,0.4445222318172455,0.6880073547363281,853.4826850891113,743.0479431152344
Track,1178,0.4446893036365509,0.6885861158370972,853.8034629821777,743.6730051040649
Track,1179,0.44466957449913025,0.6885778903961182,853.7655830383301,743.6641216278076
Track,1180,0.44466888904571533,0.6885880827903748,853.7642669677734,743.6751294136047
Track,1181,0.44465693831443787,0.6885989904403687,853.7413215637207,743.6869096755981
Track,1182,0.44459447264671326,0.6885882616043091,853.6213874816895,743.6753225326538
Track,1183,0.44459447264671326,0.6885882616043091,853.6213874816895,743.6753225326538
Track,1184,0.44592082500457764,0.6888470649719238,856.1679840087891,743.9548301696777
Track,1185,0.44592273235321045,0.6888278126716614,856.1716461181641,743.9340376853943
Track,1186,0.44591495394706726,0.6888259053230286,856.1567115783691,743.9319777488708
Track,1187,0.4459112286567688,0.6888301372528076,856.1495590209961,743.9365482330322
Track,1188,0.44586488604545593,0.6888425350189209,856.0605812072754,743.9499378204346
Track,1189,0.4458707273006439,0.6888439059257507,856.0717964172363,743.9514183998108
Track,1190,0.44588109850883484,0.6888470649719238,856.0917091369629,743.9548301696777
Track,1191,0.44589516520500183,0.6888457536697388,856.1187171936035,743.9534139633179
Track,1192,0.44589516520500183,0.6888457536697388,856.1187171936035,743.9534139633179
Track,1193,0.44589129090309143,0.6894543170928955,856.1112785339355,744.6106624603271
Track,1194,0.44585591554641724,0.6894634962081909,856.0433578491211,744.6205759048462
Track,1195,0.4458466172218323,0.6894606947898865,856.025505065918,744.6175503730774
Track,1196,0.4458543062210083,0.6894572377204895,856.0402679443359,744.6138167381287
Track,1197,0.44586431980133057,0.6894372701644897,856.0594940185547,744.5922517776489
Track,1198,0.44586339592933655,0.6894376873970032,856.0577201843262,744.5927023887634
Track,1199,0.4458596110343933,0.6894450187683105,856.0504531860352,744.6006202697754
Track,1200,0.4457111060619354,0.6894259452819824,855.765323638916,744.580020904541
Track,1201,0.4457111060619354,0.6894259452819824,855.765323638916,744.580020904541
Track,1202,0.44574740529060364,0.689409077167511,855.835018157959,744.5618033409119
Track,1203,0.4457671344280243,0.6894116997718811,855.8728981018066,744.5646357536316
Track,1204,0.4457579255104065,0.6894717812538147,855.8552169799805,744.6295237541199
Track,1205,0.44577378034591675,0.6894894242286682,855.8856582641602,744.6485781669617
Track,1206,0.44447633624076843,0.6878979802131653,853.3945655822754,742.9298186302185
Track,1207,0.44447633624076843,0.6878979802131653,853.3945655822754,742.9298186302185
Track,1208,0.44447633624076843,0.6878974437713623,853.3945655822754,742.9292392730713
Track,1209,0.44449061155319214,0.6878877878189087,853.4219741821289,742.9188108444214
Track,1210,0.44445696473121643,0.687882661819458,853.3573722839355,742.9132747650146
Track,1211,0.4444313645362854,0.6879069209098816,853.308219909668,742.9394745826721
Track,1212,0.44395485520362854,0.6875826120376587,852.3933219909668,742.5892210006714
Track,1213,0.44395485520362854,0.6875826120376587,852.3933219909668,742.5892210006714
Track,1214,0.44393929839134216,0.6875860691070557,852.363452911377,742.5929546356201
Track,1215,0.44392961263656616,0.6875653862953186,852.344856262207,742.5706171989441
Track,1216,0.4439215064048767,0.6875615119934082,852.3292922973633,742.5664329528809
Track,1217,0.44389426708221436,0.6875296831130981,852.2769927978516,742.532057762146
Track,1218,0.4438481330871582,0.6875289678573608,852.1884155273438,742.5312852859497
Track,1219,0.4439406394958496,0.6875557899475098,852.3660278320312,742.5602531433105
Track,1220,0.44391337037086487,0.6875499486923218,852.3136711120605,742.5539445877075
Track,1221,0.44351789355278015,0.6877564191818237,851.5543556213379,742.7769327163696
Track,1222,0.4434610903263092,0.6878092288970947,851.4452934265137,742.8339672088623
Track,1223,0.4434610903263092,0.6878092288970947,851.4452934265137,742.8339672088623
Track,1224,0.4435001313686371,0.6877968907356262,851.5202522277832,742.8206419944763
Track,1225,0.4435001313686371,0.6877968907356262,851.5202522277832,742.8206419944763
Track,1226,0.4437171518802643,0.6884675025939941,851.9369316101074,743.5449028015137
Track,1227,0.44371330738067627,0.6884738206863403,851.9295501708984,743.5517263412476
Track,1228,0.4437069594860077,0.6884836554527283,851.9173622131348,743.5623478889465
Track,1229,0.443717360496521,0.6884892582893372,851.9373321533203,743.5683989524841
Track,1230,0.44368255138397217,0.6885186433792114,851.8704986572266,743.6001348495483
Track,1231,0.44367310404777527,0.6885136365890503,851.8523597717285,743.5947275161743
Track,1232,0.44365447759628296,0.6884909868240356,851.8165969848633,743.5702657699585
Track,1233,0.44365447759628296,0.6884909868240356,851.8165969848633,743.5702657699585
Track,1234,0.4437422454357147,0.6876689791679382,851.9851112365723,742.6824975013733
Track,1235,0.4437620937824249,0.6876705884933472,852.0232200622559,742.6842355728149
Track,1236,0.443737655878067,0.6876647472381592,851.9762992858887,742.6779270172119
Track,1237,0.44370800256729126,0.6876605153083801,851.9193649291992,742.6733565330505
Track,1238,0.44375330209732056,0.6876673698425293,852.0063400268555,742.6807594299316
Track,1239,0.443751722574234,0.6876699924468994,852.0033073425293,742.6835918426514
Track,1240,0.4437187910079956,0.6876698136329651,851.9400787353516,742.6833987236023
Track,1241,0.4437198042869568,0.6876575946807861,851.942024230957,742.670202255249
Track,1242,0.443739116191864,0.6876619458198547,851.9791030883789,742.6749014854431
Track,1243,0.44321003556251526,0.6882094740867615,850.9632682800293,743.2662320137024
Track,1244,0.44321209192276,0.6882084012031555,850.9672164916992,743.265073299408
Track,1245,0.44322773814201355,0.688214898109436,850.997257232666,743.2720899581909
Track,1246,0.4431942105293274,0.6882110834121704,850.9328842163086,743.267970085144
Track,1247,0.44316914677619934,0.6882100701332092,850.8847618103027,743.266875743866
Track,1248,0.4435330331325531,0.6884207725524902,851.583423614502,743.4944343566895
Track,1249,0.4435330331325531,0.6884207725524902,851.583423614502,743.4944343566895
Track,1250,0.44363898038864136,0.6884015202522278,851.7868423461914,743.473641872406
Track,1251,0.44363293051719666,0.6884483695030212,851.7752265930176,743.5242390632629
Track,1252,0.44363296031951904,0.6884645819664001,851.7752838134766,743.5417485237122
Track,1253,0.44363296031951904,0.6884645819664001,851.7752838134766,743.5417485237122
Track,1254,0.44378775358200073,0.6887072324752808,852.0724868774414,743.8038110733032
Track,1255,0.44373682141304016,0.6887503266334534,851.9746971130371,743.8503527641296
Track,1256,0.4436807930469513,0.6887739300727844,851.8671226501465,743.8758444786072
Track,1257,0.4436754584312439,0.68879634141922,851.8568801879883,743.9000487327576
Track,1258,0.4436808228492737,0.6887627840042114,851.8671798706055,743.8638067245483
Track,1259,0.4436861574649811,0.6887738108634949,851.8774223327637,743.8757157325745
Track,1260,0.44368478655815125,0.6887553334236145,851.8747901916504,743.8557600975037
Track,1261,0.4436849057674408,0.6887552738189697,851.8750190734863,743.8556957244873
Track,1262,0.4436848759651184,0.6887552738189697,851.8749618530273,743.8556957244873
Track,1263,0.4434141516685486,0.6887022852897644,851.3551712036133,743.7984681129456
Track,1264,0.44344642758369446,0.6886911392211914,851.4171409606934,743.7864303588867
Track,1265,0.4434564709663391,0.6886954307556152,851.4364242553711,743.7910652160645
Track,1266,0.4434508681297302,0.6886752843856812,851.425666809082,743.7693071365356
Track,1267,0.4434242844581604,0.688708484172821,851.374626159668,743.8051629066467
Track,1268,0.4434242844581604,0.688708484172821,851.374626159668,743.8051629066467
Track,1269,0.4435638189315796,0.6881933808326721,851.6425323486328,743.2488512992859
Track,1270,0.44359534978866577,0.6882030963897705,851.7030715942383,743.2593441009521
Track,1271,0.443593293428421,0.6882044672966003,851.6991233825684,743.2608246803284
Track,1272,0.44356968998908997,0.6882073283195496,851.6538047790527,743.2639145851135
Track,1273,0.4435954988002777,0.688178300857544,851.7033576965332,743.2325649261475
Track,1274,0.4436088502407074,0.6881629228591919,851.7289924621582,743.2159566879272
Track,1275,0.4436182677745819,0.6881366968154907,851.7470741271973,743.18763256073
Track,1276,0.44342368841171265,0.6865682601928711,851.3734817504883,741.4937210083008
Track,1277,0.44342368841171265,0.6865682601928711,851.3734817504883,741.4937210083008
Track,1278,0.4434448182582855,0.6866329908370972,851.4140510559082,741.5636301040649
Track,1279,0.443419486284256,0.6865988373756409,851.3654136657715,741.5267443656921
Track,1280,0.44345253705978394,0.686607301235199,851.4288711547852,741.5358853340149
Track,1281,0.44342899322509766,0.6865918040275574,851.3836669921875,741.519148349762
Track,1282,0.44371193647384644,0.6868205666542053,851.9269180297852,741.7662119865417
Track,1283,0.44371193647384644,0.6868205666542053,851.9269180297852,741.7662119865417
Track,1284,0.4437548518180847,0.6868588328361511,852.0093154907227,741.8075394630432
Track,1285,0.443738728761673,0.6868385672569275,851.9783592224121,741.7856526374817
Track,1286,0.4437514543533325,0.6868534088134766,852.0027923583984,741.8016815185547
Track,1287,0.44370386004447937,0.6868505477905273,851.9114112854004,741.7985916137695
Track,1288,0.44373124837875366,0.6868331432342529,851.963996887207,741.7797946929932
Track,1289,0.4436894953250885,0.6868128180503845,851.8838310241699,741.7578434944153
Track,1290,0.4436635971069336,0.6867862939834595,851.8341064453125,741.7291975021362
Track,1291,0.44350922107696533,0.6867722272872925,851.5377044677734,741.7140054702759
Track,1292,0.44350922107696533,0.6867722272872925,851.5377044677734,741.7140054702759
Track,1293,0.44353824853897095,0.6867594122886658,851.5934371948242,741.700165271759
Track,1294,0.44352614879608154,0.6867863535881042,851.5702056884766,741.7292618751526
Track,1295,0.44352614879608154,0.6867863535881042,851.5702056884766,741.7292618751526
Track,1296,0.4432993233203888,0.6866881847381592,851.1347007751465,741.6232395172119
Track,1297,0.44331952929496765,0.6866933703422546,851.1734962463379,741.628839969635
Track,1298,0.44330844283103943,0.6866807341575623,851.1522102355957,741.6151928901672
Track,1299,0.4433085024356842,0.6866728663444519,851.1523246765137,741.606695652008
Track,1300,0.4432794451713562,0.6866574287414551,851.0965347290039,741.5900230407715
Track,1301,0.4432794451713562,0.6866574287414551,851.0965347290039,741.5900230407715
Track,1302,0.44334354996681213,0.6872245669364929,851.2196159362793,742.2025322914124
Track,1303,0.4433315694332123,0.6872381567955017,851.1966133117676,742.2172093391418
Track,1304,0.44333431124687195,0.6872673630714417,851.2018775939941,742.248752117157
Track,1305,0.4433479309082031,0.6872631311416626,851.22802734375,742.2441816329956
Track,1306,0.4433407783508301,0.6872615218162537,851.2142944335938,742.242443561554
Track,1307,0.44330036640167236,0.6872575283050537,851.1367034912109,742.238130569458
Track,1308,0.44331541657447815,0.6872692704200745,851.165599822998,742.2508120536804
Track,1309,0.4433145523071289,0.6872692704200745,851.1639404296875,742.2508120536804
Track,1310,0.4433145225048065,0.6872692704200745,851.1638832092285,742.2508120536804
Track,1311,0.44446563720703125,0.6871392726898193,853.3740234375,742.1104145050049
Track,1312,0.4444390535354614,0.6871433854103088,853.3229827880859,742.1148562431335
Track,1313,0.44445982575416565,0.6871448159217834,853.362865447998,742.1164011955261
Track,1314,0.4444393813610077,0.6871522068977356,853.3236122131348,742.1243834495544
Track,1315,0.44443172216415405,0.687169075012207,853.3089065551758,742.1426010131836
Track,1316,0.44448283314704895,0.6871570944786072,853.407039642334,742.1296620368958
Track,1317,0.44446295499801636,0.6871522665023804,853.3688735961914,742.1244478225708
Track,1318,0.44391873478889465,0.6872485280036926,852.3239707946777,742.228410243988
Track,1319,0.44391873478889465,0.6872485280036926,852.3239707946777,742.228410243988
Track,1320,0.44384250044822693,0.6872468590736389,852.1776008605957,742.22660779953
Track,1321,0.44383060932159424,0.6872302293777466,852.1547698974609,742.2086477279663
Track,1322,0.4438075125217438,0.687226414680481,852.110424041748,742.2045278549194
Track,1323,0.44380298256874084,0.687221109867096,852.1017265319824,742.1987986564636
Track,1324,0.44431522488594055,0.6868215799331665,853.0852317810059,741.7673063278198
Track,1325,0.44431522488594055,0.6868215799331665,853.0852317810059,741.7673063278198
Track,1326,0.44431349635124207,0.6868104338645935,853.0819129943848,741.755268573761
Track,1327,0.4443182945251465,0.6868147850036621,853.0911254882812,741.7599678039551
Track,1328,0.44441741704940796,0.6868019700050354,853.2814407348633,741.7461276054382
Track,1329,0.4443953335285187,0.6867938041687012,853.2390403747559,741.7373085021973
Track,1330,0.4443867802619934,0.6867942810058594,853.2226181030273,741.7378234863281
Track,1331,0.4443867802619934,0.6867942810058594,853.2226181030273,741.7378234863281
Track,1332,0.44437316060066223,0.6862275004386902,853.1964683532715,741.1257004737854
Track,1333,0.4443236291408539,0.6862267255783081,853.1013679504395,741.1248636245728
Track,1334,0.44434764981269836,0.6862489581108093,853.1474876403809,741.1488747596741
Track,1335,0.44433143734931946,0.6862632036209106,853.1163597106934,741.1642599105835
Track,1336,0.4443731904029846,0.6862672567367554,853.1965255737305,741.1686372756958
Track,1337,0.4443678557872772,0.6862788200378418,853.1862831115723,741.1811256408691
Track,1338,0.4443691670894623,0.6862754225730896,853.1888008117676,741.1774563789368
Track,1339,0.44415321946144104,0.686198353767395,852.7741813659668,741.0942220687866
Track,1340,0.44415321946144104,0.686198353767395,852.7741813659668,741.0942220687866
Track,1341,0.44415706396102905,0.6861986517906189,852.7815628051758,741.0945439338684
Track,1342,0.4441685080528259,0.6862214207649231,852.8035354614258,741.119134426117
Track,1343,0.4441685080528259,0.6862214207649231,852.8035354614258,741.119134426117
Track,1344,0.4448585510253906,0.686384379863739,854.12841796875,741.2951302528381
Track,1345,0.4448532164096832,0.6864126920700073,854.1181755065918,741.3257074356079
Track,1346,0.44486454129219055,0.6864205002784729,854.1399192810059,741.3341403007507
Track,1347,0.444857656955719,0.6864175200462341,854.1267013549805,741.3309216499329
Track,1348,0.44484442472457886,0.6864486336708069,854.1012954711914,741.3645243644714
Track,1349,0.44484174251556396,0.6864138841629028,854.0961456298828,741.3269948959351
Track,1350,0.44486817717552185,0.6864201426506042,854.146900177002,741.3337540626526
Track,1351,0.44486817717552185,0.6864201426506042,854.146900177002,741.3337540626526
Track,1352,0.444248229265213,0.6860209703445435,852.956600189209,740.9026479721069
Track,1353,0.44427651166915894,0.6860049962997437,853.0109024047852,740.8853960037231
Track,1354,0.44422289729118347,0.6860183477401733,852.9079627990723,740.8998155593872
Track,1355,0.4442487359046936,0.6860461235046387,852.9575729370117,740.9298133850098
Track,1356,0.44424593448638916,0.6860345005989075,852.9521942138672,740.9172606468201
Track,1357,0.4442221224308014,0.6860482692718506,852.9064750671387,740.9321308135986
Track,1358,0.44425833225250244,0.6860451698303223,852.9759979248047,740.928783416748
Track,1359,0.4442592263221741,0.6860539317131042,852.9777145385742,740.9382462501526
Track,1360,0.4442592263221741,0.6860539317131042,852.9777145385742,740.9382462501526
Track,1361,0.4443170726299286,0.6859451532363892,853.0887794494629,740.8207654953003
Track,1362,0.4443289339542389,0.685954749584198,853.1115531921387,740.8311295509338
Track,1363,0.44433218240737915,0.6860020160675049,853.117790222168,740.8821773529053
Track,1364,0.44430068135261536,0.6859883069992065,853.0573081970215,740.8673715591431
Track,1365,0.44432532787323,0.6859736442565918,853.1046295166016,740.8515357971191
Track,1366,0.4443109631538391,0.6859694123268127,853.0770492553711,740.8469653129578
Track,1367,0.4446623921394348,0.6865065693855286,853.7517929077148,741.4270949363708
Track,1368,0.4446623921394348,0.6865065693855286,853.7517929077148,741.4270949363708
Track,1369,0.44465211033821106,0.6864820122718811,853.7320518493652,741.4005732536316
Track,1370,0.44457384943962097,0.6865250468254089,853.5817909240723,741.4470505714417
Track,1371,0.44460412859916687,0.6865288615226746,853.6399269104004,741.4511704444885
Track,1372,0.4452705979347229,0.6863947510719299,854.919548034668,741.3063311576843
Track,1373,0.4452705979347229,0.6863947510719299,854.919548034668,741.3063311576843
Track,1374,0.44524726271629333,0.6863833665847778,854.8747444152832,741.2940359115601
Track,1375,0.4452376365661621,0.6863662004470825,854.8562622070312,741.2754964828491
Track,1376,0.4452461898326874,0.6863299608230591,854.8726844787598,741.2363576889038
Track,1377,0.44522789120674133,0.6863331198692322,854.8375511169434,741.2397694587708
Track,1378,0.4452125132083893,0.6863315105438232,854.8080253601074,741.2380313873291
Track,1379,0.4452125132083893,0.6863315105438232,854.8080253601074,741.2380313873291
Track,1380,0.4451143145561218,0.6860319972038269,854.6194839477539,740.914556980133
Track,1381,0.44510728120803833,0.6860249638557434,854.6059799194336,740.9069609642029
Track,1382,0.44508880376815796,0.6860313415527344,854.5705032348633,740.9138488769531
Track,1383,0.44509026408195496,0.686026394367218,854.5733070373535,740.9085059165955
Track,1384,0.4451083540916443,0.6860203146934509,854.608039855957,740.901939868927
Track,1385,0.44510355591773987,0.6860182881355286,854.5988273620605,740.8997511863708
Track,1386,0.4450766444206238,0.6860185861587524,854.5471572875977,740.9000730514526
Track,1387,0.4450743794441223,0.6860266327857971,854.5428085327148,740.9087634086609
Track,1388,0.4450743794441223,0.6860266327857971,854.5428085327148,740.9087634086609
Track,1389,0.4453878104686737,0.685255229473114,855.1445960998535,740.0756478309631
Track,1390,0.44537973403930664,0.6852128505706787,855.1290893554688,740.029878616333
Track,1391,0.4453281760215759,0.6852201819419861,855.0300979614258,740.037796497345
Track,1392,0.44534873962402344,0.6852620244026184,855.069580078125,740.0829863548279
Track,1393,0.44535011053085327,0.6852611303329468,855.0722122192383,740.0820207595825
Track,1394,0.44519364833831787,0.6846591234207153,854.7718048095703,739.4318532943726
Track,1395,0.44519364833831787,0.6846591234207153,854.7718048095703,739.4318532943726
Track,1396,0.4451482892036438,0.6846339702606201,854.6847152709961,739.4046878814697
Track,1397,0.4451461136341095,0.6846255660057068,854.6805381774902,739.3956112861633
Track,1398,0.4452034533023834,0.6846244931221008,854.7906303405762,739.3944525718689
Track,1399,0.4452034533023834,0.6846244931221008,854.7906303405762,739.3944525718689
Track,1400,0.4455709159374237,0.6848108768463135,855.4961585998535,739.5957469940186
Track,1401,0.44557034969329834,0.6848101615905762,855.4950714111328,739.5949745178223
Track,1402,0.445563405752182,0.6848074197769165,855.4817390441895,739.5920133590698
Track,1403,0.4455265402793884,0.6848257780075073,855.4109573364258,739.6118402481079
Track,1404,0.445511132478714,0.6847839951515198,855.3813743591309,739.5667147636414
Track,1405,0.4454897940158844,0.6848040819168091,855.340404510498,739.5884084701538
Track,1406,0.44551220536231995,0.6847924590110779,855.3834342956543,739.5758557319641
Track,1407,0.4454949200153351,0.684846043586731,855.3502464294434,739.6337270736694
Track,1408,0.44550275802612305,0.6848394274711609,855.3652954101562,739.6265816688538
Track,1409,0.44601142406463623,0.684986412525177,856.3419342041016,739.7853255271912
Track,1410,0.4460102617740631,0.6849850416183472,856.3397026062012,739.7838449478149
Track,1411,0.44600436091423035,0.6849708557128906,856.3283729553223,739.7685241699219
Track,1412,0.4460449814796448,0.6849603056907654,856.406364440918,739.7571301460266
Track,1413,0.44606420397758484,0.6849585771560669,856.4432716369629,739.7552633285522
Track,1414,0.44638970494270325,0.6851553916931152,857.0682334899902,739.9678230285645
Track,1415,0.44638970494270325,0.6851553916931152,857.0682334899902,739.9678230285645
Track,1416,0.4464227557182312,0.6851588487625122,857.1316909790039,739.9715566635132
Track,1417,0.4464239776134491,0.6851745247840881,857.1340370178223,739.9884867668152
Track,1418,0.4464384615421295,0.6851728558540344,857.1618461608887,739.9866843223572
Track,1419,0.44642528891563416,0.6851871013641357,857.1365547180176,740.0020694732666
Track,1420,0.4464331269264221,0.6851779222488403,857.1516036987305,739.9921560287476
Track,1421,0.4464331269264221,0.6851779222488403,857.1516036987305,739.9921560287476
Track,1422,0.44621142745018005,0.6855649352073669,856.7259407043457,740.4101300239563
Track,1423,0.4461904466152191,0.6855738759040833,856.6856575012207,740.4197859764099
Track,1424,0.44622763991355896,0.6856105923652649,856.7570686340332,740.4594397544861
Track,1425,0.44623616337776184,0.6856086850166321,856.7734336853027,740.4573798179626
Track,1426,0.44619789719581604,0.6856080293655396,856.6999626159668,740.4566717147827
Track,1427,0.4461776316165924,0.6856143474578857,856.6610527038574,740.4634952545166
Track,1428,0.4461623430252075,0.6856133341789246,856.6316986083984,740.4624009132385
Track,1429,0.446161687374115,0.6856138110160828,856.6304397583008,740.4629158973694
Track,1430,0.446161687374115,0.6856138110160828,856.6304397583008,740.4629158973694
Track,1431,0.4463883340358734,0.6864120960235596,857.065601348877,741.3250637054443
Track,1432,0.4463755488395691,0.6864006519317627,857.0410537719727,741.3127040863037
Track,1433,0.4463648796081543,0.6864061951637268,857.0205688476562,741.318690776825
Track,1434,0.446348637342453,0.6864080429077148,856.9893836975098,741.320686340332
Track,1435,0.4463493227958679,0.686410665512085,856.9906997680664,741.3235187530518
Track,1436,0.4463493227958679,0.686410665512085,856.9906997680664,741.3235187530518
Track,1437,0.4456302523612976,0.688175618648529,855.6100845336914,743.2296681404114
Track,1438,0.44556134939193726,0.688235342502594,855.4777908325195,743.2941699028015
Track,1439,0.4455747902393341,0.6882342100143433,855.5035972595215,743.2929468154907
Track,1440,0.445621520280838,0.688246488571167,855.593318939209,743.3062076568604
Track,1441,0.44563552737236023,0.688247561454773,855.6202125549316,743.3073663711548
Track,1442,0.44590523838996887,0.6889702081680298,856.1380577087402,744.0878248214722
Track,1443,0.44590523838996887,0.6889702081680298,856.1380577087402,744.0878248214722
Track,1444,0.44596055150032043,0.6889389157295227,856.2442588806152,744.0540289878845
Track,1445,0.4459594488143921,0.6889421939849854,856.2421417236328,744.0575695037842
Track,1446,0.44595029950141907,0.6889702081680298,856.2245750427246,744.0878248214722
Track,1447,0.4459551274776459,0.6889658570289612,856.2338447570801,744.0831255912781
Track,1448,0.4459463655948639,0.6889512538909912,856.2170219421387,744.0673542022705
Track,1449,0.4459485411643982,0.6889413595199585,856.2211990356445,744.0566682815552
Track,1450,0.4465198516845703,0.6886525750160217,857.318115234375,743.7447810173035
Track,1451,0.4465198218822479,0.6886525750160217,857.318058013916,743.7447810173035
Track,1452,0.44657808542251587,0.6886740922927856,857.4299240112305,743.7680196762085
Track,1453,0.44656598567962646,0.6886837482452393,857.4066925048828,743.7784481048584
Track,1454,0.446565717458725,0.6886823773384094,857.406177520752,743.7769675254822
Track,1455,0.446556955575943,0.6886775493621826,857.3893547058105,743.7717533111572
Track,1456,0.4465545415878296,0.6886781454086304,857.3847198486328,743.7723970413208
Track,1457,0.4459405839443207,0.688515841960907,856.2059211730957,743.5971093177795
Track,1458,0.4459410309791565,0.6885161399841309,856.2067794799805,743.5974311828613
Track,1459,0.4460495710372925,0.6884887218475342,856.4151763916016,743.5678195953369
Track,1460,0.4460495710372925,0.6884887218475342,856.4151763916016,743.5678195953369
Track,1461,0.44606128334999084,0.688506007194519,856.4376640319824,743.5864877700806
Track,1462,0.4460090398788452,0.6884970664978027,856.3373565673828,743.576831817627
Track,1463,0.4460090398788452,0.6884970664978027,856.3373565673828,743.576831817627
Track,1464,0.4478098750114441,0.6880976557731628,859.7949600219727,743.1454682350159
Track,1465,0.44782692193984985,0.6881081461906433,859.8276901245117,743.1567978858948
Track,1466,0.44783875346183777,0.688100278377533,859.8504066467285,743.1483006477356
Track,1467,0.447841078042984,0.6881070733070374,859.8548698425293,743.1556391716003
Track,1468,0.4477883279323578,0.688101589679718,859.753589630127,743.1497168540955
Track,1469,0.4477883279323578,0.688101589679718,859.753589630127,743.1497168540955
Track,1470,0.44688013195991516,0.6871430277824402,858.0098533630371,742.1144700050354
Track,1471,0.446879506111145,0.6871691942214966,858.0086517333984,742.1427297592163
Track,1472,0.4468950629234314,0.6871790289878845,858.0385208129883,742.1533513069153
Track,1473,0.4469014108181,0.6871717572212219,858.050708770752,742.1454977989197
Track,1474,0.44688886404037476,0.6871320605278015,858.0266189575195,742.1026253700256
Track,1475,0.446902334690094,0.6871340870857239,858.0524826049805,742.1048140525818
Track,1476,0.4468635320663452,0.6871660351753235,857.9779815673828,742.1393179893494
Track,1477,0.4468635320663452,0.6871660351753235,857.9779815673828,742.1393179893494
Track,1478,0.44737958908081055,0.6875095367431641,858.9688110351562,742.5102996826172
Track,1479,0.44737958908081055,0.6875095367431641,858.9688110351562,742.5102996826172
Track,1480,0.44737115502357483,0.6875073909759521,858.9526176452637,742.5079822540283
Track,1481,0.44739148020744324,0.6875535249710083,858.991641998291,742.557806968689
Track,1482,0.44741660356521606,0.6875469088554382,859.0398788452148,742.5506615638733
Track,1483,0.44735094904899597,0.6875603199005127,858.9138221740723,742.5651454925537
Track,1484,0.44735094904899597,0.6875603199005127,858.9138221740723,742.5651454925537
Track,1485,0.44692525267601013,0.6870121955871582,858.0964851379395,741.9731712341309
Track,1486,0.44695380330085754,0.6870448589324951,858.1513023376465,742.0084476470947
Track,1487,0.4469483196735382,0.6870374083518982,858.1407737731934,742.00040102005
Track,1488,0.44696271419525146,0.6870297789573669,858.1684112548828,741.9921612739563
Track,1489,0.44695237278938293,0.6870002746582031,858.1485557556152,741.9602966308594
Track,1490,0.44694194197654724,0.687000572681427,858.1285285949707,741.9606184959412
Track,1491,0.44690829515457153,0.68701171875,858.0639266967773,741.97265625
Track,1492,0.44672518968582153,0.6861163377761841,857.7123641967773,741.0056447982788
Track,1493,0.44672518968582153,0.6861163377761841,857.7123641967773,741.0056447982788
Track,1494,0.44674164056777954,0.6861294507980347,857.7439498901367,741.0198068618774
Track,1495,0.44671520590782166,0.6861283183097839,857.6931953430176,741.0185837745667
Track,1496,0.44669681787490845,0.6861305236816406,857.6578903198242,741.0209655761719
Track,1497,0.4466976523399353,0.6861141920089722,857.6594924926758,741.0033273696899
Track,1498,0.44615358114242554,0.6856101155281067,856.614875793457,740.4589247703552
Track,1499,0.44615358114242554,0.6856101155281067,856.614875793457,740.4589247703552
Track,1500,0.4461492598056793,0.6856273412704468,856.6065788269043,740.4775285720825
Track,1501,0.4461453855037689,0.6856264472007751,856.5991401672363,740.4765629768372
Track,1502,0.4461391866207123,0.6856316924095154,856.5872383117676,740.4822278022766
Track,1503,0.4461391866207123,0.6856316924095154,856.5872383117676,740.4822278022766
Track,1504,0.44613930583000183,0.6856335401535034,856.5874671936035,740.4842233657837
Track,1505,0.44612541794776917,0.6856547594070435,856.5608024597168,740.5071401596069
Track,1506,0.44612541794776917,0.6856547594070435,856.5608024597168,740.5071401596069
Track,1507,0.4462238550186157,0.6853592395782471,856.7498016357422,740.1879787445068
Track,1508,0.4462132155895233,0.6853752136230469,856.7293739318848,740.2052307128906
Track,1509,0.4462484121322632,0.6853799819946289,856.7969512939453,740.2103805541992
Track,1510,0.44622406363487244,0.6853790283203125,856.7502021789551,740.2093505859375
Track,1511,0.44622406363487244,0.6853790283203125,856.7502021789551,740.2093505859375
Track,1512,0.44528716802597046,0.6843493580818176,854.9513626098633,739.097306728363
Track,1513,0.44528716802597046,0.6843493580818176,854.9513626098633,739.097306728363
Track,1514,0.4452251195907593,0.6843680143356323,854.8322296142578,739.1174554824829
Track,1515,0.4452251195907593,0.6843680143356323,854.8322296142578,739.1174554824829
Track,1516,0.4452740252017975,0.6843593716621399,854.9261283874512,739.1081213951111
Track,1517,0.44523948431015015,0.6843562126159668,854.8598098754883,739.1047096252441
Track,1518,0.4452495276927948,0.6843489408493042,854.879093170166,739.0968561172485
Track,1519,0.44526413083076477,0.6843430399894714,854.9071311950684,739.0904831886292
Track,1520,0.4442155063152313,0.6843764781951904,852.8937721252441,739.1265964508057
Track,1521,0.4442155063152313,0.6843764781951904,852.8937721252441,739.1265964508057
Track,1522,0.4442155063152313,0.6843764781951904,852.8937721252441,739.1265964508057
Track,1523,0.44420191645622253,0.6843682527542114,852.8676795959473,739.1177129745483
Track,1524,0.4442063570022583,0.6843683123588562,852.8762054443359,739.1177773475647
Track,1525,0.44420963525772095,0.6843684315681458,852.8824996948242,739.1179060935974
Track,1526,0.44313570857048035,0.6844717860221863,850.8205604553223,739.2295289039612
Track,1527,0.44313570857048035,0.6844717860221863,850.8205604553223,739.2295289039612
Track,1528,0.44310885667800903,0.6844607591629028,850.7690048217773,739.2176198959351
Track,1529,0.44311851263046265,0.6844667792320251,850.7875442504883,739.2241215705872
Track,1530,0.44314268231391907,0.6844580769538879,850.8339500427246,739.214723110199
Track,1531,0.4431670606136322,0.6844658851623535,850.8807563781738,739.2231559753418
Track,1532,0.4431590139865875,0.684471607208252,850.865306854248,739.2293357849121
Track,1533,0.44314542412757874,0.6844702363014221,850.8392143249512,739.2278552055359
Track,1534,0.4410536587238312,0.6850967407226562,846.8230247497559,739.9044799804688
Track,1535,0.44102782011032104,0.6850900650024414,846.7734146118164,739.8972702026367
Track,1536,0.441018283367157,0.6850946545600891,846.7551040649414,739.9022269248962
Track,1537,0.4410116970539093,0.6851012706756592,846.7424583435059,739.9093723297119
Track,1538,0.44102171063423157,0.6850918531417847,846.7616844177246,739.8992013931274
Track,1539,0.44102171063423157,0.6850918531417847,846.7616844177246,739.8992013931274
Track,1540,0.44093000888824463,0.6852238178253174,846.5856170654297,740.0417232513428
Track,1541,0.4409085512161255,0.6852302551269531,846.5444183349609,740.0486755371094
Track,1542,0.4408266246318817,0.6852357387542725,846.3871192932129,740.0545978546143
Track,1543,0.44082945585250854,0.6852396726608276,846.3925552368164,740.0588464736938
Track,1544,0.4408343732357025,0.6852374076843262,846.4019966125488,740.0564002990723
Track,1545,0.4408367872238159,0.6852448582649231,846.4066314697266,740.064446926117
Track,1546,0.44083401560783386,0.6852515339851379,846.401309967041,740.071656703949
Track,1547,0.440834641456604,0.6852516531944275,846.4025115966797,740.0717854499817
Track,1548,0.44019079208374023,0.6852250695228577,845.1663208007812,740.0430750846863
Track,1549,0.44019386172294617,0.6852254867553711,845.1722145080566,740.0435256958008
Track,1550,0.4401363730430603,0.685271680355072,845.0618362426758,740.0934147834778
Track,1551,0.4401373863220215,0.685283899307251,845.0637817382812,740.106611251831
Track,1552,0.4401574432849884,0.6852666735649109,845.1022911071777,740.0880074501038
Track,1553,0.44019338488578796,0.6852389574050903,845.1712989807129,740.0580739974976
Track,1554,0.44019338488578796,0.6852389574050903,845.1712989807129,740.0580739974976
Track,1555,0.4402475357055664,0.6857548952102661,845.2752685546875,740.6152868270874
Track,1556,0.44023939967155457,0.6857870817184448,845.2596473693848,740.6500482559204
Track,1557,0.4402652978897095,0.6857633590698242,845.3093719482422,740.6244277954102
Track,1558,0.44022998213768005,0.6858066916465759,845.2415657043457,740.671226978302
Track,1559,0.4402288496494293,0.6858073472976685,845.2393913269043,740.6719350814819
Track,1560,0.4408032298088074,0.6859058737754822,846.3422012329102,740.7783436775208
Track,1561,0.4408032298088074,0.6859058737754822,846.3422012329102,740.7783436775208
Track,1562,0.4408041536808014,0.6859464645385742,846.3439750671387,740.8221817016602
Track,1563,0.44074660539627075,0.685920774936676,846.2334823608398,740.7944369316101
Track,1564,0.44074270129203796,0.6859290599822998,846.2259864807129,740.8033847808838
Track,1565,0.44075819849967957,0.6859204173088074,846.2557411193848,740.794050693512
Track,1566,0.44074776768684387,0.6859225630760193,846.2357139587402,740.7963681221008
Track,1567,0.44078052043914795,0.6859179735183716,846.2985992431641,740.7914113998413
Track,1568,0.44126084446907043,0.6854584217071533,847.2208213806152,740.2950954437256
Track,1569,0.44126084446907043,0.6854584217071533,847.2208213806152,740.2950954437256
Track,1570,0.44127941131591797,0.6854737997055054,847.2564697265625,740.3117036819458
Track,1571,0.4412958323955536,0.6855041980743408,847.2879981994629,740.3445339202881
Track,1572,0.4412272870540619,0.6855109930038452,847.1563911437988,740.3518724441528
Track,1573,0.44123220443725586,0.685509979724884,847.1658325195312,740.3507781028748
Track,1574,0.4412485361099243,0.6855059862136841,847.1971893310547,740.3464651107788
Track,1575,0.4412294924259186,0.6855125427246094,847.1606254577637,740.3535461425781
Track,1576,0.4412238895893097,0.6855143308639526,847.1498680114746,740.3554773330688
Track,1577,0.44145065546035767,0.6860325932502747,847.5852584838867,740.9152007102966
Track,1578,0.44145065546035767,0.6860325932502747,847.5852584838867,740.9152007102966
Track,1579,0.4414372742176056,0.6860352754592896,847.5595664978027,740.9180974960327
Track,1580,0.4414405822753906,0.6860359907150269,847.56591796875,740.918869972229
Track,1581,0.4413847327232361,0.6860470771789551,847.4586868286133,740.9308433532715
Track,1582,0.44032153487205505,0.6863243579864502,845.4173469543457,741.2303066253662
Track,1583,0.44028720259666443,0.6863293647766113,845.3514289855957,741.2357139587402
Track,1584,0.4403270184993744,0.6863031387329102,845.4278755187988,741.207389831543
Track,1585,0.44031134247779846,0.6863075494766235,845.397777557373,741.2121534347534
Track,1586,0.44028908014297485,0.6863061785697937,845.3550338745117,741.2106728553772
Track,1587,0.44028469920158386,0.6863456964492798,845.346622467041,741.2533521652222
Track,1588,0.4403115510940552,0.6863532066345215,845.3981781005859,741.2614631652832
Track,1589,0.44031256437301636,0.6863554120063782,845.4001235961914,741.2638449668884
Track,1590,0.4406186640262604,0.6857697367668152,845.9878349304199,740.6313157081604
Track,1591,0.4406191408634186,0.6857632398605347,845.9887504577637,740.6242990493774
Track,1592,0.4405801594257355,0.685768723487854,845.9139060974121,740.6302213668823
Track,1593,0.4405691921710968,0.6857898831367493,845.8928489685059,740.6530737876892
Track,1594,0.4405392110347748,0.6857456564903259,845.8352851867676,740.605309009552
Track,1595,0.4405392110347748,0.6857456564903259,845.8352851867676,740.605309009552
Track,1596,0.4408186674118042,0.6856030225753784,846.3718414306641,740.4512643814087
Track,1597,0.44082021713256836,0.6856021881103516,846.3748168945312,740.4503631591797
Track,1598,0.4407810866832733,0.6856237053871155,846.2996864318848,740.4736018180847
Track,1599,0.4407810866832733,0.6856237053871155,846.2996864318848,740.4736018180847
Track,1600,0.44078364968299866,0.6856204271316528,846.3046073913574,740.4700613021851
Track,1601,0.4408309757709503,0.6855976581573486,846.3954734802246,740.4454708099365
Track,1602,0.4408309757709503,0.6855976581573486,846.3954734802246,740.4454708099365
Track,1603,0.44102224707603455,0.6853768825531006,846.7627143859863,740.2070331573486
Track,1604,0.44103389978408813,0.6853544116020203,846.7850875854492,740.1827645301819
Track,1605,0.4409828186035156,0.6853779554367065,846.68701171875,740.2081918716431
Track,1606,0.44103583693504333,0.685332715511322,846.7888069152832,740.1593327522278
Track,1607,0.4410015344619751,0.6853411793708801,846.7229461669922,740.1684737205505
Track,1608,0.4409063160419464,0.6853768229484558,846.5401268005371,740.2069687843323
Track,1609,0.4409106373786926,0.6853741407394409,846.5484237670898,740.2040719985962
Track,1610,0.4407462775707245,0.6852436065673828,846.232852935791,740.0630950927734
Track,1611,0.4407462775707245,0.6852436065673828,846.232852935791,740.0630950927734
Track,1612,0.4407186210155487,0.6852746605873108,846.1797523498535,740.0966334342957
Track,1613,0.4407406747341156,0.6852643489837646,846.222095489502,740.0854969024658
Track,1614,0.44080835580825806,0.6852564215660095,846.3520431518555,740.0769352912903
Track,1615,0.44077569246292114,0.685258686542511,846.2893295288086,740.0793814659119
Track,1616,0.44077205657958984,0.6852544546127319,846.2823486328125,740.0748109817505
Track,1617,0.44077205657958984,0.6852544546127319,846.2823486328125,740.0748109817505
Track,1618,0.4411671459674835,0.6849952936172485,847.0409202575684,739.7949171066284
Track,1619,0.4411899447441101,0.6849828362464905,847.0846939086914,739.7814631462097
Track,1620,0.44116729497909546,0.6849843263626099,847.0412063598633,739.7830724716187
Track,1621,0.44117501378059387,0.6849825978279114,847.0560264587402,739.7812056541443
Track,1622,0.44114020466804504,0.6849769949913025,846.9891929626465,739.7751545906067
Track,1623,0.4411124587059021,0.6849757432937622,846.935920715332,739.7738027572632
Track,1624,0.44110971689224243,0.6849982738494873,846.9306564331055,739.7981357574463
Track,1625,0.44085752964019775,0.6852718591690063,846.4464569091797,740.0936079025269
Track,1626,0.44085752964019775,0.6852718591690063,846.4464569091797,740.0936079025269
Track,1627,0.44085079431533813,0.6852733492851257,846.4335250854492,740.0952172279358
Track,1628,0.440816730260849,0.6852818131446838,846.3681221008301,740.1043581962585
Track,1629,0.4408785104751587,0.6852703094482422,846.4867401123047,740.0919342041016
Track,1630,0.43996235728263855,0.685638427734375,844.727725982666,740.489501953125
Track,1631,0.43990713357925415,0.6856481432914734,844.621696472168,740.4999947547913
Track,1632,0.4399084150791168,0.68567955493927,844.6241569519043,740.5339193344116
Track,1633,0.4398910701274872,0.6856810450553894,844.5908546447754,740.5355286598206
Track,1634,0.4398896396160126,0.6856912970542908,844.5881080627441,740.546600818634
Track,1635,0.43990927934646606,0.68569016456604,844.6258163452148,740.5453777313232
Track,1636,0.4399176239967346,0.6857033371925354,844.6418380737305,740.5596041679382
Track,1637,0.4399077296257019,0.6857046484947205,844.6228408813477,740.5610203742981
Track,1638,0.4395860433578491,0.6861615777015686,844.0052032470703,741.0545039176941
Track,1639,0.43960121273994446,0.6861674785614014,844.0343284606934,741.0608768463135
Track,1640,0.4395882487297058,0.6861531734466553,844.0094375610352,741.0454273223877
Track,1641,0.4396035373210907,0.6861667037010193,844.0387916564941,741.0600399971008
Track,1642,0.4395924210548401,0.6861509680747986,844.017448425293,741.0430455207825
Track,1643,0.4396025836467743,0.6861575245857239,844.0369606018066,741.0501265525818
Track,1644,0.43963685631752014,0.6861382126808167,844.1027641296387,741.029269695282
Track,1645,0.4396499693393707,0.6861289143562317,844.1279411315918,741.0192275047302
Track,1646,0.4388104975223541,0.6859973073005676,842.5161552429199,740.877091884613
Track,1647,0.4388104975223541,0.6859973073005676,842.5161552429199,740.877091884613
Track,1648,0.43879035115242004,0.6859757304191589,842.4774742126465,740.8537888526917
Track,1649,0.4387848973274231,0.6859734654426575,842.4670028686523,740.8513426780701
Track,1650,0.4388192594051361,0.6859758496284485,842.5329780578613,740.8539175987244
Track,1651,0.4388107657432556,0.685974657535553,842.5166702270508,740.8526301383972
Track,1652,0.4388107657432556,0.685974657535553,842.5166702270508,740.8526301383972
Track,1653,0.43916332721710205,0.6855528950691223,843.1935882568359,740.3971266746521
Track,1654,0.43915122747421265,0.6855531930923462,843.1703567504883,740.3974485397339
Track,1655,0.43916866183280945,0.6855498552322388,843.2038307189941,740.3938436508179
Track,1656,0.4391697347164154,0.6855334639549255,843.2058906555176,740.3761410713196
Track,1657,0.4391878843307495,0.6855212450027466,843.2407379150391,740.3629446029663
Track,1658,0.43927937746047974,0.6852351427078247,843.4164047241211,740.0539541244507
Track,1659,0.43927937746047974,0.6852351427078247,843.4164047241211,740.0539541244507
Track,1660,0.4393537938594818,0.6852694153785706,843.5592842102051,740.0909686088562
Track,1661,0.4393415153026581,0.6852087378501892,843.5357093811035,740.0254368782043
Track,1662,0.439298152923584,0.6852088570594788,843.4524536132812,740.0255656242371
Track,1663,0.4393046498298645,0.6852110028266907,843.4649276733398,740.0278830528259
Track,1664,0.4393501281738281,0.6852329969406128,843.55224609375,740.0516366958618
Track,1665,0.4393501281738281,0.6852329969406128,843.55224609375,740.0516366958618
Track,1666,0.43954429030418396,0.6857718229293823,843.9250373840332,740.6335687637329
Track,1667,0.4395294785499573,0.685775101184845,843.896598815918,740.6371092796326
Track,1668,0.4395594298839569,0.6857652068138123,843.9541053771973,740.6264233589172
Track,1669,0.43954071402549744,0.6857611536979675,843.9181709289551,740.6220459938049
Track,1670,0.4395762085914612,0.6857575178146362,843.9863204956055,740.6181192398071
Track,1671,0.4395698606967926,0.6857568025588989,843.9741325378418,740.6173467636108
Track,1672,0.4395689368247986,0.6858021020889282,843.9723587036133,740.6662702560425
Track,1673,0.43966570496559143,0.6861797571182251,844.1581535339355,741.0741376876831
Track,1674,0.43966570496559143,0.6861797571182251,844.1581535339355,741.0741376876831
Track,1675,0.4396597743034363,0.6861649751663208,844.1467666625977,741.0581731796265
Track,1676,0.43968722224235535,0.686181902885437,844.1994667053223,741.076455116272
Track,1677,0.43963193893432617,0.6861890554428101,844.0933227539062,741.0841798782349
Track,1678,0.43963998556137085,0.6861943006515503,844.108772277832,741.0898447036743
Track,1679,0.43965885043144226,0.6861962676048279,844.1449928283691,741.0919690132141
Track,1680,0.4403153955936432,0.6876495480537415,845.4055595397949,742.6615118980408
Track,1681,0.4403153955936432,0.6876495480537415,845.4055595397949,742.6615118980408
Track,1682,0.44032877683639526,0.6876147985458374,845.4312515258789,742.6239824295044
Track,1683,0.4403199851512909,0.6876171231269836,845.4143714904785,742.6264929771423
Track,1684,0.44026821851730347,0.6876075267791748,845.3149795532227,742.6161289215088
Track,1685,0.4402933716773987,0.6876264214515686,845.3632736206055,742.6365351676941
Track,1686,0.4402303993701935,0.6876229643821716,845.2423667907715,742.6328015327454
Track,1687,0.44023051857948303,0.6876375675201416,845.2425956726074,742.6485729217529
Track,1688,0.4399791955947876,0.6875531077384949,844.7600555419922,742.5573563575745
Track,1689,0.4399791955947876,0.6875531077384949,844.7600555419922,742.5573563575745
Track,1690,0.43998491764068604,0.6875539422035217,844.7710418701172,742.5582575798035
Track,1691,0.43994587659835815,0.6875621676445007,844.6960830688477,742.5671410560608
Track,1692,0.43996545672416687,0.6875869035720825,844.7336769104004,742.5938558578491
Track,1693,0.43995752930641174,0.687592089176178,844.7184562683105,742.5994563102722
Track,1694,0.4416288733482361,0.6832157969474792,847.9274368286133,737.8730607032776
Track,1695,0.4416288733482361,0.6832157969474792,847.9274368286133,737.8730607032776
Track,1696,0.4416199028491974,0.6832063794136047,847.910213470459,737.8628897666931
Track,1697,0.4416070580482483,0.6832093000411987,847.8855514526367,737.8660440444946
Track,1698,0.4416070878505707,0.6832093596458435,847.8856086730957,737.866108417511
Track,1699,0.44160398840904236,0.6832003593444824,847.8796577453613,737.856388092041
Track,1700,0.441609263420105,0.6832068562507629,847.8897857666016,737.863404750824
Track,1701,0.441084086894989,0.6823767423629761,846.8814468383789,736.9668817520142
Track,1702,0.441084086894989,0.6823679804801941,846.8814468383789,736.9574189186096
Track,1703,0.4410683810710907,0.6823808550834656,846.8512916564941,736.9713234901428
Track,1704,0.4410689175128937,0.682405948638916,846.8523216247559,736.9984245300293
Track,1705,0.4410492181777954,0.6824019551277161,846.8144989013672,736.9941115379333
Track,1706,0.4410988390445709,0.6823956370353699,846.9097709655762,736.9872879981995
Track,1707,0.4410988390445709,0.6823956370353699,846.9097709655762,736.9872879981995
Track,1708,0.4413348436355591,0.6825864911079407,847.3628997802734,737.1934103965759
Track,1709,0.44134995341300964,0.6826096773147583,847.3919105529785,737.218451499939
Track,1710,0.44131186604499817,0.6826062798500061,847.3187828063965,737.2147822380066
Track,1711,0.4413394033908844,0.6826146841049194,847.371654510498,737.223858833313
Track,1712,0.4413272738456726,0.6826063990592957,847.3483657836914,737.2149109840393
Track,1713,0.4413272738456726,0.6826063990592957,847.3483657836914,737.2149109840393
Track,1714,0.44191697239875793,0.6827014088630676,848.4805870056152,737.317521572113
Track,1715,0.44192737340927124,0.6826848983764648,848.5005569458008,737.299690246582
Track,1716,0.44193384051322937,0.6826794147491455,848.5129737854004,737.2937679290771
Track,1717,0.44196605682373047,0.6826659440994263,848.5748291015625,737.2792196273804
Track,1718,0.4419180154800415,0.6827046871185303,848.4825897216797,737.3210620880127
Track,1719,0.44190698862075806,0.6827046275138855,848.4614181518555,737.3209977149963
Track,1720,0.4419172704219818,0.6827002763748169,848.4811592102051,737.3162984848022
Track,1721,0.44189009070396423,0.6827092170715332,848.4289741516113,737.3259544372559
Track,1722,0.44189009070396423,0.6827092170715332,848.4289741516113,737.3259544372559
Track,1723,0.44223499298095703,0.6825804114341736,849.0911865234375,737.1868443489075
Track,1724,0.4422236680984497,0.6825674176216125,849.0694427490234,737.1728110313416
Track,1725,0.4422239661216736,0.682571291923523,849.0700149536133,737.1769952774048
Track,1726,0.4422034025192261,0.6825526356697083,849.0305328369141,737.1568465232849
Track,1727,0.4422034025192261,0.6825526356697083,849.0305328369141,737.1568465232849
Track,1728,0.4421939551830292,0.6824272274971008,849.012393951416,737.0214056968689
Track,1729,0.4421815276145935,0.6824278831481934,848.9885330200195,737.0221138000488
Track,1730,0.4421822130680084,0.6824108958244324,848.9898490905762,737.003767490387
Track,1731,0.44218209385871887,0.6824108362197876,848.9896202087402,737.0037031173706
Track,1732,0.44218024611473083,0.6823993921279907,848.9860725402832,736.99134349823
Track,1733,0.4421742260456085,0.6824139356613159,848.9745140075684,737.0070505142212
Track,1734,0.44218820333480835,0.6824221014976501,849.001350402832,737.0158696174622
Track,1735,0.44220349192619324,0.6824353337287903,849.030704498291,737.0301604270935
Track,1736,0.44259220361709595,0.6820642352104187,849.7770309448242,736.6293740272522
Track,1737,0.44259220361709595,0.6820642352104187,849.7770309448242,736.6293740272522
Track,1738,0.4425840377807617,0.6820446252822876,849.7613525390625,736.6081953048706
Track,1739,0.4425760507583618,0.6820456981658936,849.7460174560547,736.609354019165
Track,1740,0.4425329267978668,0.6820680499076843,849.6632194519043,736.6334939002991
Track,1741,0.44253355264663696,0.6820812225341797,849.664421081543,736.6477203369141
Track,1742,0.4426882863044739,0.6820295453071594,849.9615097045898,736.5919089317322
Track,1743,0.4426882863044739,0.6820295453071594,849.9615097045898,736.5919089317322
Track,1744,0.4426940083503723,0.6820312142372131,849.9724960327148,736.5937113761902
Track,1745,0.4426864981651306,0.6820177435874939,849.9580764770508,736.5791630744934
Track,1746,0.4426816403865814,0.6820150017738342,849.9487495422363,736.576201915741
Track,1747,0.44266799092292786,0.6820201873779297,849.9225425720215,736.5818023681641
Track,1748,0.44266799092292786,0.6820201873779297,849.9225425720215,736.5818023681641
Track,1749,0.44266799092292786,0.6820201873779297,849.9225425720215,736.5818023681641
Track,1750,0.44285786151885986,0.6810532808303833,850.2870941162109,735.537543296814
Track,1751,0.442768394947052,0.6810311675071716,850.1153182983398,735.5136609077454
Track,1752,0.44275128841400146,0.6810439229011536,850.0824737548828,735.5274367332458
Track,1753,0.4427506625652313,0.6810435652732849,850.0812721252441,735.5270504951477
Track,1754,0.44275224208831787,0.6810464262962341,850.0843048095703,735.5301403999329
Track,1755,0.4427569806575775,0.6810449957847595,850.0934028625488,735.5285954475403
Track,1756,0.44332030415534973,0.6813241839408875,851.1749839782715,735.8301186561584
Track,1757,0.44332030415534973,0.6813241839408875,851.1749839782715,735.8301186561584
Track,1758,0.44334372878074646,0.6813244819641113,851.2199592590332,735.8304405212402
Track,1759,0.44335079193115234,0.6813408136367798,851.2335205078125,735.8480787277222
Track,1760,0.4433388411998749,0.6813410520553589,851.2105751037598,735.8483362197876
Track,1761,0.4433246850967407,0.6813367605209351,851.1833953857422,735.8437013626099
Track,1762,0.4433000385761261,0.6813213229179382,851.1360740661621,735.8270287513733
Track,1763,0.44329720735549927,0.6813234686851501,851.1306381225586,735.8293461799622
Track,1764,0.4431114196777344,0.681807816028595,850.77392578125,736.3524413108826
Track,1765,0.4431114196777344,0.681807816028595,850.77392578125,736.3524413108826
Track,1766,0.44314467906951904,0.6817902326583862,850.8377838134766,736.3334512710571
Track,1767,0.4431551396846771,0.6817997694015503,850.8578681945801,736.3437509536743
Track,1768,0.44310155510902405,0.6818289756774902,850.7549858093262,736.3752937316895
Track,1769,0.44312939047813416,0.6818492412567139,850.8084297180176,736.397180557251
Track,1770,0.44312939047813416,0.6818492412567139,850.8084297180176,736.397180557251
Track,1771,0.4437163174152374,0.6823219060897827,851.9353294372559,736.9076585769653
Track,1772,0.4437163174152374,0.6823219060897827,851.9353294372559,736.9076585769653
Track,1773,0.4436831474304199,0.6823257803916931,851.8716430664062,736.9118428230286
Track,1774,0.4436638057231903,0.6823351383209229,851.8345069885254,736.9219493865967
Track,1775,0.4436649978160858,0.6823379397392273,851.8367958068848,736.9249749183655
Track,1776,0.44366493821144104,0.6823379993438721,851.8366813659668,736.9250392913818
Track,1777,0.44366493821144104,0.6823379993438721,851.8366813659668,736.9250392913818
Track,1778,0.4440988004207611,0.6822061538696289,852.6696968078613,736.7826461791992
Track,1779,0.44410601258277893,0.68220055103302,852.6835441589355,736.7765951156616
Track,1780,0.44401463866233826,0.6822379231452942,852.5081062316895,736.8169569969177
Track,1781,0.4440084993839264,0.682231605052948,852.4963188171387,736.8101334571838
Track,1782,0.44404804706573486,0.6821944117546082,852.5722503662109,736.7699646949768
Track,1783,0.44404804706573486,0.6821944117546082,852.5722503662109,736.7699646949768
Track,1784,0.4443463087081909,0.6815431118011475,853.1449127197266,736.0665607452393
Track,1785,0.4443557858467102,0.6815419793128967,853.1631088256836,736.0653376579285
Track,1786,0.44429537653923035,0.6815704703330994,853.0471229553223,736.0961079597473
Track,1787,0.4443090558052063,0.6815769672393799,853.0733871459961,736.1031246185303
Track,1788,0.44431746006011963,0.6815825700759888,853.0895233154297,736.1091756820679
Track,1789,0.44431746006011963,0.6815825700759888,853.0895233154297,736.1091756820679
Track,1790,0.4443168640136719,0.6815698742866516,853.08837890625,736.0954642295837
Track,1791,0.44430506229400635,0.6815704703330994,853.0657196044922,736.0961079597473
Track,1792,0.44430506229400635,0.6815704703330994,853.0657196044922,736.0961079597473
Track,1793,0.44290822744369507,0.6826205849647522,850.3837966918945,737.2302317619324
Track,1794,0.44289305806159973,0.6826196312904358,850.3546714782715,737.2292017936707
Track,1795,0.44289129972457886,0.6826125383377075,850.3512954711914,737.2215414047241
Track,1796,0.44288748502731323,0.6826120615005493,850.3439712524414,737.2210264205933
Track,1797,0.4428967833518982,0.682624340057373,850.3618240356445,737.2342872619629
Track,1798,0.44265636801719666,0.6828553080558777,849.9002265930176,737.4837327003479
Track,1799,0.44265636801719666,0.6828553080558777,849.9002265930176,737.4837327003479
Track,1800,0.4426294267177582,0.6828523874282837,849.8484992980957,737.4805784225464
Track,1801,0.44263026118278503,0.6828553080558777,849.8501014709473,737.4837327003479
Track,1802,0.4425891637802124,0.6828572750091553,849.7711944580078,737.4858570098877
Track,1803,0.44260090589523315,0.6828415989875793,849.7937393188477,737.4689269065857
Track,1804,0.4425535500049591,0.6828204393386841,849.7028160095215,737.4460744857788
Track,1805,0.4425237476825714,0.6828030943870544,849.6455955505371,737.4273419380188
Track,1806,0.44370076060295105,0.6824069023132324,851.905460357666,736.999454498291
Track,1807,0.44370076060295105,0.6824069023132324,851.905460357666,736.999454498291
Track,1808,0.4437187910079956,0.6824213862419128,851.9400787353516,737.0150971412659
Track,1809,0.4437173008918762,0.6824452877044678,851.9372177124023,737.0409107208252
Track,1810,0.443703830242157,0.6824358701705933,851.9113540649414,737.0307397842407
Track,1811,0.4437209963798523,0.6824725270271301,851.9443130493164,737.0703291893005
Track,1812,0.4432412087917328,0.6824612617492676,851.023120880127,737.058162689209
Track,1813,0.4432412087917328,0.6824612617492676,851.023120880127,737.058162689209
Track,1814,0.44324991106987,0.6823981404304504,851.0398292541504,736.9899916648865
Track,1815,0.4432510435581207,0.6823620796203613,851.0420036315918,736.9510459899902
Track,1816,0.443193644285202,0.6824247241020203,850.9317970275879,737.0187020301819
Track,1817,0.44320911169052124,0.6824020147323608,850.9614944458008,736.9941759109497
Track,1818,0.4431942403316498,0.6824145317077637,850.9329414367676,737.0076942443848
Track,1819,0.4433397054672241,0.6820797920227051,851.2122344970703,736.6461753845215
Track,1820,0.4433397054672241,0.6820797920227051,851.2122344970703,736.6461753845215
Track,1821,0.4433250427246094,0.6820961236953735,851.18408203125,736.6638135910034
Track,1822,0.44332611560821533,0.6820858120918274,851.1861419677734,736.6526770591736
Track,1823,0.4433387517929077,0.6820839047431946,851.2104034423828,736.6506171226501
Track,1824,0.44335687160491943,0.6821101307868958,851.2451934814453,736.6789412498474
Track,1825,0.44335687160491943,0.6821101307868958,851.2451934814453,736.6789412498474
Track,1826,0.44323933124542236,0.682590663433075,851.0195159912109,737.197916507721
Track,1827,0.4431963860988617,0.6825960278511047,850.9370613098145,737.2037100791931
Track,1828,0.4432148039340973,0.6825665831565857,850.9724235534668,737.1719098091125
Track,1829,0.44320476055145264,0.6825699210166931,850.9531402587891,737.1755146980286
Track,1830,0.44318482279777527,0.6825914978981018,850.9148597717285,737.19881772995
Track,1831,0.4431864023208618,0.6825937628746033,850.9178924560547,737.2012639045715
Track,1832,0.4431850016117096,0.6825948357582092,850.9152030944824,737.202422618866
Track,1833,0.4431855082511902,0.6825944781303406,850.9161758422852,737.2020363807678
Track,1834,0.443258672952652,0.6823078393936157,851.0566520690918,736.892466545105
Track,1835,0.4432748258113861,0.6823070049285889,851.0876655578613,736.891565322876
Track,1836,0.44328784942626953,0.6823102235794067,851.1126708984375,736.8950414657593
Track,1837,0.44329410791397095,0.6823076009750366,851.1246871948242,736.8922090530396
Track,1838,0.44330450892448425,0.6823042035102844,851.1446571350098,736.8885397911072
Track,1839,0.44330450892448425,0.6823042035102844,851.1446571350098,736.8885397911072
Track,1840,0.44330450892448425,0.6823042035102844,851.1446571350098,736.8885397911072
Track,1841,0.44258609414100647,0.6825129389762878,849.7653007507324,737.1139740943909
Track,1842,0.44258207082748413,0.6824989914894104,849.7575759887695,737.0989108085632
Track,1843,0.44254785776138306,0.6825015544891357,849.6918869018555,737.1016788482666
Track,1844,0.44252797961235046,0.6824972629547119,849.6537208557129,737.0970439910889
Track,1845,0.44255340099334717,0.6825032830238342,849.7025299072266,737.103545665741
Track,1846,0.44246527552604675,0.6825196146965027,849.5333290100098,737.1211838722229
Track,1847,0.4424654245376587,0.6825196146965027,849.5336151123047,737.1211838722229
Track,1848,0.44367530941963196,0.6847785711288452,851.8565940856934,739.5608568191528
Track,1849,0.44367530941963196,0.6847785711288452,851.8565940856934,739.5608568191528
Track,1850,0.44369444251060486,0.6847655773162842,851.8933296203613,739.5468235015869
Track,1851,0.44372081756591797,0.6847606301307678,851.9439697265625,739.5414805412292
Track,1852,0.44365665316581726,0.6847690939903259,851.8207740783691,739.550621509552
Track,1853,0.4436660706996918,0.6847673058509827,851.8388557434082,739.5486903190613
Track,1854,0.44435206055641174,0.6852651238441467,853.1559562683105,740.0863337516785
Track,1855,0.44435206055641174,0.6852651238441467,853.1559562683105,740.0863337516785
Track,1856,0.4443625509738922,0.6852483749389648,853.176097869873,740.068244934082
Track,1857,0.4443313479423523,0.6852396726608276,853.1161880493164,740.0588464736938
Track,1858,0.44439852237701416,0.6852355003356934,853.2451629638672,740.0543403625488
Track,1859,0.4443925619125366,0.6852368712425232,853.2337188720703,740.055820941925
Track,1860,0.44472628831863403,0.6852253079414368,853.8744735717773,740.0433325767517
Track,1861,0.44472628831863403,0.6852253079414368,853.8744735717773,740.0433325767517
Track,1862,0.4447380304336548,0.6852237582206726,853.8970184326172,740.0416588783264
Track,1863,0.44476383924484253,0.6852009296417236,853.9465713500977,740.0170040130615
Track,1864,0.4447571933269501,0.6852036118507385,853.9338111877441,740.0199007987976
Track,1865,0.44476398825645447,0.6851943731307983,853.9468574523926,740.0099229812622
Track,1866,0.4447735548019409,0.6851941347122192,853.9652252197266,740.0096654891968
Track,1867,0.4447420537471771,0.6852390766143799,853.9047431945801,740.0582027435303
Track,1868,0.44474905729293823,0.6852267384529114,853.9181900024414,740.0448775291443
Track,1869,0.4440234303474426,0.6850060820579529,852.5249862670898,739.8065686225891
Track,1870,0.4440448582172394,0.685048520565033,852.5661277770996,739.8524022102356
Track,1871,0.44404512643814087,0.6850481033325195,852.5666427612305,739.8519515991211
Track,1872,0.4440612196922302,0.6850399971008301,852.597541809082,739.8431968688965
Track,1873,0.4440605044364929,0.6850400567054749,852.5961685180664,739.8432612419128
Track,1874,0.44407814741134644,0.6850384473800659,852.6300430297852,739.8415231704712
Track,1875,0.4440937936306,0.6850399374961853,852.660083770752,739.8431324958801
Track,1876,0.44356706738471985,0.6847220659255981,851.6487693786621,739.499831199646
Track,1877,0.44356706738471985,0.6847220659255981,851.6487693786621,739.499831199646
Track,1878,0.44356879591941833,0.6846718192100525,851.6520881652832,739.4455647468567
Track,1879,0.44357216358184814,0.6846857070922852,851.6585540771484,739.460563659668
Track,1880,0.44354429841041565,0.6846631169319153,851.605052947998,739.4361662864685
Track,1881,0.44354429841041565,0.6846631169319153,851.605052947998,739.4361662864685
Track,1882,0.4434284567832947,0.6851792931556702,851.3826370239258,739.9936366081238
Track,1883,0.4434284567832947,0.6851792931556702,851.3826370239258,739.9936366081238
Track,1884,0.443415105342865,0.6851717233657837,851.3570022583008,739.9854612350464
Track,1885,0.4434260129928589,0.6851780414581299,851.3779449462891,739.9922847747803
Track,1886,0.4434359669685364,0.6851561665534973,851.3970565795898,739.9686598777771
Track,1887,0.4434359669685364,0.6851561665534973,851.3970565795898,739.9686598777771
Track,1888,0.4437481164932251,0.6859496235847473,851.9963836669922,740.8255934715271
Track,1889,0.44375407695770264,0.6859474182128906,852.0078277587891,740.8232116699219
Track,1890,0.4437399208545685,0.6859418749809265,851.9806480407715,740.8172249794006
Track,1891,0.4437386393547058,0.6859362721443176,851.9781875610352,740.811173915863
Track,1892,0.4437369704246521,0.6859235763549805,851.974983215332,740.7974624633789
Track,1893,0.4437362253665924,0.6859037280082703,851.9735527038574,740.7760262489319
Track,1894,0.44375112652778625,0.6859176754951477,852.0021629333496,740.7910895347595
Track,1895,0.443774551153183,0.6859161853790283,852.0471382141113,740.7894802093506
Track,1896,0.4439861476421356,0.6865592002868652,852.4534034729004,741.4839363098145
Track,1897,0.4439861476421356,0.6865592002868652,852.4534034729004,741.4839363098145
Track,1898,0.44403859972953796,0.686568021774292,852.5541114807129,741.4934635162354
Track,1899,0.444070428609848,0.6865854263305664,852.6152229309082,741.5122604370117
Track,1900,0.4440383315086365,0.6865714192390442,852.553596496582,741.4971327781677
Track,1901,0.4440460205078125,0.6865831017494202,852.568359375,741.5097498893738
Track,1902,0.44399595260620117,0.6865742802619934,852.4722290039062,741.5002226829529
Track,1903,0.44399595260620117,0.6865742802619934,852.4722290039062,741.5002226829529
Track,1904,0.44385287165641785,0.6872305274009705,852.1975135803223,742.2089695930481
Track,1905,0.4438357949256897,0.6872161030769348,852.1647262573242,742.1933913230896
Track,1906,0.44389671087265015,0.6872400045394897,852.2816848754883,742.2192049026489
Track,1907,0.44388967752456665,0.6872379779815674,852.268180847168,742.2170162200928
Track,1908,0.44388705492019653,0.6872298717498779,852.2631454467773,742.2082614898682
Track,1909,0.44388705492019653,0.6872298717498779,852.2631454467773,742.2082614898682
Track,1910,0.4434202015399933,0.688050389289856,851.3667869567871,743.0944204330444
Track,1911,0.4433891475200653,0.6880350708961487,851.3071632385254,743.0778765678406
Track,1912,0.44340842962265015,0.6880180239677429,851.3441848754883,743.0594658851624
Track,1913,0.4433983862400055,0.6880202889442444,851.3249015808105,743.0619120597839
Track,1914,0.4434150457382202,0.6880161762237549,851.3568878173828,743.0574703216553
Track,1915,0.44340768456459045,0.6880208849906921,851.3427543640137,743.0625557899475
Track,1916,0.44340580701828003,0.6880177855491638,851.3391494750977,743.0592083930969
Track,1917,0.4444514513015747,0.6882838606834412,853.3467864990234,743.3465695381165
Track,1918,0.44446057081222534,0.6882749199867249,853.3642959594727,743.3369135856628
Track,1919,0.44446057081222534,0.6882749199867249,853.3642959594727,743.3369135856628
Track,1920,0.4444584250450134,0.6882777214050293,853.3601760864258,743.3399391174316
Track,1921,0.4444400370121002,0.688278079032898,853.3248710632324,743.3403253555298
Track,1922,0.44440609216690063,0.6882851123809814,853.2596969604492,743.34792137146
Track,1923,0.44434601068496704,0.6882813572883606,853.1443405151367,743.3438658714294
Track,1924,0.44498685002326965,0.6889359354972839,854.3747520446777,744.0508103370667
Track,1925,0.44498685002326965,0.6889359354972839,854.3747520446777,744.0508103370667
Track,1926,0.44497784972190857,0.688933253288269,854.3574714660645,744.0479135513306
Track,1927,0.44497784972190857,0.688933253288269,854.3574714660645,744.0479135513306
Track,1928,0.444961816072464,0.6889153718948364,854.3266868591309,744.0286016464233
Track,1929,0.444961816072464,0.6889153718948364,854.3266868591309,744.0286016464233
Track,1930,0.4449750781059265,0.6891141533851624,854.3521499633789,744.2432856559753
Track,1931,0.4449750781059265,0.6891141533851624,854.3521499633789,744.2432856559753
Track,1932,0.4449419379234314,0.6891140341758728,854.2885208129883,744.2431569099426
Track,1933,0.44495028257369995,0.6891149878501892,854.3045425415039,744.2441868782043
Track,1934,0.4449481964111328,0.6891112923622131,854.300537109375,744.2401957511902
Track,1935,0.4449436068534851,0.6891254782676697,854.2917251586914,744.2555165290833
Track,1936,0.4449501931667328,0.689115583896637,854.304370880127,744.2448306083679
Track,1937,0.44496726989746094,0.6891205906867981,854.337158203125,744.250237941742
Track,1938,0.4449560046195984,0.6891111731529236,854.3155288696289,744.2400670051575
Track,1939,0.4449554979801178,0.6887988448143005,854.3145561218262,743.9027523994446
Track,1940,0.4449554979801178,0.6887988448143005,854.3145561218262,743.9027523994446
Track,1941,0.44493424892425537,0.6888275742530823,854.2737579345703,743.9337801933289
Track,1942,0.4449389576911926,0.6888247728347778,854.2827987670898,743.9307546615601
Track,1943,0.44492870569229126,0.6888371706008911,854.2631149291992,743.9441442489624
Track,1944,0.4448734223842621,0.68882817029953,854.1569709777832,743.9344239234924
Track,1945,0.4448734223842621,0.68882817029953,854.1569709777832,743.9344239234924
Track,1946,0.4448609948158264,0.6892062425613403,854.1331100463867,744.3427419662476
Track,1947,0.4448712468147278,0.6892122030258179,854.1527938842773,744.3491792678833
Track,1948,0.44482916593551636,0.6892321109771729,854.0719985961914,744.3706798553467
Track,1949,0.44482263922691345,0.6892486214637756,854.0594673156738,744.3885111808777
Track,1950,0.4447915256023407,0.6892563700675964,853.9997291564941,744.3968796730042
Track,1951,0.4447915256023407,0.6892563700675964,853.9997291564941,744.3968796730042
Track,1952,0.44552770256996155,0.689577579498291,855.4131889343262,744.7437858581543
Track,1953,0.4455323815345764,0.68959641456604,855.4221725463867,744.7641277313232
Track,1954,0.4455362856388092,0.6895968914031982,855.4296684265137,744.7646427154541
Track,1955,0.4455398619174957,0.6895912885665894,855.4365348815918,744.7585916519165
Track,1956,0.4455224573612213,0.6896225214004517,855.4031181335449,744.7923231124878
Track,1957,0.4455224573612213,0.6896225214004517,855.4031181335449,744.7923231124878
Track,1958,0.44629648327827454,0.6898627877235413,856.8892478942871,745.0518107414246
Track,1959,0.44628652930259705,0.6898725628852844,856.8701362609863,745.0623679161072
Track,1960,0.4462813138961792,0.6898598670959473,856.8601226806641,745.048656463623
Track,1961,0.4462732672691345,0.6898849010467529,856.8446731567383,745.0756931304932
Track,1962,0.44627106189727783,0.6899010539054871,856.8404388427734,745.093138217926
Track,1963,0.4462711215019226,0.6899009943008423,856.8405532836914,745.0930738449097
Track,1964,0.4462602734565735,0.6899178624153137,856.8197250366211,745.1112914085388
Track,1965,0.4462721049785614,0.6898887753486633,856.8424415588379,745.0798773765564
Track,1966,0.4462464451789856,0.6900005340576172,856.7931747436523,745.2005767822266
Track,1967,0.44625192880630493,0.6899941563606262,856.8037033081055,745.1936888694763
Track,1968,0.44621574878692627,0.6899754405021667,856.7342376708984,745.1734757423401
Track,1969,0.44622984528541565,0.6899752020835876,856.761302947998,745.1732182502747
Track,1970,0.4462317228317261,0.6899829506874084,856.7649078369141,745.1815867424011
Track,1971,0.4462321102619171,0.6899828314781189,856.7656517028809,745.1814579963684
Track,1972,0.44744130969047546,0.6902812719345093,859.0873146057129,745.50377368927
Track,1973,0.4474462568759918,0.6902816891670227,859.0968132019043,745.5042243003845
Track,1974,0.44739753007888794,0.6902764439582825,859.0032577514648,745.4985594749451
Track,1975,0.4473946988582611,0.6902768015861511,858.9978218078613,745.4989457130432
Track,1976,0.44739171862602234,0.6902666091918945,858.9920997619629,745.4879379272461
Track,1977,0.44738349318504333,0.6902666091918945,858.9763069152832,745.4879379272461
Track,1978,0.4474089741706848,0.6902981996536255,859.0252304077148,745.5220556259155
Track,1979,0.4474259614944458,0.6902899742126465,859.0578460693359,745.5131721496582
Track,1980,0.4483727812767029,0.6897791028022766,860.8757400512695,744.9614310264587
Track,1981,0.4483727812767029,0.6897791028022766,860.8757400512695,744.9614310264587
Track,1982,0.4484267234802246,0.6897776126861572,860.9793090820312,744.9598217010498
Track,1983,0.4483616054058075,0.6897937655448914,860.8542823791504,744.9772667884827
Track,1984,0.44822436571121216,0.6897926926612854,860.5907821655273,744.9761080741882
Track,1985,0.4482071101665497,0.6898068189620972,860.5576515197754,744.9913644790649
Track,1986,0.4482070207595825,0.6898067593574524,860.5574798583984,744.9913001060486
Track,1987,0.44816523790359497,0.6901021599769592,860.4772567749023,745.310332775116
Track,1988,0.4481647312641144,0.6901021599769592,860.4762840270996,745.310332775116
Track,1989,0.44819560647010803,0.690107524394989,860.5355644226074,745.3161263465881
Track,1990,0.44817936420440674,0.6900845170021057,860.5043792724609,745.2912783622742
Track,1991,0.44817686080932617,0.6901029944419861,860.4995727539062,745.311233997345
Track,1992,0.44816675782203674,0.6901013255119324,860.4801750183105,745.309431552887
Track,1993,0.44816675782203674,0.6901013255119324,860.4801750183105,745.309431552887
Track,1994,0.4488121569156647,0.6904714107513428,861.7193412780762,745.7091236114502
Track,1995,0.4488048851490021,0.6904683709144592,861.705379486084,745.705840587616
Track,1996,0.448815256357193,0.6904706954956055,861.7252922058105,745.7083511352539
Track,1997,0.4488215446472168,0.6904829740524292,861.7373657226562,745.7216119766235
Track,1998,0.4487517774105072,0.6904822587966919,861.6034126281738,745.7208395004272
Track,1999,0.4487517774105072,0.6904822587966919,861.6034126281738,745.7208395004272
Track,2000,0.448043555021286,0.6906724572181702,860.2436256408691,745.9262537956238
Track.001,1,0.5121040344238281,0.7089849710464478,983.23974609375,765.7037687301636
Track.001,2,0.5120901465415955,0.7089758515357971,983.2130813598633,765.6939196586609
Track.001,3,0.512082040309906,0.708992600440979,983.1975173950195,765.7120084762573
Track.001,4,0.5120739340782166,0.7089830636978149,983.1819534301758,765.7017087936401
Track.001,5,0.5120686888694763,0.7089835405349731,983.1718826293945,765.702223777771
Track.001,6,0.5120784640312195,0.7088236808776855,983.1906509399414,765.5295753479004
Track.001,7,0.5121045112609863,0.7088119387626648,983.2406616210938,765.516893863678
Track.001,8,0.5121132135391235,0.7088676691055298,983.2573699951172,765.5770826339722
Track.001,9,0.5121102333068848,0.7088571190834045,983.2516479492188,765.5656886100769
Track.001,10,0.5121164917945862,0.7088606953620911,983.2636642456055,765.5695509910583
Track.001,11,0.5121048092842102,0.7088623642921448,983.2412338256836,765.5713534355164
Track.001,12,0.5121108293533325,0.708866536617279,983.2527923583984,765.5758595466614
Track.001,13,0.5121057033538818,0.7088668942451477,983.2429504394531,765.5762457847595
Track.001,14,0.512092113494873,0.7088702917098999,983.2168579101562,765.5799150466919
Track.001,15,0.5120494961738586,0.7087512612342834,983.1350326538086,765.4513621330261
Track.001,16,0.5120422840118408,0.7087172865867615,983.1211853027344,765.4146695137024
Track.001,17,0.5120657682418823,0.7087284326553345,983.1662750244141,765.4267072677612
Track.001,18,0.5120140314102173,0.7087327241897583,983.0669403076172,765.431342124939
Track.001,19,0.51201993227005,0.7087211012840271,983.0782699584961,765.4187893867493
Track.001,20,0.5120148658752441,0.7087016105651855,983.0685424804688,765.3977394104004
Track.001,21,0.5120610594749451,0.7086921334266663,983.1572341918945,765.3875041007996
Track.001,22,0.5121667385101318,0.7086804509162903,983.3601379394531,765.3748869895935
Track.001,23,0.5121840238571167,0.7086973190307617,983.3933258056641,765.3931045532227
Track.001,24,0.512200117111206,0.7086960077285767,983.4242248535156,765.3916883468628
Track.001,25,0.5122121572494507,0.7087128162384033,983.4473419189453,765.4098415374756
Track.001,26,0.5122120976448059,0.7087125778198242,983.4472274780273,765.4095840454102
Track.001,27,0.5122120976448059,0.7087125778198242,983.4472274780273,765.4095840454102
Track.001,28,0.5122047662734985,0.7089484930038452,983.4331512451172,765.6643724441528
Track.001,29,0.5122072100639343,0.7089330554008484,983.4378433227539,765.6476998329163
Track.001,30,0.5121934413909912,0.7089120149612427,983.4114074707031,765.6249761581421
Track.001,31,0.5121967792510986,0.70891273021698,983.4178161621094,765.6257486343384
Track.001,32,0.5122170448303223,0.7089108228683472,983.4567260742188,765.6236886978149
Track.001,33,0.5122238397598267,0.7089018821716309,983.4697723388672,765.6140327453613
Track.001,34,0.5122317671775818,0.7089153528213501,983.484992980957,765.6285810470581
Track.001,35,0.5119813084602356,0.7090259790420532,983.0041122436523,765.7480573654175
Track.001,36,0.5119813084602356,0.7090259790420532,983.0041122436523,765.7480573654175
Track.001,37,0.5119487047195435,0.7090266942977905,982.9415130615234,765.7488298416138
Track.001,38,0.5119527578353882,0.7090092897415161,982.9492950439453,765.7300329208374
Track.001,39,0.5119500756263733,0.7090311050415039,982.9441452026367,765.7535934448242
Track.001,40,0.5119532346725464,0.7090342044830322,982.9502105712891,765.7569408416748
Track.001,41,0.5119369029998779,0.7090523838996887,982.9188537597656,765.7765746116638
Track.001,42,0.5119369029998779,0.7090523838996887,982.9188537597656,765.7765746116638
Track.001,43,0.5119461417198181,0.7091265916824341,982.9365921020508,765.8567190170288
Track.001,44,0.5119457244873047,0.7091273665428162,982.935791015625,765.8575558662415
Track.001,45,0.5119521617889404,0.709132730960846,982.9481506347656,765.8633494377136
Track.001,46,0.5119312405586243,0.7091127634048462,982.9079818725586,765.8417844772339
Track.001,47,0.5119247436523438,0.7091037034988403,982.8955078125,765.8319997787476
Track.001,48,0.5119214653968811,0.7091248035430908,982.8892135620117,765.8547878265381
Track.001,49,0.5119284987449646,0.7091354727745056,982.902717590332,765.8663105964661
Track.001,50,0.5119381546974182,0.7091206312179565,982.921257019043,765.8502817153931
Track.001,51,0.511942982673645,0.7091135382652283,982.9305267333984,765.8426213264465
Track.001,52,0.5119485855102539,0.7091280817985535,982.9412841796875,765.8583283424377
Track.001,53,0.5119388103485107,0.7091246247291565,982.9225158691406,765.854594707489
Track.001,54,0.5119438767433167,0.7091245651245117,982.932243347168,765.8545303344727
Track.001,55,0.5119448304176331,0.7091275453567505,982.9340744018555,765.8577489852905
Track.001,56,0.5119300484657288,0.7091238498687744,982.9056930541992,765.8537578582764
Track.001,57,0.5118612051010132,0.7089717984199524,982.7735137939453,765.6895422935486
Track.001,58,0.5118435025215149,0.7089856266975403,982.7395248413086,765.7044768333435
Track.001,59,0.5118516683578491,0.7090014815330505,982.7552032470703,765.7216000556946
Track.001,60,0.5118669867515564,0.7089899778366089,982.7846145629883,765.7091760635376
Track.001,61,0.5118749737739563,0.7089812755584717,982.7999496459961,765.6997776031494
Track.001,62,0.5118749737739563,0.7089812755584717,982.7999496459961,765.6997776031494
Track.001,63,0.5118659734725952,0.7088114619255066,982.7826690673828,765.5163788795471
Track.001,64,0.5118579268455505,0.7088053822517395,982.767219543457,765.5098128318787
Track.001,65,0.5118702054023743,0.7088111042976379,982.7907943725586,765.515992641449
Track.001,66,0.5118366479873657,0.7088320255279541,982.7263641357422,765.5385875701904
Track.001,67,0.5118485689163208,0.7088207006454468,982.7492523193359,765.5263566970825
Track.001,68,0.5118485689163208,0.7088207006454468,982.7492523193359,765.5263566970825
Track.001,69,0.5118637084960938,0.7088114023208618,982.7783203125,765.5163145065308
Track.001,70,0.5119250416755676,0.7087157368659973,982.8960800170898,765.4129958152771
Track.001,71,0.5119445323944092,0.7087247967720032,982.9335021972656,765.4227805137634
Track.001,72,0.5119178295135498,0.7087283730506897,982.8822326660156,765.4266428947449
Track.001,73,0.511918306350708,0.7087298035621643,982.8831481933594,765.4281878471375
Track.001,74,0.5119300484657288,0.708727240562439,982.9056930541992,765.4254198074341
Track.001,75,0.5119300484657288,0.708727240562439,982.9056930541992,765.4254198074341
Track.001,76,0.5121403336524963,0.7085508108139038,983.309440612793,765.2348756790161
Track.001,77,0.5121228694915771,0.7085310220718384,983.2759094238281,765.2135038375854
Track.001,78,0.512102484703064,0.708548367023468,983.2367706298828,765.2322363853455
Track.001,79,0.5121034383773804,0.7085503935813904,983.2386016845703,765.2344250679016
Track.001,80,0.5121145248413086,0.7085483074188232,983.2598876953125,765.2321720123291
Track.001,81,0.5121069550514221,0.7085385322570801,983.2453536987305,765.2216148376465
Track.001,82,0.5121105909347534,0.7085368633270264,983.2523345947266,765.2198123931885
Track.001,83,0.5121281743049622,0.7085502743721008,983.2860946655273,765.2342963218689
Track.001,84,0.5121281743049622,0.7085502743721008,983.2860946655273,765.2342963218689
Track.001,85,0.5120211243629456,0.7083637118339539,983.0805587768555,765.0328087806702
Track.001,86,0.5119947791099548,0.7083672881126404,983.0299758911133,765.0366711616516
Track.001,87,0.5119798183441162,0.7083587646484375,983.0012512207031,765.0274658203125
Track.001,88,0.5119816660881042,0.7083650827407837,983.0047988891602,765.0342893600464
Track.001,89,0.5119611620903015,0.7083529829978943,982.9654312133789,765.0212216377258
Track.001,90,0.5119585394859314,0.7083460092544556,982.9603958129883,765.013689994812
Track.001,91,0.5119351744651794,0.7082222700119019,982.9155349731445,764.880051612854
Track.001,92,0.5119280219078064,0.7082131505012512,982.9018020629883,764.8702025413513
Track.001,93,0.5119825601577759,0.7082310318946838,983.0065155029297,764.8895144462585
Track.001,94,0.5119898915290833,0.7082361578941345,983.0205917358398,764.8950505256653
Track.001,95,0.5119891166687012,0.7082256078720093,983.0191040039062,764.88365650177
Track.001,96,0.5119788646697998,0.7082272171974182,982.9994201660156,764.8853945732117
Track.001,97,0.5119794607162476,0.7082247734069824,983.0005645751953,764.882755279541
Track.001,98,0.5119544863700867,0.7082977294921875,982.9526138305664,764.9615478515625
Track.001,99,0.5119544863700867,0.7082977294921875,982.9526138305664,764.9615478515625
Track.001,100,0.5119450092315674,0.7082873582839966,982.9344177246094,764.9503469467163
Track.001,101,0.5119535326957703,0.708297848701477,982.9507827758789,764.9616765975952
Track.001,102,0.5119612812995911,0.7083057165145874,982.9656600952148,764.9701738357544
Track.001,103,0.5119621753692627,0.7083088159561157,982.9673767089844,764.973521232605
Track.001,104,0.511951208114624,0.708312451839447,982.9463195800781,764.9774479866028
Track.001,105,0.5119510293006897,0.7083353400230408,982.9459762573242,765.002167224884
Track.001,106,0.5119466185569763,0.7083319425582886,982.9375076293945,764.9984979629517
Track.001,107,0.5119463801383972,0.7083181738853455,982.9370498657227,764.9836277961731
Track.001,108,0.5119456052780151,0.7083263993263245,982.9355621337891,764.9925112724304
Track.001,109,0.5119490623474121,0.708306074142456,982.9421997070312,764.9705600738525
Track.001,110,0.5119554400444031,0.7083037495613098,982.9544448852539,764.9680495262146
Track.001,111,0.5119560956954956,0.708316445350647,982.9557037353516,764.9817609786987
Track.001,112,0.5119579434394836,0.7083253860473633,982.9592514038086,764.9914169311523
Track.001,113,0.5120567679405212,0.7083584070205688,983.1489944458008,765.0270795822144
Track.001,114,0.5120567679405212,0.7083584070205688,983.1489944458008,765.0270795822144
Track.001,115,0.512085497379303,0.7083502411842346,983.2041549682617,765.0182604789734
Track.001,116,0.5120946168899536,0.7083548903465271,983.2216644287109,765.0232815742493
Track.001,117,0.5120282173156738,0.7083377838134766,983.0941772460938,765.0048065185547
Track.001,118,0.5120317935943604,0.7083413600921631,983.1010437011719,765.0086688995361
Track.001,119,0.5121206045150757,0.7083485722541809,983.2715606689453,765.0164580345154
Track.001,120,0.5121248364448547,0.7083443999290466,983.2796859741211,765.0119519233704
Track.001,121,0.5121248364448547,0.7083423137664795,983.2796859741211,765.0096988677979
Track.001,122,0.5121152997016907,0.708321213722229,983.2613754272461,764.9869108200073
Track.001,123,0.5121204853057861,0.7083301544189453,983.2713317871094,764.9965667724609
Track.001,124,0.5121129751205444,0.7083260416984558,983.2569122314453,764.9921250343323
Track.001,125,0.5121126770973206,0.7083257436752319,983.2563400268555,764.9918031692505
Track.001,126,0.5123555660247803,0.7084110975265503,983.7226867675781,765.0839853286743
Track.001,127,0.5123538374900818,0.7084117531776428,983.719367980957,765.0846934318542
Track.001,128,0.5123252272605896,0.7084029316902161,983.664436340332,765.0751662254333
Track.001,129,0.5123859643936157,0.7083906531333923,983.7810516357422,765.0619053840637
Track.001,130,0.5123817324638367,0.7083975672721863,983.7729263305664,765.0693726539612
Track.001,131,0.5123884677886963,0.7083985209465027,983.7858581542969,765.0704026222229
Track.001,132,0.5123884677886963,0.7083985209465027,983.7858581542969,765.0704026222229
Track.001,133,0.5123615860939026,0.7084465026855469,983.734245300293,765.1222229003906
Track.001,134,0.512368381023407,0.7084600925445557,983.7472915649414,765.1368999481201
Track.001,135,0.5123506784439087,0.7084733843803406,983.7133026123047,765.1512551307678
Track.001,136,0.5123676657676697,0.7084817290306091,983.7459182739258,765.1602673530579
Track.001,137,0.5123713612556458,0.7084827423095703,983.7530136108398,765.1613616943359
Track.001,138,0.5123529434204102,0.7084619998931885,983.7176513671875,765.1389598846436
Track.001,139,0.5123153328895569,0.7084693908691406,983.6454391479492,765.1469421386719
Track.001,140,0.5123150944709778,0.7084691524505615,983.6449813842773,765.1466846466064
Track.001,141,0.5122490525245667,0.7086614966392517,983.518180847168,765.3544163703918
Track.001,142,0.512276291847229,0.7086244225502014,983.5704803466797,765.3143763542175
Track.001,143,0.5122363567352295,0.7086308002471924,983.4938049316406,765.3212642669678
Track.001,144,0.5122978091239929,0.7086440324783325,983.6117935180664,765.3355550765991
Track.001,145,0.5123012661933899,0.7086476683616638,983.6184310913086,765.3394818305969
Track.001,146,0.5111781358718872,0.7085949778556824,981.4620208740234,765.282576084137
Track.001,147,0.5111781358718872,0.7085949778556824,981.4620208740234,765.282576084137
Track.001,148,0.5111866593360901,0.708588719367981,981.478385925293,765.2758169174194
Track.001,149,0.5111822485923767,0.7085927128791809,981.4699172973633,765.2801299095154
Track.001,150,0.5111859440803528,0.7086033821105957,981.4770126342773,765.2916526794434
Track.001,151,0.5111744999885559,0.708591878414154,981.4550399780273,765.2792286872864
Track.001,152,0.511171281337738,0.7085925340652466,981.448860168457,765.2799367904663
Track.001,153,0.5105825066566467,0.7083195447921753,980.3184127807617,764.9851083755493
Track.001,154,0.5106174349784851,0.7083209156990051,980.3854751586914,764.9865889549255
Track.001,155,0.5105903148651123,0.7083389163017273,980.3334045410156,765.0060296058655
Track.001,156,0.5106157660484314,0.7083399891853333,980.3822708129883,765.0071883201599
Track.001,157,0.5106213688850403,0.7083521485328674,980.3930282592773,765.0203204154968
Track.001,158,0.5106155276298523,0.7083283066749573,980.3818130493164,764.9945712089539
Track.001,159,0.5105551481246948,0.708323061466217,980.2658843994141,764.9889063835144
Track.001,160,0.5105392336845398,0.7083150744438171,980.2353286743164,764.9802803993225
Track.001,161,0.5106588006019592,0.708126425743103,980.4648971557617,764.7765398025513
Track.001,162,0.5106588006019592,0.708126425743103,980.4648971557617,764.7765398025513
Track.001,163,0.5105802416801453,0.7081108093261719,980.3140640258789,764.7596740722656
Track.001,164,0.5106159448623657,0.708106517791748,980.3826141357422,764.7550392150879
Track.001,165,0.5106155872344971,0.7081210017204285,980.3819274902344,764.7706818580627
Track.001,166,0.51063072681427,0.7081271409988403,980.4109954833984,764.7773122787476
Track.001,167,0.51063072681427,0.7081271409988403,980.4109954833984,764.7773122787476
Track.001,168,0.510422945022583,0.7076236009597778,980.0120544433594,764.2334890365601
Track.001,169,0.510422945022583,0.7076236009597778,980.0120544433594,764.2334890365601
Track.001,170,0.5104119181632996,0.7076222896575928,979.9908828735352,764.2320728302002
Track.001,171,0.5104138851165771,0.7076247930526733,979.9946594238281,764.2347764968872
Track.001,172,0.5104217529296875,0.7076048851013184,980.009765625,764.2132759094238
Track.001,173,0.5104219913482666,0.7076050043106079,980.0102233886719,764.2134046554565
Track.001,174,0.5105571746826172,0.7073940634727478,980.269775390625,763.9855885505676
Track.001,175,0.5105506181716919,0.7073887586593628,980.2571868896484,763.9798593521118
Track.001,176,0.5105783343315125,0.7073797583580017,980.3104019165039,763.9701390266418
Track.001,177,0.5105421543121338,0.7073787450790405,980.2409362792969,763.9690446853638
Track.001,178,0.5105598568916321,0.7073745131492615,980.2749252319336,763.9644742012024
Track.001,179,0.5105600357055664,0.7073746919631958,980.2752685546875,763.9646673202515
Track.001,180,0.5105600357055664,0.7073746919631958,980.2752685546875,763.9646673202515
Track.001,181,0.5105594396591187,0.7073752284049988,980.2741241455078,763.9652466773987
Track.001,182,0.510573148727417,0.707364559173584,980.3004455566406,763.9537239074707
Track.001,183,0.5104702115058899,0.7071870565414429,980.1028060913086,763.7620210647583
Track.001,184,0.5104702115058899,0.7071870565414429,980.1028060913086,763.7620210647583
Track.001,185,0.5104774236679077,0.7071640491485596,980.1166534423828,763.7371730804443
Track.001,186,0.5104151964187622,0.7071670293807983,979.9971771240234,763.7403917312622
Track.001,187,0.5104257464408875,0.7071642875671387,980.0174331665039,763.7374305725098
Track.001,188,0.5104313492774963,0.7071598172187805,980.028190612793,763.732602596283
Track.001,189,0.5102922320365906,0.7069915533065796,979.7610855102539,763.550877571106
Track.001,190,0.5103166699409485,0.7069806456565857,979.8080062866211,763.5390973091125
Track.001,191,0.510330319404602,0.7070299386978149,979.8342132568359,763.5923337936401
Track.001,192,0.5103420615196228,0.706999659538269,979.8567581176758,763.5596323013306
Track.001,193,0.5103359818458557,0.7070006132125854,979.845085144043,763.5606622695923
Track.001,194,0.5100177526473999,0.7072099447250366,979.2340850830078,763.7867403030396
Track.001,195,0.5100177526473999,0.7072099447250366,979.2340850830078,763.7867403030396
Track.001,196,0.5099753141403198,0.7071993947029114,979.1526031494141,763.7753462791443
Track.001,197,0.5099645853042603,0.7072292566299438,979.1320037841797,763.8075971603394
Track.001,198,0.5099614858627319,0.7072020173072815,979.1260528564453,763.778178691864
Track.001,199,0.5099726319313049,0.7072126269340515,979.1474533081055,763.7896370887756
Track.001,200,0.5099611878395081,0.7072119116783142,979.1254806518555,763.7888646125793
Track.001,201,0.509956955909729,0.7072067260742188,979.1173553466797,763.7832641601562
Track.001,202,0.5099669098854065,0.707208514213562,979.1364669799805,763.785195350647
Track.001,203,0.5092743635177612,0.7072655558586121,977.8067779541016,763.846800327301
Track.001,204,0.5092743635177612,0.7072655558586121,977.8067779541016,763.846800327301
Track.001,205,0.5092726945877075,0.7072687745094299,977.8035736083984,763.8502764701843
Track.001,206,0.5092890858650208,0.7072731256484985,977.8350448608398,763.8549757003784
Track.001,207,0.5092668533325195,0.7072591781616211,977.7923583984375,763.8399124145508
Track.001,208,0.5092810988426208,0.7072519063949585,977.819709777832,763.8320589065552
Track.001,209,0.5092960000038147,0.7072439789772034,977.8483200073242,763.8234972953796
Track.001,210,0.5092960000038147,0.7072439789772034,977.8483200073242,763.8234972953796
Track.001,211,0.508881151676178,0.70726078748703,977.0518112182617,763.8416504859924
Track.001,212,0.5088834166526794,0.7072578072547913,977.0561599731445,763.8384318351746
Track.001,213,0.5088860392570496,0.7072681784629822,977.0611953735352,763.8496327400208
Track.001,214,0.5088998675346375,0.7072710394859314,977.0877456665039,763.8527226448059
Track.001,215,0.5089001059532166,0.7072716951370239,977.0882034301758,763.8534307479858
Track.001,216,0.5088649988174438,0.7072762250900269,977.0207977294922,763.858323097229
Track.001,217,0.5089037418365479,0.707262396812439,977.0951843261719,763.8433885574341
Track.001,218,0.5088995099067688,0.7072758674621582,977.0870590209961,763.8579368591309
Track.001,219,0.5088821053504944,0.7072659730911255,977.0536422729492,763.8472509384155
Track.001,220,0.5088716149330139,0.7072671055793762,977.0335006713867,763.8484740257263
Track.001,221,0.5088716149330139,0.7072671055793762,977.0335006713867,763.8484740257263
Track.001,222,0.5092341303825378,0.7076679468154907,977.7295303344727,764.28138256073
Track.001,223,0.5092258453369141,0.7076732516288757,977.713623046875,764.2871117591858
Track.001,224,0.5092531442642212,0.7076601982116699,977.7660369873047,764.2730140686035
Track.001,225,0.509212851524353,0.7076640725135803,977.6886749267578,764.2771983146667
Track.001,226,0.5092142820358276,0.7076651453971863,977.6914215087891,764.2783570289612
Track.001,227,0.5092043280601501,0.70767742395401,977.6723098754883,764.2916178703308
Track.001,228,0.5092311501502991,0.7076793909072876,977.7238082885742,764.2937421798706
Track.001,229,0.5092302560806274,0.707671046257019,977.7220916748047,764.2847299575806
Track.001,230,0.5092149972915649,0.7076561450958252,977.6927947998047,764.2686367034912
Track.001,231,0.5088366866111755,0.7076765298843384,976.966438293457,764.2906522750854
Track.001,232,0.5088366866111755,0.7076765298843384,976.966438293457,764.2906522750854
Track.001,233,0.5088145732879639,0.7077012658119202,976.9239807128906,764.3173670768738
Track.001,234,0.5088444948196411,0.7076722383499146,976.9814300537109,764.2860174179077
Track.001,235,0.5088579058647156,0.7076855301856995,977.0071792602539,764.3003726005554
Track.001,236,0.5088608860969543,0.7076870799064636,977.0129013061523,764.3020462989807
Track.001,237,0.5088594555854797,0.7076839804649353,977.0101547241211,764.2986989021301
Track.001,238,0.5084165334701538,0.7079461216926575,976.1597442626953,764.5818114280701
Track.001,239,0.5084144473075867,0.7079724669456482,976.1557388305664,764.6102643013
Track.001,240,0.5083206295967102,0.7079852819442749,975.9756088256836,764.6241044998169
Track.001,241,0.5083196759223938,0.7079827189445496,975.9737777709961,764.6213364601135
Track.001,242,0.5083174109458923,0.7079834342002869,975.9694290161133,764.6221089363098
Track.001,243,0.5083174109458923,0.7079834342002869,975.9694290161133,764.6221089363098
Track.001,244,0.5078204274177551,0.7082670331001282,975.0152206420898,764.9283957481384
Track.001,245,0.507784903049469,0.708271861076355,974.9470138549805,764.9336099624634
Track.001,246,0.5077950358390808,0.7082652449607849,974.9664688110352,764.9264645576477
Track.001,247,0.5078071355819702,0.7082833051681519,974.9897003173828,764.945969581604
Track.001,248,0.5078089833259583,0.7082751393318176,974.9932479858398,764.937150478363
Track.001,249,0.5077954530715942,0.7082781195640564,974.9672698974609,764.9403691291809
Track.001,250,0.5078319311141968,0.7082993984222412,975.0373077392578,764.9633502960205
Track.001,251,0.5075468420982361,0.7083785533905029,974.4899368286133,765.0488376617432
Track.001,252,0.5075513124465942,0.7083796262741089,974.4985198974609,765.0499963760376
Track.001,253,0.507535994052887,0.7083864212036133,974.469108581543,765.0573348999023
Track.001,254,0.5075450539588928,0.7083962559700012,974.4865036010742,765.0679564476013
Track.001,255,0.5075620412826538,0.7083865404129028,974.5191192626953,765.0574636459351
Track.001,256,0.5075636506080627,0.7083864808082581,974.5222091674805,765.0573992729187
Track.001,257,0.5075442790985107,0.7083912491798401,974.4850158691406,765.0625491142273
Track.001,258,0.5075005888938904,0.7084043025970459,974.4011306762695,765.0766468048096
Track.001,259,0.5077217221260071,0.7083239555358887,974.8257064819336,764.9898719787598
Track.001,260,0.5077425837516785,0.7083286643028259,974.8657608032227,764.994957447052
Track.001,261,0.5077017545700073,0.7083249092102051,974.7873687744141,764.9909019470215
Track.001,262,0.5076953172683716,0.708328902721405,974.7750091552734,764.9952149391174
Track.001,263,0.5076938271522522,0.7083349823951721,974.7721481323242,765.0017809867859
Track.001,264,0.5080241560935974,0.7083775401115417,975.406379699707,765.0477433204651
Track.001,265,0.5080241560935974,0.7083775401115417,975.406379699707,765.0477433204651
Track.001,266,0.5079929232597351,0.7083728313446045,975.3464126586914,765.0426578521729
Track.001,267,0.5079643726348877,0.7083703279495239,975.2915954589844,765.0399541854858
Track.001,268,0.5079930424690247,0.7083562016487122,975.3466415405273,765.0246977806091
Track.001,269,0.5079966187477112,0.7083526253700256,975.3535079956055,765.0208353996277
Track.001,270,0.5080307126045227,0.7083543539047241,975.4189682006836,765.022702217102
Track.001,271,0.5080131888389587,0.7083549499511719,975.3853225708008,765.0233459472656
Track.001,272,0.5080263614654541,0.7083544135093689,975.4106140136719,765.0227665901184
Track.001,273,0.5082277059555054,0.7083157300949097,975.7971954345703,764.9809885025024
Track.001,274,0.5082277059555054,0.7083157300949097,975.7971954345703,764.9809885025024
Track.001,275,0.5082559585571289,0.7083085775375366,975.8514404296875,764.9732637405396
Track.001,276,0.50825035572052,0.708298921585083,975.8406829833984,764.9628353118896
Track.001,277,0.5082336068153381,0.7083037495613098,975.8085250854492,764.9680495262146
Track.001,278,0.5082280039787292,0.7083016633987427,975.7977676391602,764.9657964706421
Track.001,279,0.5082598924636841,0.7082939743995667,975.8589935302734,764.957492351532
Track.001,280,0.5082598924636841,0.7082939743995667,975.8589935302734,764.957492351532
Track.001,281,0.5083221197128296,0.7083014249801636,975.9784698486328,764.9655389785767
Track.001,282,0.5083205699920654,0.7082931399345398,975.9754943847656,764.956591129303
Track.001,283,0.5083445310592651,0.708278238773346,976.0214996337891,764.9404978752136
Track.001,284,0.5083410143852234,0.7082834839820862,976.0147476196289,764.9461627006531
Track.001,285,0.5083732604980469,0.7082643508911133,976.07666015625,764.9254989624023
Track.001,286,0.508571207523346,0.7082085013389587,976.4567184448242,764.8651814460754
Track.001,287,0.5085293054580688,0.7082042694091797,976.3762664794922,764.8606109619141
Track.001,288,0.5085371136665344,0.7082206010818481,976.3912582397461,764.878249168396
Track.001,289,0.5085803270339966,0.7082681059837341,976.4742279052734,764.9295544624329
Track.001,290,0.5085896253585815,0.7082801461219788,976.4920806884766,764.9425578117371
Track.001,291,0.5085945725440979,0.7082799077033997,976.501579284668,764.9423003196716
Track.001,292,0.5090720057487488,0.7083112597465515,977.4182510375977,764.9761605262756
Track.001,293,0.5090426206588745,0.7083099484443665,977.3618316650391,764.9747443199158
Track.001,294,0.5090907216072083,0.708249568939209,977.4541854858398,764.9095344543457
Track.001,295,0.5090907216072083,0.708249568939209,977.4541854858398,764.9095344543457
Track.001,296,0.5090897083282471,0.7082536220550537,977.4522399902344,764.913911819458
Track.001,297,0.5090987682342529,0.7082533836364746,977.4696350097656,764.9136543273926
Track.001,298,0.509050726890564,0.7082622051239014,977.3773956298828,764.9231815338135
Track.001,299,0.5090386271476746,0.7082540392875671,977.3541641235352,764.9143624305725
Track.001,300,0.5090386271476746,0.7082540392875671,977.3541641235352,764.9143624305725
Track.001,301,0.5092596411705017,0.7079730033874512,977.7785110473633,764.6108436584473
Track.001,302,0.509291410446167,0.7079808712005615,977.8395080566406,764.6193408966064
Track.001,303,0.5093007683753967,0.7079864740371704,977.8574752807617,764.625391960144
Track.001,304,0.5092904567718506,0.707990288734436,977.8376770019531,764.6295118331909
Track.001,305,0.5093115568161011,0.7080031037330627,977.8781890869141,764.6433520317078
Track.001,306,0.5093185305595398,0.7080075144767761,977.8915786743164,764.6481156349182
Track.001,307,0.5091090202331543,0.7076584696769714,977.4893188476562,764.2711472511292
Track.001,308,0.5091090798377991,0.7076584696769714,977.4894332885742,764.2711472511292
Track.001,309,0.5090705156326294,0.7076700329780579,977.4153900146484,764.2836356163025
Track.001,310,0.5090631246566772,0.7076618671417236,977.4011993408203,764.2748165130615
Track.001,311,0.5090709328651428,0.7076659202575684,977.4161911010742,764.2791938781738
Track.001,312,0.5090654492378235,0.7076816558837891,977.4056625366211,764.2961883544922
Track.001,313,0.5090654492378235,0.7076816558837891,977.4056625366211,764.2961883544922
Track.001,314,0.5082701444625854,0.7081835269927979,975.8786773681641,764.8382091522217
Track.001,315,0.5082470178604126,0.7081871032714844,975.8342742919922,764.8420715332031
Track.001,316,0.5082663893699646,0.708207368850708,975.871467590332,764.8639583587646
Track.001,317,0.508279025554657,0.7082114815711975,975.8957290649414,764.8684000968933
Track.001,318,0.5082763433456421,0.7082061171531677,975.8905792236328,764.8626065254211
Track.001,319,0.5082763433456421,0.7082061171531677,975.8905792236328,764.8626065254211
Track.001,320,0.5079036355018616,0.7085408568382263,975.1749801635742,765.2241253852844
Track.001,321,0.5078588128089905,0.7085452079772949,975.0889205932617,765.2288246154785
Track.001,322,0.507875382900238,0.7085420489311218,975.120735168457,765.2254128456116
Track.001,323,0.5078638792037964,0.7085425853729248,975.0986480712891,765.2259922027588
Track.001,324,0.5079010128974915,0.7085561156272888,975.1699447631836,765.2406048774719
Track.001,325,0.5079425573348999,0.708533525466919,975.2497100830078,765.2162075042725
Track.001,326,0.5079208016395569,0.7085380554199219,975.2079391479492,765.2210998535156
Track.001,327,0.5079227685928345,0.7085408568382263,975.2117156982422,765.2241253852844
Track.001,328,0.507880449295044,0.7085387706756592,975.1304626464844,765.2218723297119
Track.001,329,0.5078203082084656,0.7089909315109253,975.0149917602539,765.7102060317993
Track.001,330,0.5078215599060059,0.708990752696991,975.0173950195312,765.7100129127502
Track.001,331,0.5078532099723816,0.7090012431144714,975.0781631469727,765.7213425636292
Track.001,332,0.5078269243240356,0.7090088129043579,975.0276947021484,765.7295179367065
Track.001,333,0.5078533887863159,0.7090052962303162,975.0785064697266,765.7257199287415
Track.001,334,0.5077661275863647,0.7094160318374634,974.9109649658203,766.1693143844604
Track.001,335,0.507776141166687,0.7094170451164246,974.9301910400391,766.1704087257385
Track.001,336,0.5077977180480957,0.709412157535553,974.9716186523438,766.1651301383972
Track.001,337,0.5077947974205017,0.7094264626502991,974.9660110473633,766.180579662323
Track.001,338,0.5077999830245972,0.7094276547431946,974.9759674072266,766.1818671226501
Track.001,339,0.5077999830245972,0.7094276547431946,974.9759674072266,766.1818671226501
Track.001,340,0.5075718760490417,0.7094941139221191,974.5380020141602,766.2536430358887
Track.001,341,0.5075817704200745,0.7094995379447937,974.556999206543,766.2595009803772
Track.001,342,0.5075795650482178,0.7095019817352295,974.5527648925781,766.2621402740479
Track.001,343,0.5075298547744751,0.7095000147819519,974.4573211669922,766.260015964508
Track.001,344,0.507538914680481,0.7095056772232056,974.4747161865234,766.266131401062
Track.001,345,0.5075641870498657,0.7095150947570801,974.5232391357422,766.2763023376465
Track.001,346,0.5075051188468933,0.7095136046409607,974.4098281860352,766.2746930122375
Track.001,347,0.5074962377548218,0.7095181345939636,974.3927764892578,766.2795853614807
Track.001,348,0.5074951648712158,0.7095176577568054,974.3907165527344,766.2790703773499
Track.001,349,0.5076753497123718,0.7096051573753357,974.7366714477539,766.3735699653625
Track.001,350,0.5076801776885986,0.7096039652824402,974.7459411621094,766.3722825050354
Track.001,351,0.507676899433136,0.7095993757247925,974.7396469116211,766.3673257827759
Track.001,352,0.5076813101768494,0.7095968723297119,974.7481155395508,766.3646221160889
Track.001,353,0.5076647996902466,0.7095893025398254,974.7164154052734,766.3564467430115
Track.001,354,0.5076854825019836,0.7095880508422852,974.7561264038086,766.355094909668
Track.001,355,0.5076428651809692,0.7095933556556702,974.6743011474609,766.3608241081238
Track.001,356,0.5076534152030945,0.709583580493927,974.6945571899414,766.3502669334412
Track.001,357,0.5078786015510559,0.7097432017326355,975.1269149780273,766.5226578712463
Track.001,358,0.5078378319740295,0.7097241282463074,975.0486373901367,766.502058506012
Track.001,359,0.5078439712524414,0.7097224593162537,975.0604248046875,766.500256061554
Track.001,360,0.5079201459884644,0.7097721099853516,975.2066802978516,766.5538787841797
Track.001,361,0.5078918933868408,0.7097546458244324,975.1524353027344,766.535017490387
Track.001,362,0.5080462098121643,0.7097901105880737,975.4487228393555,766.5733194351196
Track.001,363,0.5080652832984924,0.7097897529602051,975.4853439331055,766.5729331970215
Track.001,364,0.5080670118331909,0.709766149520874,975.4886627197266,766.547441482544
Track.001,365,0.5080662369728088,0.7097548842430115,975.487174987793,766.5352749824524
Track.001,366,0.5080791711807251,0.7097758650779724,975.5120086669922,766.5579342842102
Track.001,367,0.5080447793006897,0.7097856998443604,975.4459762573242,766.5685558319092
Track.001,368,0.508054792881012,0.7097910046577454,975.465202331543,766.574285030365
Track.001,369,0.508054792881012,0.7097910046577454,975.465202331543,766.574285030365
Track.001,370,0.508054792881012,0.7097910046577454,975.465202331543,766.574285030365
Track.001,371,0.5083514451980591,0.7098249793052673,976.0347747802734,766.6109776496887
Track.001,372,0.508348286151886,0.7098228931427002,976.0287094116211,766.6087245941162
Track.001,373,0.5083606839179993,0.7098320126533508,976.0525131225586,766.6185736656189
Track.001,374,0.5083646178245544,0.7098377346992493,976.0600662231445,766.6247534751892
Track.001,375,0.5083672404289246,0.7098398804664612,976.0651016235352,766.6270709037781
Track.001,376,0.5083672404289246,0.7098398804664612,976.0651016235352,766.6270709037781
Track.001,377,0.5085386633872986,0.7098211050033569,976.3942337036133,766.6067934036255
Track.001,378,0.5085281729698181,0.7098084688186646,976.3740921020508,766.5931463241577
Track.001,379,0.5085126757621765,0.7098228335380554,976.3443374633789,766.6086602210999
Track.001,380,0.508518636226654,0.7098044753074646,976.3557815551758,766.5888333320618
Track.001,381,0.5085309147834778,0.7098059058189392,976.3793563842773,766.5903782844543
Track.001,382,0.5085312724113464,0.7098056674003601,976.3800430297852,766.5901207923889
Track.001,383,0.508529543876648,0.7098012566566467,976.3767242431641,766.5853571891785
Track.001,384,0.5082997679710388,0.7095047831535339,975.9355545043945,766.2651658058167
Track.001,385,0.5082997679710388,0.7095047831535339,975.9355545043945,766.2651658058167
Track.001,386,0.5083224177360535,0.7094820141792297,975.9790420532227,766.2405753135681
Track.001,387,0.5083221793174744,0.7095146179199219,975.9785842895508,766.2757873535156
Track.001,388,0.5082793831825256,0.7095219492912292,975.8964157104492,766.2837052345276
Track.001,389,0.5082709789276123,0.7095111608505249,975.8802795410156,766.2720537185669
Track.001,390,0.5083996057510376,0.7093482613563538,976.1272430419922,766.0961222648621
Track.001,391,0.5083996057510376,0.7093482613563538,976.1272430419922,766.0961222648621
Track.001,392,0.508357584476471,0.7093610763549805,976.0465621948242,766.1099624633789
Track.001,393,0.5083648562431335,0.709364652633667,976.0605239868164,766.1138248443604
Track.001,394,0.5084008574485779,0.7093588709831238,976.1296463012695,766.1075806617737
Track.001,395,0.5083929896354675,0.7093621492385864,976.1145401000977,766.1111211776733
Track.001,396,0.5084176659584045,0.709367573261261,976.1619186401367,766.1169791221619
Track.001,397,0.50836580991745,0.7093735337257385,976.0623550415039,766.1234164237976
Track.001,398,0.5083596110343933,0.709368884563446,976.0504531860352,766.1183953285217
Track.001,399,0.508346676826477,0.7093116641044617,976.0256195068359,766.0565972328186
Track.001,400,0.508362352848053,0.7093185186386108,976.0557174682617,766.0640001296997
Track.001,401,0.5083540678024292,0.7092965245246887,976.0398101806641,766.0402464866638
Track.001,402,0.5083374977111816,0.7092950344085693,976.0079956054688,766.0386371612549
Track.001,403,0.508388340473175,0.7092977166175842,976.1056137084961,766.041533946991
Track.001,404,0.5083926916122437,0.70930016040802,976.1139678955078,766.0441732406616
Track.001,405,0.5082021951675415,0.7093027234077454,975.7482147216797,766.046941280365
Track.001,406,0.5081959962844849,0.7093014121055603,975.7363128662109,766.0455250740051
Track.001,407,0.508188784122467,0.7092933654785156,975.7224655151367,766.0368347167969
Track.001,408,0.508263885974884,0.7093009948730469,975.8666610717773,766.0450744628906
Track.001,409,0.50821852684021,0.7092992067337036,975.7795715332031,766.0431432723999
Track.001,410,0.5084545612335205,0.7093530297279358,976.2327575683594,766.1012721061707
Track.001,411,0.5084898471832275,0.7093406319618225,976.3005065917969,766.0878825187683
Track.001,412,0.5084828734397888,0.7093390226364136,976.2871170043945,766.0861444473267
Track.001,413,0.5084766745567322,0.7093352675437927,976.2752151489258,766.0820889472961
Track.001,414,0.5084799528121948,0.7093374729156494,976.2815093994141,766.0844707489014
Track.001,415,0.5084534287452698,0.7093371748924255,976.230583190918,766.0841488838196
Track.001,416,0.5084444880485535,0.7093380093574524,976.2134170532227,766.0850501060486
Track.001,417,0.5084728598594666,0.7093410491943359,976.2678909301758,766.0883331298828
Track.001,418,0.5084728598594666,0.7093410491943359,976.2678909301758,766.0883331298828
Track.001,419,0.5085359215736389,0.7092422842979431,976.3889694213867,765.9816670417786
Track.001,420,0.5085294842720032,0.7092256546020508,976.3766098022461,765.9637069702148
Track.001,421,0.5085257887840271,0.7092105150222778,976.369514465332,765.9473562240601
Track.001,422,0.5085228681564331,0.7092189192771912,976.3639068603516,765.9564328193665
Track.001,423,0.5085388422012329,0.7092200517654419,976.3945770263672,765.9576559066772
Track.001,424,0.5085287094116211,0.7092294692993164,976.3751220703125,765.9678268432617
Track.001,425,0.5084913372993469,0.7092270851135254,976.3033676147461,765.9652519226074
Track.001,426,0.5085557103157043,0.7092265486717224,976.4269638061523,765.9646725654602
Track.001,427,0.5084672570228577,0.7090911269187927,976.2571334838867,765.8184170722961
Track.001,428,0.5085012316703796,0.7090832591056824,976.3223648071289,765.809919834137
Track.001,429,0.5085019469261169,0.7090935111045837,976.3237380981445,765.8209919929504
Track.001,430,0.5084789991378784,0.7090825438499451,976.2796783447266,765.8091473579407
Track.001,431,0.5084733366966248,0.7090927958488464,976.2688064575195,765.8202195167542
Track.001,432,0.5083962678909302,0.709045946598053,976.1208343505859,765.7696223258972
Track.001,433,0.5083962678909302,0.709045946598053,976.1208343505859,765.7696223258972
Track.001,434,0.5084002017974854,0.709038496017456,976.1283874511719,765.7615756988525
Track.001,435,0.5084105134010315,0.7090276479721069,976.1481857299805,765.7498598098755
Track.001,436,0.5083667039871216,0.7090356945991516,976.0640716552734,765.7585501670837
Track.001,437,0.5083497166633606,0.7090329527854919,976.0314559936523,765.7555890083313
Track.001,438,0.5083504319190979,0.709034264087677,976.032829284668,765.7570052146912
Track.001,439,0.5083504319190979,0.709034264087677,976.032829284668,765.7570052146912
Track.001,440,0.5083410739898682,0.7090969085693359,976.0148620605469,765.8246612548828
Track.001,441,0.5083582401275635,0.7090845108032227,976.0478210449219,765.8112716674805
Track.001,442,0.5083408355712891,0.7090870141983032,976.014404296875,765.8139753341675
Track.001,443,0.5083208680152893,0.7090622186660767,975.9760665893555,765.7871961593628
Track.001,444,0.5083104968070984,0.7090617418289185,975.9561538696289,765.7866811752319
Track.001,445,0.5083104968070984,0.7090617418289185,975.9561538696289,765.7866811752319
Track.001,446,0.5083140730857849,0.7090467810630798,975.963020324707,765.7705235481262
Track.001,447,0.5083067417144775,0.7091191411018372,975.9489440917969,765.8486723899841
Track.001,448,0.5083067417144775,0.7091191411018372,975.9489440917969,765.8486723899841
Track.001,449,0.5083127617835999,0.7091204524040222,975.9605026245117,765.850088596344
Track.001,450,0.5083162188529968,0.7091222405433655,975.9671401977539,765.8520197868347
Track.001,451,0.508305549621582,0.7091427445411682,975.9466552734375,765.8741641044617
Track.001,452,0.5082914233207703,0.7091507911682129,975.9195327758789,765.8828544616699
Track.001,453,0.5082224607467651,0.7092552185058594,975.7871246337891,765.9956359863281
Track.001,454,0.5081958770751953,0.7092554569244385,975.736083984375,765.9958934783936
Track.001,455,0.5081998705863953,0.7092552781105042,975.7437515258789,765.9957003593445
Track.001,456,0.5081918835639954,0.7092335820198059,975.7284164428711,765.9722685813904
Track.001,457,0.5081819295883179,0.7092297673225403,975.7093048095703,765.9681487083435
Track.001,458,0.508169949054718,0.7092191576957703,975.6863021850586,765.9566903114319
Track.001,459,0.5081673860549927,0.7092263102531433,975.6813812255859,765.9644150733948
Track.001,460,0.5079662799835205,0.7094047665596008,975.2952575683594,766.1571478843689
Track.001,461,0.5079697370529175,0.7093900442123413,975.3018951416016,766.1412477493286
Track.001,462,0.5079632997512817,0.7093954086303711,975.2895355224609,766.1470413208008
Track.001,463,0.5079801082611084,0.7094025015830994,975.3218078613281,766.1547017097473
Track.001,464,0.5079642534255981,0.7094142436981201,975.2913665771484,766.1673831939697
Track.001,465,0.5079643726348877,0.7094051837921143,975.2915954589844,766.1575984954834
Track.001,466,0.5079709887504578,0.7094048857688904,975.3042984008789,766.1572766304016
Track.001,467,0.5079491138458252,0.7093966007232666,975.2622985839844,766.1483287811279
Track.001,468,0.5079476237297058,0.7093969583511353,975.2594375610352,766.1487150192261
Track.001,469,0.5076214671134949,0.7090028524398804,974.6332168579102,765.7230806350708
Track.001,470,0.5076247453689575,0.7090028524398804,974.6395111083984,765.7230806350708
Track.001,471,0.5076278448104858,0.709000825881958,974.6454620361328,765.7208919525146
Track.001,472,0.5076241493225098,0.7089971303939819,974.6383666992188,765.7169008255005
Track.001,473,0.5076169967651367,0.7089828848838806,974.6246337890625,765.7015156745911
Track.001,474,0.5076122879981995,0.7089937925338745,974.615592956543,765.7132959365845
Track.001,475,0.5072662830352783,0.7081177234649658,973.9512634277344,764.7671413421631
Track.001,476,0.507231593132019,0.7080720663070679,973.8846588134766,764.7178316116333
Track.001,477,0.5072604417800903,0.7080578207969666,973.9400482177734,764.7024464607239
Track.001,478,0.5072524547576904,0.708043098449707,973.9247131347656,764.6865463256836
Track.001,479,0.5072524547576904,0.7080597877502441,973.9247131347656,764.7045707702637
Track.001,480,0.5050930380821228,0.7073612809181213,969.7786331176758,763.950183391571
Track.001,481,0.5050930380821228,0.7073612809181213,969.7786331176758,763.950183391571
Track.001,482,0.5051278471946716,0.7074034214019775,969.8454666137695,763.9956951141357
Track.001,483,0.505151629447937,0.7074071764945984,969.8911285400391,763.9997506141663
Track.001,484,0.5051043033599854,0.7073996067047119,969.8002624511719,763.9915752410889
Track.001,485,0.505098283290863,0.7073812484741211,969.788703918457,763.9717483520508
Track.001,486,0.5050703883171082,0.7073975801467896,969.7351455688477,763.9893865585327
Track.001,487,0.5050703883171082,0.7073975801467896,969.7351455688477,763.9893865585327
Track.001,488,0.5024963617324829,0.7054672837257385,964.7930145263672,761.9046664237976
Track.001,489,0.502475380897522,0.7054665088653564,964.7527313232422,761.903829574585
Track.001,490,0.5025055408477783,0.7054347991943359,964.8106384277344,761.8695831298828
Track.001,491,0.5024467706680298,0.7054056525230408,964.6977996826172,761.838104724884
Track.001,492,0.5024327039718628,0.7054049968719482,964.6707916259766,761.8373966217041
Track.001,493,0.5024700164794922,0.7054627537727356,964.742431640625,761.8997740745544
Track.001,494,0.5024731755256653,0.7054780125617981,964.7484970092773,761.916253566742
Track.001,495,0.502478301525116,0.7054590582847595,964.7583389282227,761.8957829475403
Track.001,496,0.502478301525116,0.7054590582847595,964.7583389282227,761.8957829475403
Track.001,497,0.502154529094696,0.704871416091919,964.1366958618164,761.2611293792725
Track.001,498,0.5021441578865051,0.7048342227935791,964.1167831420898,761.2209606170654
Track.001,499,0.5021016001701355,0.7048300504684448,964.0350723266602,761.2164545059204
Track.001,500,0.5021066069602966,0.7048184871673584,964.0446853637695,761.2039661407471
Track.001,501,0.5021030902862549,0.7048247456550598,964.0379333496094,761.2107253074646
Track.001,502,0.5017625689506531,0.705079972743988,963.3841323852539,761.4863705635071
Track.001,503,0.5017625689506531,0.705079972743988,963.3841323852539,761.4863705635071
Track.001,504,0.5017920732498169,0.7050889730453491,963.4407806396484,761.496090888977
Track.001,505,0.5017809867858887,0.7050477862358093,963.4194946289062,761.4516091346741
Track.001,506,0.5017775893211365,0.705075740814209,963.412971496582,761.4818000793457
Track.001,507,0.5017685294151306,0.7050688862800598,963.3955764770508,761.4743971824646
Track.001,508,0.5011923313140869,0.7046611905097961,962.2892761230469,761.0340857505798
Track.001,509,0.5011923313140869,0.7046611905097961,962.2892761230469,761.0340857505798
Track.001,510,0.5011968016624451,0.7046506404876709,962.2978591918945,761.0226917266846
Track.001,511,0.5011618137359619,0.7046452164649963,962.2306823730469,761.016833782196
Track.001,512,0.5011617541313171,0.7046384811401367,962.2305679321289,761.0095596313477
Track.001,513,0.5011842250823975,0.7046518325805664,962.2737121582031,761.0239791870117
Track.001,514,0.5011724233627319,0.7046486139297485,962.2510528564453,761.0205030441284
Track.001,515,0.5011621713638306,0.7046952843666077,962.2313690185547,761.0709071159363
Track.001,516,0.5011765956878662,0.7046628594398499,962.2590637207031,761.0358881950378
Track.001,517,0.5002877712249756,0.7047813534736633,960.5525207519531,761.1638617515564
Track.001,518,0.5002877712249756,0.7047813534736633,960.5525207519531,761.1638617515564
Track.001,519,0.5002877712249756,0.7047813534736633,960.5525207519531,761.1638617515564
Track.001,520,0.5002954006195068,0.7047830820083618,960.5671691894531,761.1657285690308
Track.001,521,0.5002890229225159,0.7047811150550842,960.5549240112305,761.163604259491
Track.001,522,0.5002601742744446,0.7047814726829529,960.4995346069336,761.1639904975891
Track.001,523,0.500200629234314,0.7044603228569031,960.3852081298828,760.8171486854553
Track.001,524,0.500200629234314,0.7044603228569031,960.3852081298828,760.8171486854553
Track.001,525,0.500146746635437,0.7044909000396729,960.2817535400391,760.8501720428467
Track.001,526,0.5001604557037354,0.7045194506645203,960.3080749511719,760.8810067176819
Track.001,527,0.5001818537712097,0.7045124173164368,960.3491592407227,760.8734107017517
Track.001,528,0.500199019908905,0.7044857144355774,960.3821182250977,760.8445715904236
Track.001,529,0.5002284049987793,0.7044918537139893,960.4385375976562,760.8512020111084
Track.001,530,0.5003712177276611,0.7046352028846741,960.7127380371094,761.006019115448
Track.001,531,0.5003712177276611,0.7046352028846741,960.7127380371094,761.006019115448
Track.001,532,0.5003384351730347,0.7046569585800171,960.6497955322266,761.0295152664185
Track.001,533,0.5003129839897156,0.7046601176261902,960.6009292602539,761.0329270362854
Track.001,534,0.5003046989440918,0.7046681642532349,960.5850219726562,761.0416173934937
Track.001,535,0.500272810459137,0.704673707485199,960.523796081543,761.0476040840149
Track.001,536,0.5003164410591125,0.7046566605567932,960.6075668334961,761.0291934013367
Track.001,537,0.5002993941307068,0.7046500444412231,960.574836730957,761.022047996521
Track.001,538,0.5002993941307068,0.7046500444412231,960.574836730957,761.022047996521
Track.001,539,0.5002550482749939,0.7048977613449097,960.4896926879883,761.2895822525024
Track.001,540,0.5002455115318298,0.7048969864845276,960.4713821411133,761.2887454032898
Track.001,541,0.5002654194831848,0.704865038394928,960.5096054077148,761.2542414665222
Track.001,542,0.5002866387367249,0.704860508441925,960.5503463745117,761.249349117279
Track.001,543,0.5002895593643188,0.7048601508140564,960.5559539794922,761.2489628791809
Track.001,544,0.5002895593643188,0.7048601508140564,960.5559539794922,761.2489628791809
Track.001,545,0.5000627636909485,0.705869734287262,960.1205062866211,762.3393130302429
Track.001,546,0.49973466992378235,0.6977036595344543,959.4905662536621,753.5199522972107
Track.001,547,0.4997563362121582,0.6977159380912781,959.5321655273438,753.5332131385803
Track.001,548,0.4997628629207611,0.697720468044281,959.5446968078613,753.5381054878235
Track.001,549,0.49976930022239685,0.69771409034729,959.557056427002,753.5312175750732
Track.001,550,0.4985567331314087,0.6972512006759644,957.2289276123047,753.0312967300415
Track.001,551,0.4985567331314087,0.6972512006759644,957.2289276123047,753.0312967300415
Track.001,552,0.4985986351966858,0.6972270011901855,957.3093795776367,753.0051612854004
Track.001,553,0.498624324798584,0.6972315311431885,957.3587036132812,753.0100536346436
Track.001,554,0.49864262342453003,0.6972187161445618,957.3938369750977,752.9962134361267
Track.001,555,0.49864867329597473,0.6972282528877258,957.4054527282715,753.0065131187439
Track.001,556,0.49864062666893005,0.6972368359565735,957.3900032043457,753.0157828330994
Track.001,557,0.49864062666893005,0.6972368359565735,957.3900032043457,753.0157828330994
Track.001,558,0.49732959270477295,0.6965278387069702,954.8728179931641,752.2500658035278
Track.001,559,0.4973091185092926,0.696520209312439,954.8335075378418,752.2418260574341
Track.001,560,0.49731147289276123,0.6965257525444031,954.8380279541016,752.2478127479553
Track.001,561,0.4973192811012268,0.6965277791023254,954.8530197143555,752.2500014305115
Track.001,562,0.49731990694999695,0.6965240836143494,954.8542213439941,752.2460103034973
Track.001,563,0.4973088502883911,0.696502149105072,954.8329925537109,752.2223210334778
Track.001,564,0.49730074405670166,0.6965047121047974,954.8174285888672,752.2250890731812
Track.001,565,0.4975482225418091,0.6963809728622437,955.2925872802734,752.0914506912231
Track.001,566,0.4975482225418091,0.6963809728622437,955.2925872802734,752.0914506912231
Track.001,567,0.4975831210613251,0.6963611841201782,955.3595924377441,752.0700788497925
Track.001,568,0.49760162830352783,0.6963452100753784,955.3951263427734,752.0528268814087
Track.001,569,0.49756795167922974,0.696350634098053,955.3304672241211,752.0586848258972
Track.001,570,0.4975892901420593,0.6963523030281067,955.3714370727539,752.0604872703552
Track.001,571,0.4975210726261139,0.6963437795639038,955.2404594421387,752.0512819290161
Track.001,572,0.4975210726261139,0.6963437795639038,955.2404594421387,752.0512819290161
Track.001,573,0.49717289209365845,0.6954044699668884,954.5719528198242,751.0368275642395
Track.001,574,0.49720150232315063,0.695451557636261,954.6268844604492,751.0876822471619
Track.001,575,0.4972015619277954,0.6954516768455505,954.6269989013672,751.0878109931946
Track.001,576,0.49719297885894775,0.6954586505889893,954.6105194091797,751.0953426361084
Track.001,577,0.49719297885894775,0.6954586505889893,954.6105194091797,751.0953426361084
Track.001,578,0.496738076210022,0.6955260634422302,953.7371063232422,751.1681485176086
Track.001,579,0.49672719836235046,0.6955233812332153,953.7162208557129,751.1652517318726
Track.001,580,0.49667197465896606,0.6955291628837585,953.6101913452148,751.1714959144592
Track.001,581,0.49667197465896606,0.6955291628837585,953.6101913452148,751.1714959144592
Track.001,582,0.4967271387577057,0.6955153346061707,953.7161064147949,751.1565613746643
Track.001,583,0.4966895282268524,0.6955037713050842,953.6438941955566,751.144073009491
Track.001,584,0.49672991037368774,0.6955055594444275,953.7214279174805,751.1460041999817
Track.001,585,0.49674150347709656,0.6955012679100037,953.7436866760254,751.141369342804
Track.001,586,0.49674031138420105,0.6955013871192932,953.741397857666,751.1414980888367
Track.001,587,0.49737364053726196,0.6954647302627563,954.957389831543,751.1019086837769
Track.001,588,0.49738606810569763,0.6954671144485474,954.9812507629395,751.1044836044312
Track.001,589,0.4974047541618347,0.6954765319824219,955.0171279907227,751.1146545410156
Track.001,590,0.49742400646209717,0.6954817771911621,955.0540924072266,751.1203193664551
Track.001,591,0.4974110424518585,0.6955018639564514,955.0292015075684,751.1420130729675
Track.001,592,0.49740028381347656,0.6954990029335022,955.008544921875,751.1389231681824
Track.001,593,0.49772724509239197,0.6955737471580505,955.6363105773926,751.2196469306946
Track.001,594,0.4977269768714905,0.695573627948761,955.6357955932617,751.2195181846619
Track.001,595,0.49764692783355713,0.6955657601356506,955.4821014404297,751.2110209465027
Track.001,596,0.49769920110702515,0.6955678462982178,955.5824661254883,751.2132740020752
Track.001,597,0.4976852834224701,0.6955621838569641,955.5557441711426,751.2071585655212
Track.001,598,0.49749940633773804,0.6953426599502563,955.198860168457,750.9700727462769
Track.001,599,0.49749940633773804,0.6953426599502563,955.198860168457,750.9700727462769
Track.001,600,0.49749964475631714,0.6953424215316772,955.1993179321289,750.9698152542114
Track.001,601,0.4975268244743347,0.6953561305999756,955.2515029907227,750.9846210479736
Track.001,602,0.49751588702201843,0.6953527331352234,955.2305030822754,750.9809517860413
Track.001,603,0.49749454855918884,0.6953454613685608,955.1895332336426,750.9730982780457
Track.001,604,0.49756479263305664,0.6953480839729309,955.3244018554688,750.9759306907654
Track.001,605,0.49756479263305664,0.6953480839729309,955.3244018554688,750.9759306907654
Track.001,606,0.49784770607948303,0.6952897906303406,955.8675956726074,750.9129738807678
Track.001,607,0.4978993237018585,0.6952828764915466,955.9667015075684,750.9055066108704
Track.001,608,0.49785077571868896,0.6952877044677734,955.8734893798828,750.9107208251953
Track.001,609,0.49785107374191284,0.6952959895133972,955.8740615844727,750.919668674469
Track.001,610,0.497864693403244,0.6953112483024597,955.9002113342285,750.9361481666565
Track.001,611,0.497883141040802,0.6952832341194153,955.9356307983398,750.9058928489685
Track.001,612,0.4978739023208618,0.6952835321426392,955.9178924560547,750.9062147140503
Track.001,613,0.49784526228904724,0.6952823400497437,955.8629035949707,750.9049272537231
Track.001,614,0.49784526228904724,0.6952823400497437,955.8629035949707,750.9049272537231
Track.001,615,0.49784526228904724,0.6894493699073792,955.8629035949707,744.6053194999695
Track.001,616,0.4978467524051666,0.6894406676292419,955.8657646179199,744.5959210395813
Track.001,617,0.4978431165218353,0.6894575953483582,955.8587837219238,744.6142029762268
Track.001,618,0.4978581964969635,0.6894574165344238,955.8877372741699,744.6140098571777
Track.001,619,0.4978095591068268,0.6894435286521912,955.7943534851074,744.5990109443665
Track.001,620,0.4978095591068268,0.6894435286521912,955.7943534851074,744.5990109443665
Track.001,621,0.49826517701148987,0.6896685361862183,956.6691398620605,744.8420190811157
Track.001,622,0.49826791882514954,0.6896617412567139,956.6744041442871,744.834680557251
Track.001,623,0.49827826023101807,0.6896792054176331,956.6942596435547,744.8535418510437
Track.001,624,0.4982445538043976,0.6896823048591614,956.6295433044434,744.8568892478943
Track.001,625,0.49831074476242065,0.6896935701370239,956.7566299438477,744.8690557479858
Track.001,626,0.49824225902557373,0.6897010803222656,956.6251373291016,744.8771667480469
Track.001,627,0.498269647359848,0.6897032856941223,956.6777229309082,744.8795485496521
Track.001,628,0.49783840775489807,0.6895487904548645,955.8497428894043,744.7126936912537
Track.001,629,0.49783840775489807,0.6895487904548645,955.8497428894043,744.7126936912537
Track.001,630,0.49784329533576965,0.6895352602005005,955.8591270446777,744.6980810165405
Track.001,631,0.4978793263435364,0.6895272731781006,955.9283065795898,744.6894550323486
Track.001,632,0.49780064821243286,0.6895222067832947,955.7772445678711,744.6839833259583
Track.001,633,0.4977964758872986,0.6895210146903992,955.7692337036133,744.6826958656311
Track.001,634,0.4977964758872986,0.6895210146903992,955.7692337036133,744.6826958656311
Track.001,635,0.4986439049243927,0.6893410086631775,957.396297454834,744.4882893562317
Track.001,636,0.49864402413368225,0.689341127872467,957.3965263366699,744.4884181022644
Track.001,637,0.4986371397972107,0.689325749874115,957.3833084106445,744.4718098640442
Track.001,638,0.4985990524291992,0.6893736720085144,957.3101806640625,744.5235657691956
Track.001,639,0.4985819160938263,0.6893721222877502,957.2772789001465,744.5218920707703
Track.001,640,0.4986065924167633,0.6893749237060547,957.3246574401855,744.5249176025391
Track.001,641,0.4987212121486664,0.6896098852157593,957.5447273254395,744.77867603302
Track.001,642,0.4987212121486664,0.6896098852157593,957.5447273254395,744.77867603302
Track.001,643,0.49870023131370544,0.6895935535430908,957.5044441223145,744.7610378265381
Track.001,644,0.49868935346603394,0.6895899176597595,957.4835586547852,744.7571110725403
Track.001,645,0.49868184328079224,0.6895711421966553,957.4691390991211,744.7368335723877
Track.001,646,0.4986797869205475,0.6895571947097778,957.4651908874512,744.7217702865601
Track.001,647,0.4986797869205475,0.6895571947097778,957.4651908874512,744.7217702865601
Track.001,648,0.49778738617897034,0.6898028254508972,955.751781463623,744.987051486969
Track.001,649,0.49780023097991943,0.6897931694984436,955.7764434814453,744.9766230583191
Track.001,650,0.49779823422431946,0.6897907853126526,955.7726097106934,744.9740481376648
Track.001,651,0.49777752161026,0.6897927522659302,955.7328414916992,744.9761724472046
Track.001,652,0.4978039860725403,0.6897983551025391,955.7836532592773,744.9822235107422
Track.001,653,0.49780169129371643,0.6897976994514465,955.7792472839355,744.9815154075623
Track.001,654,0.4977717995643616,0.689786970615387,955.7218551635742,744.9699282646179
Track.001,655,0.4977717399597168,0.6897870302200317,955.7217407226562,744.9699926376343
Track.001,656,0.4971523582935333,0.6898216605186462,954.532527923584,745.0073933601379
Track.001,657,0.4971523582935333,0.6898216605186462,954.532527923584,745.0073933601379
Track.001,658,0.49710506200790405,0.6898378133773804,954.4417190551758,745.0248384475708
Track.001,659,0.4970719516277313,0.6898085474967957,954.3781471252441,744.9932312965393
Track.001,660,0.49708253145217896,0.689809262752533,954.3984603881836,744.9940037727356
Track.001,661,0.49704089760780334,0.6897944808006287,954.3185234069824,744.978039264679
Track.001,662,0.49704089760780334,0.6897944808006287,954.3185234069824,744.978039264679
Track.001,663,0.4966745376586914,0.6902350783348083,953.6151123046875,745.453884601593
Track.001,664,0.49669525027275085,0.6902416944503784,953.6548805236816,745.4610300064087
Track.001,665,0.4967190623283386,0.6902657151222229,953.7005996704102,745.4869723320007
Track.001,666,0.4967067837715149,0.6902657747268677,953.6770248413086,745.4870367050171
Track.001,667,0.4967130124568939,0.6902660727500916,953.6889839172363,745.4873585700989
Track.001,668,0.4967130124568939,0.6902660727500916,953.6889839172363,745.4873585700989
Track.001,669,0.4975411593914032,0.6901566982269287,955.2790260314941,745.369234085083
Track.001,670,0.49749982357025146,0.6901633143424988,955.1996612548828,745.3763794898987
Track.001,671,0.49752748012542725,0.6901598572731018,955.2527618408203,745.37264585495
Track.001,672,0.49751850962638855,0.6901881098747253,955.235538482666,745.4031586647034
Track.001,673,0.49754443764686584,0.690178394317627,955.2853202819824,745.3926658630371
Track.001,674,0.4975856840610504,0.6901703476905823,955.3645133972168,745.3839755058289
Track.001,675,0.49759718775749207,0.6901800632476807,955.3866004943848,745.3944683074951
Track.001,676,0.4980807602405548,0.6904227137565613,956.3150596618652,745.6565308570862
Track.001,677,0.4980807602405548,0.6904227137565613,956.3150596618652,745.6565308570862
Track.001,678,0.4980791509151459,0.6904227137565613,956.3119697570801,745.6565308570862
Track.001,679,0.49805688858032227,0.6904065608978271,956.2692260742188,745.6390857696533
Track.001,680,0.4979987144470215,0.6903992891311646,956.1575317382812,745.6312322616577
Track.001,681,0.49798518419265747,0.6904035210609436,956.1315536499023,745.6358027458191
Track.001,682,0.49796411395072937,0.6904134154319763,956.0910987854004,745.6464886665344
Track.001,683,0.49793121218681335,0.6904154419898987,956.0279273986816,745.6486773490906
Track.001,684,0.4979223310947418,0.6903907656669617,956.0108757019043,745.6220269203186
Track.001,685,0.4974046051502228,0.6913129687309265,955.0168418884277,746.6180062294006
Track.001,686,0.4974046051502228,0.6913129687309265,955.0168418884277,746.6180062294006
Track.001,687,0.49734216928482056,0.691333532333374,954.8969650268555,746.640214920044
Track.001,688,0.49737077951431274,0.6913294196128845,954.9518966674805,746.6357731819153
Track.001,689,0.49737027287483215,0.6913375854492188,954.9509239196777,746.6445922851562
Track.001,690,0.49739938974380493,0.6913331151008606,955.0068283081055,746.6397643089294
Track.001,691,0.49770796298980713,0.6912410259246826,955.5992889404297,746.5403079986572
Track.001,692,0.49770796298980713,0.6912410259246826,955.5992889404297,746.5403079986572
Track.001,693,0.49777644872665405,0.6912503242492676,955.7307815551758,746.550350189209
Track.001,694,0.49771377444267273,0.6912628412246704,955.6104469299316,746.563868522644
Track.001,695,0.49771377444267273,0.6912628412246704,955.6104469299316,746.563868522644
Track.001,696,0.4969029128551483,0.6914096474647522,954.0535926818848,746.7224192619324
Track.001,697,0.49692055583000183,0.6914394497871399,954.0874671936035,746.7546057701111
Track.001,698,0.4968913197517395,0.6914210319519043,954.0313339233398,746.7347145080566
Track.001,699,0.4968876242637634,0.6914238929748535,954.0242385864258,746.7378044128418
Track.001,700,0.49690136313438416,0.6914153695106506,954.0506172180176,746.7285990715027
Track.001,701,0.4968879818916321,0.6914522051811218,954.0249252319336,746.7683815956116
Track.001,702,0.49690762162208557,0.691437840461731,954.0626335144043,746.7528676986694
Track.001,703,0.4969078004360199,0.6914387941360474,954.0629768371582,746.7538976669312
Track.001,704,0.4977334141731262,0.6914845108985901,955.6481552124023,746.8032717704773
Track.001,705,0.4977334141731262,0.6914845108985901,955.6481552124023,746.8032717704773
Track.001,706,0.4977249205112457,0.6915009617805481,955.6318473815918,746.821038722992
Track.001,707,0.4977249205112457,0.6915009617805481,955.6318473815918,746.821038722992
Track.001,708,0.4977181851863861,0.6915003657341003,955.6189155578613,746.8203949928284
Track.001,709,0.49774256348609924,0.691487193107605,955.6657218933105,746.8061685562134
Track.001,710,0.49774256348609924,0.691487193107605,955.6657218933105,746.8061685562134
Track.001,711,0.5019436478614807,0.6916738152503967,963.731803894043,747.0077204704285
Track.001,712,0.5019354224205017,0.6916899681091309,963.7160110473633,747.0251655578613
Track.001,713,0.5019360184669495,0.691692590713501,963.717155456543,747.027997970581
Track.001,714,0.5019012689590454,0.6917063593864441,963.6504364013672,747.0428681373596
Track.001,715,0.5018860101699829,0.6916881799697876,963.6211395263672,747.0232343673706
Track.001,716,0.5018860101699829,0.6916881799697876,963.6211395263672,747.0232343673706
Track.001,717,0.5018780827522278,0.6916714310646057,963.6059188842773,747.0051455497742
Track.001,718,0.5045455098152161,0.6918841600418091,968.7273788452148,747.2348928451538
Track.001,719,0.5045455098152161,0.6918841600418091,968.7273788452148,747.2348928451538
Track.001,720,0.5044775605201721,0.6918846964836121,968.5969161987305,747.235472202301
Track.001,721,0.5044481754302979,0.6918852925300598,968.5404968261719,747.2361159324646
Track.001,722,0.5045096278190613,0.6918916702270508,968.6584854125977,747.2430038452148
Track.001,723,0.5045304894447327,0.6919071078300476,968.6985397338867,747.2596764564514
Track.001,724,0.5045350193977356,0.6919036507606506,968.7072372436523,747.2559428215027
Track.001,725,0.5045350193977356,0.6919036507606506,968.7072372436523,747.2559428215027
Track.001,726,0.5045233368873596,0.6917809247970581,968.6848068237305,747.1233987808228
Track.001,727,0.5045549869537354,0.6917752623558044,968.7455749511719,747.1172833442688
Track.001,728,0.5045542120933533,0.6917710304260254,968.7440872192383,747.1127128601074
Track.001,729,0.5045578479766846,0.6917686462402344,968.7510681152344,747.1101379394531
Track.001,730,0.5045298337936401,0.6917605400085449,968.6972808837891,747.1013832092285
Track.001,731,0.5045320987701416,0.6917865872383118,968.7016296386719,747.1295142173767
Track.001,732,0.5045230388641357,0.6917866468429565,968.6842346191406,747.1295785903931
Track.001,733,0.5036250352859497,0.6911348700523376,966.9600677490234,746.4256596565247
Track.001,734,0.5036250352859497,0.6911348700523376,966.9600677490234,746.4256596565247
Track.001,735,0.5036286115646362,0.6911503076553345,966.9669342041016,746.4423322677612
Track.001,736,0.5036441087722778,0.6911397576332092,966.9966888427734,746.430938243866
Track.001,737,0.5036444067955017,0.691139817237854,966.9972610473633,746.4310026168823
Track.001,738,0.5036419034004211,0.6911355257034302,966.9924545288086,746.4263677597046
Track.001,739,0.5001732110977173,0.684268057346344,960.3325653076172,739.0095019340515
Track.001,740,0.5001732110977173,0.684268057346344,960.3325653076172,739.0095019340515
Track.001,741,0.5001870393753052,0.6842918992042542,960.3591156005859,739.0352511405945
Track.001,742,0.5002158284187317,0.6843063235282898,960.4143905639648,739.050829410553
Track.001,743,0.5001856684684753,0.6843026280403137,960.3564834594727,739.0468382835388
Track.001,744,0.5001814961433411,0.6842920780181885,960.3484725952148,739.0354442596436
Track.001,745,0.5001814961433411,0.6842920780181885,960.3484725952148,739.0354442596436
Track.001,746,0.5011351108551025,0.6850090026855469,962.1794128417969,739.8097229003906
Track.001,747,0.5011351108551025,0.6850090026855469,962.1794128417969,739.8097229003906
Track.001,748,0.5011109709739685,0.6850047707557678,962.1330642700195,739.8051524162292
Track.001,749,0.5010931491851807,0.684997022151947,962.0988464355469,739.7967839241028
Track.001,750,0.5010924935340881,0.6850112676620483,962.0975875854492,739.8121690750122
Track.001,751,0.501205563545227,0.685016930103302,962.3146820068359,739.8182845115662
Track.001,752,0.5006433725357056,0.6852690577507019,961.2352752685547,740.090582370758
Track.001,753,0.5006433725357056,0.6852690577507019,961.2352752685547,740.090582370758
Track.001,754,0.5006433725357056,0.6852690577507019,961.2352752685547,740.090582370758
Track.001,755,0.5006412267684937,0.6852787137031555,961.2311553955078,740.101010799408
Track.001,756,0.5006354451179504,0.6852825880050659,961.2200546264648,740.1051950454712
Track.001,757,0.500625729560852,0.6853074431419373,961.2014007568359,740.1320385932922
Track.001,758,0.5006508231163025,0.685337483882904,961.2495803833008,740.1644825935364
Track.001,759,0.500636100769043,0.6852865219116211,961.2213134765625,740.1094436645508
Track.001,760,0.5006259679794312,0.6853023767471313,961.2018585205078,740.1265668869019
Track.001,761,0.5004522800445557,0.6863049864768982,960.8683776855469,741.20938539505
Track.001,762,0.5004522800445557,0.6863049864768982,960.8683776855469,741.20938539505
Track.001,763,0.5004373788833618,0.6863091588020325,960.8397674560547,741.2138915061951
Track.001,764,0.5004373788833618,0.6863091588020325,960.8397674560547,741.2138915061951
Track.001,765,0.5004897117614746,0.6863204836845398,960.9402465820312,741.226122379303
Track.001,766,0.5015274286270142,0.686906635761261,962.9326629638672,741.8591666221619
Track.001,767,0.5015201568603516,0.686884343624115,962.918701171875,741.8350911140442
Track.001,768,0.5014835000038147,0.6868758201599121,962.8483200073242,741.8258857727051
Track.001,769,0.5014718770980835,0.6868762969970703,962.8260040283203,741.8264007568359
Track.001,770,0.5014564394950867,0.6868700385093689,962.7963638305664,741.8196415901184
Track.001,771,0.501445472240448,0.6868716478347778,962.7753067016602,741.8213796615601
Track.001,772,0.5014404654502869,0.6868911981582642,962.7656936645508,741.8424940109253
Track.001,773,0.5014771819114685,0.686900794506073,962.8361892700195,741.8528580665588
Track.001,774,0.5018795728683472,0.6869726777076721,963.6087799072266,741.9304919242859
Track.001,775,0.5018998384475708,0.6869856119155884,963.6476898193359,741.9444608688354
Track.001,776,0.5018618106842041,0.6869781017303467,963.5746765136719,741.9363498687744
Track.001,777,0.5018618106842041,0.6869781017303467,963.5746765136719,741.9363498687744
Track.001,778,0.501850962638855,0.6869993805885315,963.5538482666016,741.959331035614
Track.001,779,0.501850962638855,0.6869993805885315,963.5538482666016,741.959331035614
Track.001,780,0.501850962638855,0.6869993805885315,963.5538482666016,741.959331035614
Track.001,781,0.502129316329956,0.6871756911277771,964.0882873535156,742.1497464179993
Track.001,782,0.5020756125450134,0.6871709823608398,963.9851760864258,742.144660949707
Track.001,783,0.5020865797996521,0.6871733665466309,964.006233215332,742.1472358703613
Track.001,784,0.5020884275436401,0.6871667504310608,964.0097808837891,742.1400904655457
Track.001,785,0.502052366733551,0.6871517896652222,963.940544128418,742.1239328384399
Track.001,786,0.5020670294761658,0.6871688365936279,963.9686965942383,742.1423435211182
Track.001,787,0.5020871162414551,0.6871946454048157,964.0072631835938,742.1702170372009
Track.001,788,0.5021100044250488,0.6871817708015442,964.0512084960938,742.1563124656677
Track.001,789,0.5018677115440369,0.6873783469200134,963.5860061645508,742.3686146736145
Track.001,790,0.5018963813781738,0.6874032020568848,963.6410522460938,742.3954582214355
Track.001,791,0.5019310712814331,0.6873956322669983,963.7076568603516,742.3872828483582
Track.001,792,0.5018948912620544,0.687395453453064,963.6381912231445,742.3870897293091
Track.001,793,0.501909077167511,0.6874021887779236,963.6654281616211,742.3943638801575
Track.001,794,0.5031359791755676,0.6870013475418091,966.0210800170898,741.9614553451538
Track.001,795,0.5031359791755676,0.6870013475418091,966.0210800170898,741.9614553451538
Track.001,796,0.5031354427337646,0.686981201171875,966.0200500488281,741.939697265625
Track.001,797,0.5031256675720215,0.6869831681251526,966.0012817382812,741.9418215751648
Track.001,798,0.5031219124794006,0.6869786381721497,965.9940719604492,741.9369292259216
Track.001,799,0.5031355023384094,0.6869869828224182,966.0201644897461,741.9459414482117
Track.001,800,0.5031260251998901,0.6869891285896301,966.0019683837891,741.9482588768005
Track.001,801,0.5031260251998901,0.6869891285896301,966.0019683837891,741.9482588768005
Track.001,802,0.5030321478843689,0.6871351599693298,965.8217239379883,742.1059727668762
Track.001,803,0.5030573606491089,0.6871396899223328,965.8701324462891,742.1108651161194
Track.001,804,0.5030573606491089,0.6871396899223328,965.8701324462891,742.1108651161194
Track.001,805,0.5030872821807861,0.6871458888053894,965.9275817871094,742.1175599098206
Track.001,806,0.5030633211135864,0.6871539950370789,965.8815765380859,742.1263146400452
Track.001,807,0.5030633211135864,0.6871539950370789,965.8815765380859,742.1263146400452
Track.001,808,0.5030590891838074,0.6871621012687683,965.8734512329102,742.1350693702698
Track.001,809,0.5026618838310242,0.6872786283493042,965.1108169555664,742.2609186172485
Track.001,810,0.5026618838310242,0.6872786283493042,965.1108169555664,742.2609186172485
Track.001,811,0.5026290416717529,0.687278687953949,965.0477600097656,742.2609829902649
Track.001,812,0.5026788711547852,0.6872841715812683,965.1434326171875,742.2669053077698
Track.001,813,0.5026596188545227,0.6872988343238831,965.1064682006836,742.2827410697937
Track.001,814,0.5027015209197998,0.6873014569282532,965.1869201660156,742.2855734825134
Track.001,815,0.5026959180831909,0.6873012185096741,965.1761627197266,742.285315990448
Track.001,816,0.502610445022583,0.6865879893302917,965.0120544433594,741.5150284767151
Track.001,817,0.5026183724403381,0.6865750551223755,965.0272750854492,741.5010595321655
Track.001,818,0.5025869607925415,0.6865820288658142,964.9669647216797,741.5085911750793
Track.001,819,0.502615749835968,0.6865589618682861,965.0222396850586,741.483678817749
Track.001,820,0.5026006698608398,0.6865536570549011,964.9932861328125,741.4779496192932
Track.001,821,0.5025986433029175,0.686556339263916,964.9893951416016,741.4808464050293
Track.001,822,0.5022322535514832,0.6862369775772095,964.2859268188477,741.1359357833862
Track.001,823,0.5022242665290833,0.6862403154373169,964.2705917358398,741.1395406723022
Track.001,824,0.5021958947181702,0.68625408411026,964.2161178588867,741.1544108390808
Track.001,825,0.5022125840187073,0.6862547397613525,964.248161315918,741.1551189422607
Track.001,826,0.5022246837615967,0.6862585544586182,964.2713928222656,741.1592388153076
Track.001,827,0.5022095441818237,0.6862614750862122,964.2423248291016,741.1623930931091
Track.001,828,0.5021951794624329,0.6862646341323853,964.2147445678711,741.1658048629761
Track.001,829,0.502178430557251,0.6862531900405884,964.1825866699219,741.1534452438354
Track.001,830,0.502178430557251,0.6862531900405884,964.1825866699219,741.1534452438354
Track.001,831,0.5016409158706665,0.6857714056968689,963.1505584716797,740.6331181526184
Track.001,832,0.5016573667526245,0.6857562065124512,963.1821441650391,740.6167030334473
Track.001,833,0.5016222596168518,0.6857483983039856,963.1147384643555,740.6082701683044
Track.001,834,0.5016227960586548,0.6857479810714722,963.1157684326172,740.6078195571899
Track.001,835,0.5016195774078369,0.6857417225837708,963.1095886230469,740.6010603904724
Track.001,836,0.5015996694564819,0.685735821723938,963.0713653564453,740.594687461853
Track.001,837,0.5013281106948853,0.6856590509414673,962.5499725341797,740.5117750167847
Track.001,838,0.5013445019721985,0.6856520771980286,962.5814437866211,740.5042433738708
Track.001,839,0.5013972520828247,0.685642421245575,962.6827239990234,740.493814945221
Track.001,840,0.5013686418533325,0.685634434223175,962.6277923583984,740.485188961029
Track.001,841,0.5013697743415833,0.6856425404548645,962.6299667358398,740.4939436912537
Track.001,842,0.5013559460639954,0.6856364011764526,962.6034164428711,740.4873132705688
Track.001,843,0.5013559460639954,0.6856364011764526,962.6034164428711,740.4873132705688
Track.001,844,0.500790536403656,0.6857806444168091,961.5178298950195,740.6430959701538
Track.001,845,0.5007794499397278,0.6857752799987793,961.4965438842773,740.6373023986816
Track.001,846,0.5007800459861755,0.6857759952545166,961.497688293457,740.6380748748779
Track.001,847,0.5007736086845398,0.685774028301239,961.4853286743164,740.6359505653381
Track.001,848,0.500747561454773,0.6857817769050598,961.4353179931641,740.6443190574646
Track.001,849,0.500747561454773,0.6857817769050598,961.4353179931641,740.6443190574646
Track.001,850,0.4995966851711273,0.6832029223442078,959.2256355285645,737.8591561317444
Track.001,851,0.4995826482772827,0.6831994652748108,959.1986846923828,737.8554224967957
Track.001,852,0.4995826184749603,0.6831995248794556,959.1986274719238,737.855486869812
Track.001,853,0.4995693266391754,0.6832103729248047,959.1731071472168,737.8672027587891
Track.001,854,0.4995739758014679,0.6832295656204224,959.1820335388184,737.8879308700562
Track.001,855,0.49961307644844055,0.6832150816917419,959.2571067810059,737.8722882270813
Track.001,856,0.4996033012866974,0.6832143068313599,959.238338470459,737.8714513778687
Track.001,857,0.49926242232322693,0.6829301714897156,958.5838508605957,737.5645852088928
Track.001,858,0.49926242232322693,0.6829301714897156,958.5838508605957,737.5645852088928
Track.001,859,0.4992680549621582,0.6829115748405457,958.5946655273438,737.5445008277893
Track.001,860,0.4992761015892029,0.6829383373260498,958.6101150512695,737.5734043121338
Track.001,861,0.49925151467323303,0.6829391717910767,958.5629081726074,737.5743055343628
Track.001,862,0.49923333525657654,0.6829482316970825,958.528003692627,737.5840902328491
Track.001,863,0.49923333525657654,0.6829482316970825,958.528003692627,737.5840902328491
Track.001,864,0.49960291385650635,0.6837055087089539,959.2375946044922,738.4019494056702
Track.001,865,0.49960291385650635,0.6837055087089539,959.2375946044922,738.4019494056702
Track.001,866,0.4996315836906433,0.683719277381897,959.2926406860352,738.4168195724487
Track.001,867,0.49959808588027954,0.6837176084518433,959.2283248901367,738.4150171279907
Track.001,868,0.49961283802986145,0.683715283870697,959.256649017334,738.4125065803528
Track.001,869,0.49959832429885864,0.6837142109870911,959.2287826538086,738.4113478660583
Track.001,870,0.499553382396698,0.6837348937988281,959.1424942016602,738.4336853027344
Track.001,871,0.4995902180671692,0.6837204694747925,959.2132186889648,738.4181070327759
Track.001,872,0.4997623562812805,0.6854610443115234,959.5437240600586,740.2979278564453
Track.001,873,0.4997623562812805,0.6854610443115234,959.5437240600586,740.2979278564453
Track.001,874,0.49978625774383545,0.6854543685913086,959.5896148681641,740.2907180786133
Track.001,875,0.4997473657131195,0.6854569315910339,959.5149421691895,740.2934861183167
Track.001,876,0.49978628754615784,0.6854633688926697,959.589672088623,740.3004384040833
Track.001,877,0.49977409839630127,0.685460090637207,959.5662689208984,740.2968978881836
Track.001,878,0.499777615070343,0.6854671239852905,959.5730209350586,740.3044939041138
Track.001,879,0.4990582764148712,0.6865838170051575,958.1918907165527,741.5105223655701
Track.001,880,0.4990582764148712,0.6865837574005127,958.1918907165527,741.5104579925537
Track.001,881,0.49900439381599426,0.6866292953491211,958.088436126709,741.5596389770508
Track.001,882,0.49905577301979065,0.6865425705909729,958.187084197998,741.4659762382507
Track.001,883,0.49902698397636414,0.6865478157997131,958.1318092346191,741.4716410636902
Track.001,884,0.49902650713920593,0.6865494847297668,958.1308937072754,741.4734435081482
Track.001,885,0.4990300238132477,0.6865631937980652,958.1376457214355,741.4882493019104
Track.001,886,0.49856171011924744,0.685968279838562,957.2384834289551,740.845742225647
Track.001,887,0.4985843896865845,0.6859791278839111,957.2820281982422,740.857458114624
Track.001,888,0.49859103560447693,0.6859851479530334,957.2947883605957,740.8639597892761
Track.001,889,0.4985809922218323,0.6859942674636841,957.275505065918,740.8738088607788
Track.001,890,0.49857789278030396,0.685992956161499,957.2695541381836,740.872392654419
Track.001,891,0.49857789278030396,0.685992956161499,957.2695541381836,740.872392654419
Track.001,892,0.4985375702381134,0.685973584651947,957.1921348571777,740.8514714241028
Track.001,893,0.4985131621360779,0.6859691739082336,957.1452713012695,740.8467078208923
Track.001,894,0.4984893202781677,0.6859583854675293,957.099494934082,740.8350563049316
Track.001,895,0.4985075891017914,0.6859624981880188,957.1345710754395,740.8394980430603
Track.001,896,0.49851372838020325,0.6859589219093323,957.1463584899902,740.8356356620789
Track.001,897,0.49851372838020325,0.6859589219093323,957.1463584899902,740.8356356620789
Track.001,898,0.4994719624519348,0.6860466599464417,958.9861679077148,740.930392742157
Track.001,899,0.4994722902774811,0.6860707998275757,958.9867973327637,740.9564638137817
Track.001,900,0.4995012581348419,0.6859639883041382,959.0424156188965,740.8411073684692
Track.001,901,0.4994871914386749,0.6859821677207947,959.0154075622559,740.8607411384583
Track.001,902,0.4995032846927643,0.6860029101371765,959.0463066101074,740.8831429481506
Track.001,903,0.49946925044059753,0.6860079765319824,958.9809608459473,740.888614654541
Track.001,904,0.49946388602256775,0.6860193610191345,958.9706611633301,740.9009099006653
Track.001,905,0.49941492080688477,0.686038613319397,958.8766479492188,740.9217023849487
Track.001,906,0.49941492080688477,0.686038613319397,958.8766479492188,740.9217023849487
Track.001,907,0.4990033805370331,0.686412513256073,958.0864906311035,741.3255143165588
Track.001,908,0.49898359179496765,0.6864259839057922,958.0484962463379,741.3400626182556
Track.001,909,0.4990188777446747,0.6864306330680847,958.1162452697754,741.3450837135315
Track.001,910,0.4989822208881378,0.6864310503005981,958.0458641052246,741.345534324646
Track.001,911,0.498980849981308,0.6863961219787598,958.0432319641113,741.3078117370605
Track.001,912,0.49896255135536194,0.6863897442817688,958.0080986022949,741.3009238243103
Track.001,913,0.498958021402359,0.6863954067230225,957.9994010925293,741.3070392608643
Track.001,914,0.4983871579170227,0.6854711174964905,956.9033432006836,740.3088068962097
Track.001,915,0.4983871579170227,0.6854711174964905,956.9033432006836,740.3088068962097
Track.001,916,0.4983396530151367,0.6854643225669861,956.8121337890625,740.301468372345
Track.001,917,0.49837392568588257,0.6854614615440369,956.8779373168945,740.2983784675598
Track.001,918,0.49836647510528564,0.6854398846626282,956.8636322021484,740.2750754356384
Track.001,919,0.4984045624732971,0.6854356527328491,956.9367599487305,740.270504951477
Track.001,920,0.4981122314929962,0.6858382225036621,956.3754844665527,740.7052803039551
Track.001,921,0.4981122314929962,0.6858382225036621,956.3754844665527,740.7052803039551
Track.001,922,0.49811065196990967,0.6858670115470886,956.3724517822266,740.7363724708557
Track.001,923,0.4981454610824585,0.6858753561973572,956.4392852783203,740.7453846931458
Track.001,924,0.4981270432472229,0.6858504414558411,956.403923034668,740.7184767723083
Track.001,925,0.49814286828041077,0.6858561635017395,956.4343070983887,740.7246565818787
Track.001,926,0.4980964958667755,0.6858665943145752,956.345272064209,740.7359218597412
Track.001,927,0.49836379289627075,0.6879991292953491,956.8584823608398,743.039059638977
Track.001,928,0.49836379289627075,0.6879991292953491,956.8584823608398,743.039059638977
Track.001,929,0.49838289618492126,0.6879940629005432,956.8951606750488,743.0335879325867
Track.001,930,0.4983624815940857,0.6880025267601013,956.8559646606445,743.0427289009094
Track.001,931,0.49837225675582886,0.688000500202179,956.8747329711914,743.0405402183533
Track.001,932,0.49837225675582886,0.688000500202179,956.8747329711914,743.0405402183533
Track.001,933,0.49838265776634216,0.6879966855049133,956.894702911377,743.0364203453064
Track.001,934,0.4986848533153534,0.689089834690094,957.4749183654785,744.2170214653015
Track.001,935,0.498676598072052,0.6890915632247925,957.4590682983398,744.2188882827759
Track.001,936,0.49867409467697144,0.6890959739685059,957.4542617797852,744.2236518859863
Track.001,937,0.4986095130443573,0.6891065835952759,957.330265045166,744.235110282898
Track.001,938,0.4986787438392639,0.6890946626663208,957.4631881713867,744.2222356796265
Track.001,939,0.4986720085144043,0.689094603061676,957.4502563476562,744.2221713066101
Track.001,940,0.4986772835254669,0.6890876889228821,957.4603843688965,744.2147040367126
Track.001,941,0.49867716431617737,0.6890875101089478,957.4601554870605,744.2145109176636
Track.001,942,0.5006609559059143,0.6893165707588196,961.2690353393555,744.4618964195251
Track.001,943,0.5006892085075378,0.6893080472946167,961.3232803344727,744.452691078186
Track.001,944,0.5007463097572327,0.6893202066421509,961.4329147338867,744.465823173523
Track.001,945,0.5006779432296753,0.6893284320831299,961.3016510009766,744.4747066497803
Track.001,946,0.5007107257843018,0.6893272995948792,961.3645935058594,744.4734835624695
Track.001,947,0.5007768869400024,0.6893281936645508,961.4916229248047,744.4744491577148
Track.001,948,0.5007768869400024,0.6893281936645508,961.4916229248047,744.4744491577148
Track.001,949,0.5007492899894714,0.6893854737281799,961.4386367797852,744.5363116264343
Track.001,950,0.5007549524307251,0.6893912553787231,961.4495086669922,744.542555809021
Track.001,951,0.5007233023643494,0.6894002556800842,961.3887405395508,744.552276134491
Track.001,952,0.5007191300392151,0.6894069910049438,961.380729675293,744.5595502853394
Track.001,953,0.500760555267334,0.689386785030365,961.4602661132812,744.5377278327942
Track.001,954,0.500760555267334,0.689386785030365,961.4602661132812,744.5377278327942
Track.001,955,0.5008174180984497,0.6898506879806519,961.5694427490234,745.038743019104
Track.001,956,0.5008154511451721,0.6898728609085083,961.5656661987305,745.062689781189
Track.001,957,0.5008061528205872,0.6898732781410217,961.5478134155273,745.0631403923035
Track.001,958,0.5007849931716919,0.6898732781410217,961.5071868896484,745.0631403923035
Track.001,959,0.5007792115211487,0.6898799538612366,961.4960861206055,745.0703501701355
Track.001,960,0.5008244514465332,0.6898776292800903,961.5829467773438,745.0678396224976
Track.001,961,0.500853419303894,0.6898667216300964,961.6385650634766,745.0560593605042
Track.001,962,0.4998030364513397,0.6903352737426758,959.6218299865723,745.5620956420898
Track.001,963,0.4998030364513397,0.6903352737426758,959.6218299865723,745.5620956420898
Track.001,964,0.49980637431144714,0.6903378367424011,959.6282386779785,745.5648636817932
Track.001,965,0.4997979998588562,0.6903296113014221,959.6121597290039,745.5559802055359
Track.001,966,0.49986809492111206,0.6903010606765747,959.7467422485352,745.5251455307007
Track.001,967,0.49984613060951233,0.6902942657470703,959.7045707702637,745.5178070068359
Track.001,968,0.500367283821106,0.6903780698776245,960.7051849365234,745.6083154678345
Track.001,969,0.500367283821106,0.6903780698776245,960.7051849365234,745.6083154678345
Track.001,970,0.500406801700592,0.6903979778289795,960.7810592651367,745.6298160552979
Track.001,971,0.5003938674926758,0.6904165148735046,960.7562255859375,745.649836063385
Track.001,972,0.5003938674926758,0.6904165148735046,960.7562255859375,745.649836063385
Track.001,973,0.5003708600997925,0.6904353499412537,960.7120513916016,745.670177936554
Track.001,974,0.5004127621650696,0.6903916001319885,960.7925033569336,745.6229281425476
Track.001,975,0.5004009008407593,0.690392017364502,960.7697296142578,745.6233787536621
Track.001,976,0.5004042983055115,0.690386176109314,960.776252746582,745.6170701980591
Track.001,977,0.5005664825439453,0.6908525228500366,961.087646484375,746.1207246780396
Track.001,978,0.5005664825439453,0.6908525228500366,961.087646484375,746.1207246780396
Track.001,979,0.5005876421928406,0.6908519864082336,961.1282730102539,746.1201453208923
Track.001,980,0.500541090965271,0.6908280849456787,961.0388946533203,746.094331741333
Track.001,981,0.500543475151062,0.6908965706825256,961.0434722900391,746.1682963371277
Track.001,982,0.5005500316619873,0.6908836960792542,961.0560607910156,746.1543917655945
Track.001,983,0.5005183815956116,0.6908197402954102,960.9952926635742,746.085319519043
Track.001,984,0.5007496476173401,0.6913523077964783,961.439323425293,746.6604924201965
Track.001,985,0.5007496476173401,0.6913523077964783,961.439323425293,746.6604924201965
Track.001,986,0.500732421875,0.6913415789604187,961.40625,746.6489052772522
Track.001,987,0.5007357597351074,0.6913421154022217,961.4126586914062,746.6494846343994
Track.001,988,0.5007261037826538,0.6913438439369202,961.3941192626953,746.6513514518738
Track.001,989,0.5007261037826538,0.6913438439369202,961.3941192626953,746.6513514518738
Track.001,990,0.500905454158783,0.6929547786712646,961.7384719848633,748.3911609649658
Track.001,991,0.5009052157402039,0.6929553747177124,961.7380142211914,748.3918046951294
Track.001,992,0.500903308391571,0.692983865737915,961.7343521118164,748.4225749969482
Track.001,993,0.5008720755577087,0.6929851174354553,961.6743850708008,748.4239268302917
Track.001,994,0.5008790493011475,0.6929901838302612,961.6877746582031,748.4293985366821
Track.001,995,0.5008790493011475,0.6929901838302612,961.6877746582031,748.4293985366821
Track.001,996,0.5008790493011475,0.692990243434906,961.6877746582031,748.4294629096985
Track.001,997,0.5006298422813416,0.6928829550743103,961.2092971801758,748.3135914802551
Track.001,998,0.500632643699646,0.6928922533988953,961.2146759033203,748.3236336708069
Track.001,999,0.5006269812583923,0.6929004192352295,961.2038040161133,748.3324527740479
Track.001,1000,0.5006416440010071,0.6929093599319458,961.2319564819336,748.3421087265015
Track.001,1001,0.5006380677223206,0.6929232478141785,961.2250900268555,748.3571076393127
Track.001,1002,0.5006321668624878,0.6929201483726501,961.2137603759766,748.3537602424622
Track.001,1003,0.5006273984909058,0.6929206848144531,961.2046051025391,748.3543395996094
Track.001,1004,0.5006051063537598,0.6929140686988831,961.1618041992188,748.3471941947937
Track.001,1005,0.5004485845565796,0.6927157640457153,960.8612823486328,748.1330251693726
Track.001,1006,0.500447154045105,0.692720353603363,960.8585357666016,748.1379818916321
Track.001,1007,0.500461220741272,0.6927173137664795,960.8855438232422,748.1346988677979
Track.001,1008,0.5004484057426453,0.6926971077919006,960.8609390258789,748.1128764152527
Track.001,1009,0.5004484057426453,0.6926971077919006,960.8609390258789,748.1128764152527
Track.001,1010,0.5001201033592224,0.6927408576011658,960.230598449707,748.160126209259
Track.001,1011,0.5001433491706848,0.6927127242088318,960.2752304077148,748.1297421455383
Track.001,1012,0.500143826007843,0.6927107572555542,960.2761459350586,748.1276178359985
Track.001,1013,0.5001606941223145,0.6926975846290588,960.3085327148438,748.1133913993835
Track.001,1014,0.5001828670501709,0.6927238702774048,960.3511047363281,748.1417798995972
Track.001,1015,0.5001561641693115,0.6927316784858704,960.2998352050781,748.15021276474
Track.001,1016,0.5001665949821472,0.6927182078361511,960.3198623657227,748.1356644630432
Track.001,1017,0.5001589059829712,0.6927160024642944,960.3050994873047,748.133282661438
Track.001,1018,0.49982890486717224,0.6920686364173889,959.6714973449707,747.43412733078
Track.001,1019,0.4998396039009094,0.692074179649353,959.6920394897461,747.4401140213013
Track.001,1020,0.4998222291469574,0.6920573711395264,959.6586799621582,747.4219608306885
Track.001,1021,0.49990490078926086,0.6920636296272278,959.8174095153809,747.428719997406
Track.001,1022,0.4998960494995117,0.6920838356018066,959.8004150390625,747.4505424499512
Track.001,1023,0.499855101108551,0.6920676827430725,959.721794128418,747.4330973625183
Track.001,1024,0.499855101108551,0.6920676827430725,959.721794128418,747.4330973625183
Track.001,1025,0.4995984435081482,0.6923049092292786,959.2290115356445,747.6893019676208
Track.001,1026,0.4996033310890198,0.6922922730445862,959.238395690918,747.6756548881531
Track.001,1027,0.4996075928211212,0.692291796207428,959.2465782165527,747.6751399040222
Track.001,1028,0.49960845708847046,0.6922749876976013,959.2482376098633,747.6569867134094
Track.001,1029,0.499613881111145,0.6922994256019592,959.2586517333984,747.683379650116
Track.001,1030,0.4996023178100586,0.6922908425331116,959.2364501953125,747.6741099357605
Track.001,1031,0.4996034801006317,0.6923267841339111,959.2386817932129,747.712926864624
Track.001,1032,0.49972715973854065,0.6924129128456116,959.476146697998,747.8059458732605
Track.001,1033,0.49972715973854065,0.6924129128456116,959.476146697998,747.8059458732605
Track.001,1034,0.4997257590293884,0.6924043297767639,959.4734573364258,747.796676158905
Track.001,1035,0.4997108578681946,0.692413866519928,959.4448471069336,747.8069758415222
Track.001,1036,0.4997034966945648,0.6924142837524414,959.4307136535645,747.8074264526367
Track.001,1037,0.499713271856308,0.6924067735671997,959.4494819641113,747.7993154525757
Track.001,1038,0.5001155734062195,0.6925764679908752,960.2219009399414,747.9825854301453
Track.001,1039,0.5001155734062195,0.6925764679908752,960.2219009399414,747.9825854301453
Track.001,1040,0.5000962615013123,0.6925697326660156,960.1848220825195,747.9753112792969
Track.001,1041,0.5001173615455627,0.6925527453422546,960.2253341674805,747.956964969635
Track.001,1042,0.5001250505447388,0.6925826072692871,960.2400970458984,747.9892158508301
Track.001,1043,0.5001245737075806,0.692595362663269,960.2391815185547,748.0029916763306
Track.001,1044,0.5001324415206909,0.6926047205924988,960.2542877197266,748.0130982398987
Track.001,1045,0.5001012086868286,0.6925975680351257,960.1943206787109,748.0053734779358
Track.001,1046,0.500103771686554,0.6926002502441406,960.1992416381836,748.0082702636719
Track.001,1047,0.5002028942108154,0.693056046962738,960.3895568847656,748.5005307197571
Track.001,1048,0.5002028942108154,0.6930559873580933,960.3895568847656,748.5004663467407
Track.001,1049,0.5002004504203796,0.6930525898933411,960.3848648071289,748.4967970848083
Track.001,1050,0.5001728534698486,0.6930574774742126,960.3318786621094,748.5020756721497
Track.001,1051,0.5002081394195557,0.6930480003356934,960.3996276855469,748.4918403625488
Track.001,1052,0.5002066493034363,0.6930444836616516,960.3967666625977,748.4880423545837
Track.001,1053,0.5003267526626587,0.6922799944877625,960.6273651123047,747.6623940467834
Track.001,1054,0.5003412961959839,0.6922658085823059,960.6552886962891,747.6470732688904
Track.001,1055,0.5003412961959839,0.6922658085823059,960.6552886962891,747.6470732688904
Track.001,1056,0.5003717541694641,0.6922547221183777,960.7137680053711,747.6350998878479
Track.001,1057,0.5003435015678406,0.6922770142555237,960.6595230102539,747.6591753959656
Track.001,1058,0.50035160779953,0.6922754645347595,960.6750869750977,747.6575016975403
Track.001,1059,0.50035160779953,0.6922754645347595,960.6750869750977,747.6575016975403
Track.001,1060,0.4996478855609894,0.690244197845459,959.3239402770996,745.4637336730957
Track.001,1061,0.49965304136276245,0.690243661403656,959.3338394165039,745.4631543159485
Track.001,1062,0.49966591596603394,0.6902429461479187,959.3585586547852,745.4623818397522
Track.001,1063,0.49965715408325195,0.6902421712875366,959.3417358398438,745.4615449905396
Track.001,1064,0.4996301233768463,0.6902421712875366,959.2898368835449,745.4615449905396
Track.001,1065,0.4996301233768463,0.6902421712875366,959.2898368835449,745.4615449905396
Track.001,1066,0.49974316358566284,0.6910558342933655,959.5068740844727,746.3403010368347
Track.001,1067,0.4997442066669464,0.6910480856895447,959.5088768005371,746.3319325447083
Track.001,1068,0.49973344802856445,0.6910180449485779,959.4882202148438,746.2994885444641
Track.001,1069,0.4996814727783203,0.6910265684127808,959.388427734375,746.3086938858032
Track.001,1070,0.4997001588344574,0.691039502620697,959.4243049621582,746.3226628303528
Track.001,1071,0.49969327449798584,0.6910253167152405,959.4110870361328,746.3073420524597
Track.001,1072,0.4997306168079376,0.6910361051559448,959.4827842712402,746.3189935684204
Track.001,1073,0.49973008036613464,0.6910426020622253,959.4817543029785,746.3260102272034
Track.001,1074,0.49972912669181824,0.6910427212715149,959.479923248291,746.3261389732361
Track.001,1075,0.4994259476661682,0.6909935474395752,958.897819519043,746.2730312347412
Track.001,1076,0.4994259476661682,0.6909935474395752,958.897819519043,746.2730312347412
Track.001,1077,0.4994683861732483,0.6910133957862854,958.9793014526367,746.2944674491882
Track.001,1078,0.4994319677352905,0.6910082101821899,958.9093780517578,746.2888669967651
Track.001,1079,0.49944719672203064,0.6910002827644348,958.9386177062988,746.2803053855896
Track.001,1080,0.49968087673187256,0.6913661956787109,959.3872833251953,746.6754913330078
Track.001,1081,0.49968087673187256,0.6913661956787109,959.3872833251953,746.6754913330078
Track.001,1082,0.4996994435787201,0.691349983215332,959.4229316711426,746.6579818725586
Track.001,1083,0.49968308210372925,0.6913499236106873,959.3915176391602,746.6579174995422
Track.001,1084,0.4996892809867859,0.6913443207740784,959.4034194946289,746.6518664360046
Track.001,1085,0.4996989965438843,0.6913477182388306,959.4220733642578,746.655535697937
Track.001,1086,0.49971044063568115,0.6913857460021973,959.4440460205078,746.696605682373
Track.001,1087,0.49971044063568115,0.6913857460021973,959.4440460205078,746.696605682373
Track.001,1088,0.49893149733543396,0.6923448443412781,957.9484748840332,747.7324318885803
Track.001,1089,0.49895915389060974,0.6923424601554871,958.0015754699707,747.729856967926
Track.001,1090,0.49895718693733215,0.6923423409461975,957.9977989196777,747.7297282218933
Track.001,1091,0.4989441931247711,0.6923599243164062,957.9728507995605,747.7487182617188
Track.001,1092,0.4989132881164551,0.6923514008522034,957.9135131835938,747.7395129203796
Track.001,1093,0.4989432990550995,0.6923414468765259,957.971134185791,747.728762626648
Track.001,1094,0.4989255368709564,0.6923497319221497,957.9370307922363,747.7377104759216
Track.001,1095,0.49898761510849,0.6907475590705872,958.0562210083008,746.0073637962341
Track.001,1096,0.49898761510849,0.6907475590705872,958.0562210083008,746.0073637962341
Track.001,1097,0.49896731972694397,0.6907582879066467,958.0172538757324,746.0189509391785
Track.001,1098,0.4989872872829437,0.6907581090927124,958.055591583252,746.0187578201294
Track.001,1099,0.49900004267692566,0.6907829642295837,958.0800819396973,746.0456013679504
Track.001,1100,0.49900805950164795,0.6907625794410706,958.0954742431641,746.0235857963562
Track.001,1101,0.49901315569877625,0.6907771229743958,958.1052589416504,746.0392928123474
Track.001,1102,0.49911394715309143,0.6907668709754944,958.2987785339355,746.0282206535339
Track.001,1103,0.4991350769996643,0.6907677054405212,958.3393478393555,746.0291218757629
Track.001,1104,0.49912506341934204,0.6907517313957214,958.3201217651367,746.0118699073792
Track.001,1105,0.49912506341934204,0.6907517313957214,958.3201217651367,746.0118699073792
Track.001,1106,0.49913403391838074,0.6907487511634827,958.337345123291,746.0086512565613
Track.001,1107,0.49913403391838074,0.6907487511634827,958.337345123291,746.0086512565613
Track.001,1108,0.4987718462944031,0.6923739314079285,957.6419448852539,747.7638459205627
Track.001,1109,0.4987718462944031,0.6923739314079285,957.6419448852539,747.7638459205627
Track.001,1110,0.49879366159439087,0.6923748254776001,957.6838302612305,747.7648115158081
Track.001,1111,0.49875515699386597,0.6923840641975403,957.6099014282227,747.7747893333435
Track.001,1112,0.49877071380615234,0.6923754811286926,957.6397705078125,747.765519618988
Track.001,1113,0.4987470507621765,0.6923776268959045,957.5943374633789,747.7678370475769
Track.001,1114,0.49823442101478577,0.6915757656097412,956.6100883483887,746.9018268585205
Track.001,1115,0.4982129633426666,0.6915670037269592,956.5688896179199,746.892364025116
Track.001,1116,0.49820634722709656,0.691541850566864,956.5561866760254,746.8651986122131
Track.001,1117,0.4982084333896637,0.6915512084960938,956.5601921081543,746.8753051757812
Track.001,1118,0.49819889664649963,0.6915436387062073,956.5418815612793,746.8671298027039
Track.001,1119,0.4982012212276459,0.6915448904037476,956.5463447570801,746.8684816360474
Track.001,1120,0.49820441007614136,0.6915440559387207,956.5524673461914,746.8675804138184
Track.001,1121,0.498184472322464,0.6915475130081177,956.5141868591309,746.8713140487671
Track.001,1122,0.498184472322464,0.6915475130081177,956.5141868591309,746.8713140487671
Track.001,1123,0.4978460371494293,0.6912879943847656,955.8643913269043,746.5910339355469
Track.001,1124,0.49785321950912476,0.6912856698036194,955.8781814575195,746.5885233879089
Track.001,1125,0.49783259630203247,0.6912853717803955,955.8385848999023,746.5882015228271
Track.001,1126,0.497837632894516,0.6912969946861267,955.8482551574707,746.6007542610168
Track.001,1127,0.49784040451049805,0.6913009881973267,955.8535766601562,746.6050672531128
Track.001,1128,0.49783459305763245,0.6913043260574341,955.8424186706543,746.6086721420288
Track.001,1129,0.49783459305763245,0.6913043260574341,955.8424186706543,746.6086721420288
Track.001,1130,0.4981716275215149,0.6913080811500549,956.4895248413086,746.6127276420593
Track.001,1131,0.4981556236743927,0.6912956833839417,956.458797454834,746.599338054657
Track.001,1132,0.49815604090690613,0.6913119554519653,956.4595985412598,746.6169118881226
Track.001,1133,0.49816620349884033,0.6913214325904846,956.4791107177734,746.6271471977234
Track.001,1134,0.49816781282424927,0.6912971138954163,956.4822006225586,746.6008830070496
Track.001,1135,0.49816781282424927,0.6912971138954163,956.4822006225586,746.6008830070496
Track.001,1136,0.4988216459751129,0.6912875771522522,957.7375602722168,746.5905833244324
Track.001,1137,0.4988246560096741,0.6913249492645264,957.7433395385742,746.6309452056885
Track.001,1138,0.49876442551612854,0.6913185119628906,957.6276969909668,746.6239929199219
Track.001,1139,0.49879026412963867,0.6913156509399414,957.6773071289062,746.6209030151367
Track.001,1140,0.49880078434944153,0.6913145184516907,957.6975059509277,746.6196799278259
Track.001,1141,0.49879834055900574,0.6913138031959534,957.692813873291,746.6189074516296
Track.001,1142,0.49880728125572205,0.6913162469863892,957.7099800109863,746.6215467453003
Track.001,1143,0.498790442943573,0.6913172602653503,957.6776504516602,746.6226410865784
Track.001,1144,0.498790442943573,0.6913172602653503,957.6776504516602,746.6226410865784
Track.001,1145,0.4988647699356079,0.6927841901779175,957.8203582763672,748.2069253921509
Track.001,1146,0.49884817004203796,0.6927838325500488,957.7884864807129,748.2065391540527
Track.001,1147,0.4988994896411896,0.6927661895751953,957.887020111084,748.1874847412109
Track.001,1148,0.49889299273490906,0.6927723288536072,957.8745460510254,748.1941151618958
Track.001,1149,0.49887511134147644,0.6927790641784668,957.8402137756348,748.2013893127441
Track.001,1150,0.49920737743377686,0.6931464076042175,958.4781646728516,748.5981202125549
Track.001,1151,0.49920737743377686,0.6931464076042175,958.4781646728516,748.5981202125549
Track.001,1152,0.49919578433036804,0.6931608319282532,958.4559059143066,748.6136984825134
Track.001,1153,0.4992024600505829,0.6931566596031189,958.4687232971191,748.6091923713684
Track.001,1154,0.49921032786369324,0.6931761503219604,958.483829498291,748.6302423477173
Track.001,1155,0.49921032786369324,0.6931761503219604,958.483829498291,748.6302423477173
Track.001,1156,0.49916326999664307,0.692564070224762,958.3934783935547,747.9691958427429
Track.001,1157,0.49916326999664307,0.692564070224762,958.3934783935547,747.9691958427429
Track.001,1158,0.4991441071033478,0.6925720572471619,958.3566856384277,747.9778218269348
Track.001,1159,0.49914562702178955,0.6925684809684753,958.3596038818359,747.9739594459534
Track.001,1160,0.4991636872291565,0.6925637722015381,958.3942794799805,747.9688739776611
Track.001,1161,0.49915629625320435,0.6925722360610962,958.3800888061523,747.9780149459839
Track.001,1162,0.4991552233695984,0.6925803422927856,958.3780288696289,747.9867696762085
Track.001,1163,0.49916431307792664,0.6925878524780273,958.3954811096191,747.9948806762695
Track.001,1164,0.49884116649627686,0.6931747794151306,957.7750396728516,748.6287617683411
Track.001,1165,0.49884116649627686,0.6931747794151306,957.7750396728516,748.6287617683411
Track.001,1166,0.49884116649627686,0.6931747794151306,957.7750396728516,748.6287617683411
Track.001,1167,0.49884355068206787,0.693214476108551,957.7796173095703,748.6716341972351
Track.001,1168,0.49884355068206787,0.693214476108551,957.7796173095703,748.6716341972351
Track.001,1169,0.4988235831260681,0.6932138800621033,957.7412796020508,748.6709904670715
Track.001,1170,0.4988081753253937,0.6932264566421509,957.7116966247559,748.684573173523
Track.001,1171,0.49881812930107117,0.6931928992271423,957.7308082580566,748.6483311653137
Track.001,1172,0.49883678555488586,0.693187415599823,957.7666282653809,748.6424088478088
Track.001,1173,0.4992188811302185,0.6932703852653503,958.5002517700195,748.7320160865784
Track.001,1174,0.49924421310424805,0.693272590637207,958.5488891601562,748.7343978881836
Track.001,1175,0.49922454357147217,0.6932709217071533,958.5111236572266,748.7325954437256
Track.001,1176,0.4992443323135376,0.693272590637207,958.5491180419922,748.7343978881836
Track.001,1177,0.4992443323135376,0.693272590637207,958.5491180419922,748.7343978881836
Track.001,1178,0.4993671476840973,0.6940114498138428,958.7849235534668,749.5323657989502
Track.001,1179,0.49934616684913635,0.6940222382545471,958.7446403503418,749.5440173149109
Track.001,1180,0.49935004115104675,0.6940276622772217,958.7520790100098,749.5498752593994
Track.001,1181,0.49933046102523804,0.69402015209198,958.714485168457,749.5417642593384
Track.001,1182,0.4993002116680145,0.6940114498138428,958.6564064025879,749.5323657989502
Track.001,1183,0.4993002116680145,0.6940114498138428,958.6564064025879,749.5323657989502
Track.001,1184,0.4994765818119049,0.6953235268592834,958.9950370788574,750.9494090080261
Track.001,1185,0.4994908571243286,0.6953315734863281,959.0224456787109,750.9580993652344
Track.001,1186,0.4994526207447052,0.695317804813385,958.949031829834,750.9432291984558
Track.001,1187,0.4994578957557678,0.695319652557373,958.9591598510742,750.9452247619629
Track.001,1188,0.4994533360004425,0.6953025460243225,958.9504051208496,750.9267497062683
Track.001,1189,0.49946147203445435,0.6952973008155823,958.9660263061523,750.9210848808289
Track.001,1190,0.49945268034935,0.6952991485595703,958.949146270752,750.9230804443359
Track.001,1191,0.49947550892829895,0.6953211426734924,958.992977142334,750.9468340873718
Track.001,1192,0.49947550892829895,0.6953211426734924,958.992977142334,750.9468340873718
Track.001,1193,0.49881458282470703,0.6961599588394165,957.7239990234375,751.8527555465698
Track.001,1194,0.4988120198249817,0.6961613893508911,957.7190780639648,751.8543004989624
Track.001,1195,0.498813271522522,0.6961790919303894,957.7214813232422,751.8734192848206
Track.001,1196,0.4988119304180145,0.6961661577224731,957.7189064025879,751.859450340271
Track.001,1197,0.49882495403289795,0.6961494088172913,957.7439117431641,751.8413615226746
Track.001,1198,0.49887406826019287,0.6961462497711182,957.8382110595703,751.8379497528076
Track.001,1199,0.49887514114379883,0.696152925491333,957.8402709960938,751.8451595306396
Track.001,1200,0.4985622465610504,0.6960861682891846,957.2395133972168,751.7730617523193
Track.001,1201,0.4985622465610504,0.6960861682891846,957.2395133972168,751.7730617523193
Track.001,1202,0.4985622465610504,0.6960861682891846,957.2395133972168,751.7730617523193
Track.001,1203,0.49853599071502686,0.6960939168930054,957.1891021728516,751.7814302444458
Track.001,1204,0.4985582232475281,0.6960808038711548,957.2317886352539,751.7672681808472
Track.001,1205,0.4985688626766205,0.6960902810096741,957.2522163391113,751.777503490448
Track.001,1206,0.4976792335510254,0.6975021362304688,955.5441284179688,753.3023071289062
Track.001,1207,0.4976792335510254,0.6975021362304688,955.5441284179688,753.3023071289062
Track.001,1208,0.4976795017719269,0.6975258588790894,955.5446434020996,753.3279275894165
Track.001,1209,0.4977099597454071,0.6975152492523193,955.6031227111816,753.3164691925049
Track.001,1210,0.4976918399333954,0.6975362300872803,955.5683326721191,753.3391284942627
Track.001,1211,0.4977075457572937,0.697524905204773,955.5984878540039,753.3268976211548
Track.001,1212,0.49932265281677246,0.6921128034591675,958.6994934082031,747.4818277359009
Track.001,1213,0.4993226230144501,0.6921128034591675,958.6994361877441,747.4818277359009
Track.001,1214,0.49936458468437195,0.6921170353889465,958.7800025939941,747.4863982200623
Track.001,1215,0.49935001134872437,0.6921148896217346,958.7520217895508,747.4840807914734
Track.001,1216,0.4993502199649811,0.6921148300170898,958.7524223327637,747.484016418457
Track.001,1217,0.4993441700935364,0.6921234726905823,958.7408065795898,747.4933505058289
Track.001,1218,0.49931633472442627,0.6921154260635376,958.6873626708984,747.4846601486206
Track.001,1219,0.49931785464286804,0.692116916179657,958.6902809143066,747.4862694740295
Track.001,1220,0.4993133842945099,0.6921190619468689,958.681697845459,747.4885869026184
Track.001,1221,0.49888572096824646,0.6920120120048523,957.8605842590332,747.3729729652405
Track.001,1222,0.49889811873435974,0.6920273303985596,957.8843879699707,747.3895168304443
Track.001,1223,0.49890032410621643,0.6920275092124939,957.8886222839355,747.3897099494934
Track.001,1224,0.4988502562046051,0.6920199394226074,957.7924919128418,747.381534576416
Track.001,1225,0.4988502562046051,0.6920199394226074,957.7924919128418,747.381534576416
Track.001,1226,0.4988681972026825,0.6933746933937073,957.8269386291504,748.8446688652039
Track.001,1227,0.49886927008628845,0.6933602094650269,957.8289985656738,748.829026222229
Track.001,1228,0.4988546073436737,0.6933603286743164,957.8008460998535,748.8291549682617
Track.001,1229,0.4988557696342468,0.6933692693710327,957.8030776977539,748.8388109207153
Track.001,1230,0.49885132908821106,0.6933456063270569,957.7945518493652,748.8132548332214
Track.001,1231,0.49883800745010376,0.6933475136756897,957.7689743041992,748.8153147697449
Track.001,1232,0.498832106590271,0.6933512687683105,957.7576446533203,748.8193702697754
Track.001,1233,0.49882248044013977,0.6933513879776001,957.7391624450684,748.8194990158081
Track.001,1234,0.49863821268081665,0.692861020565033,957.385368347168,748.2899022102356
Track.001,1235,0.49869775772094727,0.692874550819397,957.4996948242188,748.3045148849487
Track.001,1236,0.4986458122730255,0.6928603053092957,957.399959564209,748.2891297340393
Track.001,1237,0.4986763894557953,0.6928573846817017,957.458667755127,748.2859754562378
Track.001,1238,0.4986683428287506,0.6928653717041016,957.4432182312012,748.2946014404297
Track.001,1239,0.49866151809692383,0.6928696632385254,957.4301147460938,748.2992362976074
Track.001,1240,0.4986613690853119,0.6928700804710388,957.4298286437988,748.2996869087219
Track.001,1241,0.498680979013443,0.6928812861442566,957.4674797058105,748.3117890357971
Track.001,1242,0.4986809492111206,0.6928812861442566,957.4674224853516,748.3117890357971
Track.001,1243,0.4994215667247772,0.6926376223564148,958.8894081115723,748.048632144928
Track.001,1244,0.49941331148147583,0.6926406025886536,958.8735580444336,748.0518507957458
Track.001,1245,0.4993639588356018,0.6926674842834473,958.7788009643555,748.080883026123
Track.001,1246,0.4993841052055359,0.692641019821167,958.8174819946289,748.0523014068604
Track.001,1247,0.4993947744369507,0.6926537752151489,958.8379669189453,748.0660772323608
Track.001,1248,0.4994066059589386,0.6931484937667847,958.8606834411621,748.6003732681274
Track.001,1249,0.4994066059589386,0.6931484937667847,958.8606834411621,748.6003732681274
Track.001,1250,0.4994357228279114,0.693146824836731,958.9165878295898,748.5985708236694
Track.001,1251,0.49940788745880127,0.6931408643722534,958.8631439208984,748.5921335220337
Track.001,1252,0.49935394525527954,0.6931480169296265,958.7595748901367,748.5998582839966
Track.001,1253,0.49935394525527954,0.6931480169296265,958.7595748901367,748.5998582839966
Track.001,1254,0.4993308186531067,0.6931830048561096,958.7151718139648,748.6376452445984
Track.001,1255,0.4993909001350403,0.6931727528572083,958.8305282592773,748.6265730857849
Track.001,1256,0.4993734359741211,0.6931484937667847,958.7969970703125,748.6003732681274
Track.001,1257,0.499369353055954,0.6931596398353577,958.7891578674316,748.6124110221863
Track.001,1258,0.4993930160999298,0.6931607127189636,958.8345909118652,748.6135697364807
Track.001,1259,0.4993979334831238,0.6931830644607544,958.8440322875977,748.6377096176147
Track.001,1260,0.49937698245048523,0.6931567788124084,958.8038063049316,748.6093211174011
Track.001,1261,0.49937698245048523,0.6931567788124084,958.8038063049316,748.6093211174011
Track.001,1262,0.49937698245048523,0.6931567788124084,958.8038063049316,748.6093211174011
Track.001,1263,0.49974483251571655,0.6927139759063721,959.5100784301758,748.1310939788818
Track.001,1264,0.49976590275764465,0.6927248239517212,959.5505332946777,748.1428098678589
Track.001,1265,0.4997395873069763,0.6927540302276611,959.5000076293945,748.174352645874
Track.001,1266,0.4997238516807556,0.6927652359008789,959.4697952270508,748.1864547729492
Track.001,1267,0.49970027804374695,0.6927631497383118,959.4245338439941,748.1842017173767
Track.001,1268,0.49970027804374695,0.6927631497383118,959.4245338439941,748.1842017173767
Track.001,1269,0.49998238682746887,0.6924352049827576,959.9661827087402,747.8300213813782
Track.001,1270,0.4999874532222748,0.6924226880073547,959.9759101867676,747.8165030479431
Track.001,1271,0.4999796748161316,0.6924249529838562,959.9609756469727,747.8189492225647
Track.001,1272,0.4999913275241852,0.6924216151237488,959.9833488464355,747.8153443336487
Track.001,1273,0.5000011324882507,0.6924486756324768,960.0021743774414,747.844569683075
Track.001,1274,0.49998798966407776,0.6924534440040588,959.9769401550293,747.8497195243835
Track.001,1275,0.49998122453689575,0.6924508213996887,959.9639511108398,747.8468871116638
Track.001,1276,0.5007162690162659,0.6918534636497498,961.3752365112305,747.2017407417297
Track.001,1277,0.5007162690162659,0.6918534636497498,961.3752365112305,747.2017407417297
Track.001,1278,0.5007221698760986,0.6918235421180725,961.3865661621094,747.1694254875183
Track.001,1279,0.5007435083389282,0.6918478608131409,961.4275360107422,747.1956896781921
Track.001,1280,0.5007144212722778,0.6918673515319824,961.3716888427734,747.216739654541
Track.001,1281,0.500717043876648,0.6918714642524719,961.3767242431641,747.2211813926697
Track.001,1282,0.5002267360687256,0.6915616989135742,960.4353332519531,746.8866348266602
Track.001,1283,0.5002267360687256,0.6915616989135742,960.4353332519531,746.8866348266602
Track.001,1284,0.5002479553222656,0.6915678977966309,960.47607421875,746.8933296203613
Track.001,1285,0.5002679228782654,0.6915634870529175,960.5144119262695,746.8885660171509
Track.001,1286,0.5002649426460266,0.6915624141693115,960.5086898803711,746.8874073028564
Track.001,1287,0.5002570748329163,0.6915693879127502,960.4935836791992,746.8949389457703
Track.001,1288,0.5002219676971436,0.6915767192840576,960.4261779785156,746.9028568267822
Track.001,1289,0.5002393126487732,0.6915903091430664,960.4594802856445,746.9175338745117
Track.001,1290,0.5002099871635437,0.6916064023971558,960.4031753540039,746.9349145889282
Track.001,1291,0.49979883432388306,0.6922357082366943,959.6137619018555,747.6145648956299
Track.001,1292,0.49979883432388306,0.6922357082366943,959.6137619018555,747.6145648956299
Track.001,1293,0.49979913234710693,0.6922350525856018,959.6143341064453,747.61385679245
Track.001,1294,0.4997859597206116,0.6922370791435242,959.5890426635742,747.6160454750061
Track.001,1295,0.4997859597206116,0.6922370791435242,959.5890426635742,747.6160454750061
Track.001,1296,0.49972325563430786,0.6924121975898743,959.4686508178711,747.8051733970642
Track.001,1297,0.4997054636478424,0.6924225091934204,959.4344902038574,747.816309928894
Track.001,1298,0.49969682097435,0.6924279928207397,959.417896270752,747.8222322463989
Track.001,1299,0.4997119605541229,0.6924291253089905,959.446964263916,747.8234553337097
Track.001,1300,0.49971166253089905,0.6924301385879517,959.4463920593262,747.8245496749878
Track.001,1301,0.49971166253089905,0.6924301385879517,959.4463920593262,747.8245496749878
Track.001,1302,0.49928680062294006,0.6926796436309814,958.6306571960449,748.09401512146
Track.001,1303,0.4993054270744324,0.6926668882369995,958.6664199829102,748.0802392959595
Track.001,1304,0.4993094503879547,0.6926508545875549,958.674144744873,748.0629229545593
Track.001,1305,0.49931618571281433,0.6926494240760803,958.6870765686035,748.0613780021667
Track.001,1306,0.4992850422859192,0.692647397518158,958.6272811889648,748.0591893196106
Track.001,1307,0.4992852210998535,0.6926476955413818,958.6276245117188,748.0595111846924
Track.001,1308,0.49924787878990173,0.6926605701446533,958.5559272766113,748.0734157562256
Track.001,1309,0.49924781918525696,0.6926605105400085,958.5558128356934,748.0733513832092
Track.001,1310,0.49924781918525696,0.6926605105400085,958.5558128356934,748.0733513832092
Track.001,1311,0.4991077184677124,0.6929391026496887,958.2868194580078,748.3742308616638
Track.001,1312,0.4991104304790497,0.6929335594177246,958.2920265197754,748.3682441711426
Track.001,1313,0.4991099536418915,0.692937433719635,958.2911109924316,748.3724284172058
Track.001,1314,0.49912044405937195,0.6929349899291992,958.3112525939941,748.3697891235352
Track.001,1315,0.4991046190261841,0.6929380893707275,958.2808685302734,748.3731365203857
Track.001,1316,0.49910277128219604,0.6929378509521484,958.2773208618164,748.3728790283203
Track.001,1317,0.4991134703159332,0.6929484009742737,958.2978630065918,748.3842730522156
Track.001,1318,0.49904531240463257,0.6929787397384644,958.1669998168945,748.4170389175415
Track.001,1319,0.49904531240463257,0.6929787397384644,958.1669998168945,748.4170389175415
Track.001,1320,0.4990679621696472,0.6929806470870972,958.2104873657227,748.4190988540649
Track.001,1321,0.49905622005462646,0.6930195093154907,958.1879425048828,748.46107006073
Track.001,1322,0.49904030561447144,0.6929784417152405,958.1573867797852,748.4167170524597
Track.001,1323,0.49903884530067444,0.6929911375045776,958.1545829772949,748.4304285049438
Track.001,1324,0.49886882305145264,0.6922549605369568,957.8281402587891,747.6353573799133
Track.001,1325,0.49886882305145264,0.6922549605369568,957.8281402587891,747.6353573799133
Track.001,1326,0.49887070059776306,0.6922539472579956,957.8317451477051,747.6342630386353
Track.001,1327,0.4988490045070648,0.6922597289085388,957.7900886535645,747.6405072212219
Track.001,1328,0.49882039427757263,0.6922593116760254,957.7351570129395,747.6400566101074
Track.001,1329,0.49881836771965027,0.6922646164894104,957.7312660217285,747.6457858085632
Track.001,1330,0.4988320767879486,0.6922943592071533,957.7575874328613,747.6779079437256
Track.001,1331,0.4988320767879486,0.6922943592071533,957.7575874328613,747.6779079437256
Track.001,1332,0.49953019618988037,0.6918051838874817,959.0979766845703,747.1495985984802
Track.001,1333,0.4995480477809906,0.6918059587478638,959.132251739502,747.1504354476929
Track.001,1334,0.49951356649398804,0.6917868256568909,959.066047668457,747.1297717094421
Track.001,1335,0.4994996190071106,0.6917782425880432,959.0392684936523,747.1205019950867
Track.001,1336,0.4995257258415222,0.6917919516563416,959.0893936157227,747.1353077888489
Track.001,1337,0.4994626045227051,0.6917634010314941,958.9682006835938,747.1044731140137
Track.001,1338,0.49946314096450806,0.6917697191238403,958.9692306518555,747.1112966537476
Track.001,1339,0.49967145919799805,0.6914530396461487,959.3692016601562,746.7692828178406
Track.001,1340,0.49967145919799805,0.6914530396461487,959.3692016601562,746.7692828178406
Track.001,1341,0.4996700882911682,0.6914490461349487,959.366569519043,746.7649698257446
Track.001,1342,0.4996723532676697,0.691453754901886,959.3709182739258,746.7700552940369
Track.001,1343,0.4996723532676697,0.691453754901886,959.3709182739258,746.7700552940369
Track.001,1344,0.49954167008399963,0.6916384100914001,959.1200065612793,746.9694828987122
Track.001,1345,0.49954262375831604,0.6916371583938599,959.1218376159668,746.9681310653687
Track.001,1346,0.4994673728942871,0.6916295289993286,958.9773559570312,746.9598913192749
Track.001,1347,0.4994797110557556,0.6916295289993286,959.0010452270508,746.9598913192749
Track.001,1348,0.4995708465576172,0.6916454434394836,959.176025390625,746.9770789146423
Track.001,1349,0.49955031275749207,0.6916181445121765,959.1366004943848,746.9475960731506
Track.001,1350,0.4995061457157135,0.6916348934173584,959.0517997741699,746.9656848907471
Track.001,1351,0.4995061457157135,0.6916348934173584,959.0517997741699,746.9656848907471
Track.001,1352,0.4989587068557739,0.6916654109954834,958.0007171630859,746.9986438751221
Track.001,1353,0.4989587068557739,0.6916654109954834,958.0007171630859,746.9986438751221
Track.001,1354,0.4990016222000122,0.6916433572769165,958.0831146240234,746.9748258590698
Track.001,1355,0.4989388585090637,0.6916257739067078,957.9626083374023,746.9558358192444
Track.001,1356,0.49895527958869934,0.6915990710258484,957.9941368103027,746.9269967079163
Track.001,1357,0.49896273016929626,0.6915916800498962,958.0084419250488,746.9190144538879
Track.001,1358,0.49896273016929626,0.6915916800498962,958.0084419250488,746.9190144538879
Track.001,1359,0.49895817041397095,0.6916100978851318,957.9996871948242,746.9389057159424
Track.001,1360,0.49895817041397095,0.6916101574897766,957.9996871948242,746.9389700889587
Track.001,1361,0.49809926748275757,0.6912634968757629,956.3505935668945,746.564576625824
Track.001,1362,0.49809926748275757,0.6912634968757629,956.3505935668945,746.564576625824
Track.001,1363,0.49808037281036377,0.6912787556648254,956.3143157958984,746.5810561180115
Track.001,1364,0.49805957078933716,0.6912718415260315,956.2743759155273,746.573588848114
Track.001,1365,0.4980598986148834,0.6912746429443359,956.2750053405762,746.5766143798828
Track.001,1366,0.49805986881256104,0.6912746429443359,956.2749481201172,746.5766143798828
Track.001,1367,0.49821799993515015,0.6915378570556641,956.5785598754883,746.8608856201172
Track.001,1368,0.4982178509235382,0.6915377974510193,956.5782737731934,746.8608212471008
Track.001,1369,0.498212605714798,0.6915447115898132,956.5682029724121,746.8682885169983
Track.001,1370,0.49822720885276794,0.6915605068206787,956.5962409973145,746.885347366333
Track.001,1371,0.4982048273086548,0.69155353307724,956.5532684326172,746.8778157234192
Track.001,1372,0.49894359707832336,0.6912252306938171,957.9717063903809,746.5232491493225
Track.001,1373,0.49894359707832336,0.6912252306938171,957.9717063903809,746.5232491493225
Track.001,1374,0.4989030659198761,0.6912404298782349,957.8938865661621,746.5396642684937
Track.001,1375,0.4989282190799713,0.6912603974342346,957.9421806335449,746.5612292289734
Track.001,1376,0.4989085793495178,0.6912667751312256,957.9044723510742,746.5681171417236
Track.001,1377,0.4989035427570343,0.691278338432312,957.8948020935059,746.580605506897
Track.001,1378,0.49887576699256897,0.6912810206413269,957.8414726257324,746.583502292633
Track.001,1379,0.49887576699256897,0.6912810206413269,957.8414726257324,746.583502292633
Track.001,1380,0.4990454912185669,0.6911048889160156,958.1673431396484,746.3932800292969
Track.001,1381,0.4990488588809967,0.6910876631736755,958.1738090515137,746.3746762275696
Track.001,1382,0.4990488588809967,0.6910876631736755,958.1738090515137,746.3746762275696
Track.001,1383,0.4990443289279938,0.691096305847168,958.165111541748,746.3840103149414
Track.001,1384,0.4990460276603699,0.6910979151725769,958.1683731079102,746.385748386383
Track.001,1385,0.49904975295066833,0.6910983324050903,958.1755256652832,746.3861989974976
Track.001,1386,0.4990478456020355,0.6911086440086365,958.1718635559082,746.3973355293274
Track.001,1387,0.49902471899986267,0.6911085247993469,958.1274604797363,746.3972067832947
Track.001,1388,0.49902471899986267,0.6911085247993469,958.1274604797363,746.3972067832947
Track.001,1389,0.4993066191673279,0.6904318332672119,958.6687088012695,745.6663799285889
Track.001,1390,0.4993044137954712,0.690431535243988,958.6644744873047,745.6660580635071
Track.001,1391,0.4992634057998657,0.6904360055923462,958.5857391357422,745.6708860397339
Track.001,1392,0.4992325007915497,0.690441906452179,958.5264015197754,745.6772589683533
Track.001,1393,0.49921396374702454,0.6904547810554504,958.4908103942871,745.6911635398865
Track.001,1394,0.5000999569892883,0.6905741095542908,960.1919174194336,745.820038318634
Track.001,1395,0.5000999569892883,0.6905741095542908,960.1919174194336,745.820038318634
Track.001,1396,0.5000838041305542,0.6905791759490967,960.1609039306641,745.8255100250244
Track.001,1397,0.5000859498977661,0.6905785202980042,960.1650238037109,745.8248019218445
Track.001,1398,0.500088095664978,0.6905919909477234,960.1691436767578,745.8393502235413
Track.001,1399,0.5000341534614563,0.6905696392059326,960.0655746459961,745.8152103424072
Track.001,1400,0.4988708198070526,0.6911334991455078,957.831974029541,746.4241790771484
Track.001,1401,0.4988708198070526,0.6911334991455078,957.831974029541,746.4241790771484
Track.001,1402,0.49887368083000183,0.691161036491394,957.8374671936035,746.4539194107056
Track.001,1403,0.49889764189720154,0.6911609768867493,957.883472442627,746.4538550376892
Track.001,1404,0.4988856017589569,0.6911745667457581,957.8603553771973,746.4685320854187
Track.001,1405,0.4988703429698944,0.691182553768158,957.8310585021973,746.4771580696106
Track.001,1406,0.4988650977611542,0.691180944442749,957.820987701416,746.475419998169
Track.001,1407,0.4988750219345093,0.6911643147468567,957.8400421142578,746.4574599266052
Track.001,1408,0.4988750219345093,0.6911643147468567,957.8400421142578,746.4574599266052
Track.001,1409,0.4989027976989746,0.6918628215789795,957.8933715820312,747.2118473052979
Track.001,1410,0.4989027976989746,0.6918628215789795,957.8933715820312,747.2118473052979
Track.001,1411,0.4988929033279419,0.6918537020683289,957.8743743896484,747.2019982337952
Track.001,1412,0.49889037013053894,0.6918533444404602,957.8695106506348,747.201611995697
Track.001,1413,0.4988890290260315,0.6918594837188721,957.8669357299805,747.2082424163818
Track.001,1414,0.4989370107650757,0.6932181715965271,957.9590606689453,748.6756253242493
Track.001,1415,0.4989370107650757,0.6932181715965271,957.9590606689453,748.6756253242493
Track.001,1416,0.4989442229270935,0.69321209192276,957.9729080200195,748.6690592765808
Track.001,1417,0.49893003702163696,0.6932160258293152,957.945671081543,748.6733078956604
Track.001,1418,0.49891820549964905,0.6932189464569092,957.9229545593262,748.6764621734619
Track.001,1419,0.4989084303379059,0.6932219862937927,957.9041862487793,748.6797451972961
Track.001,1420,0.49892938137054443,0.6932070851325989,957.9444122314453,748.6636519432068
Track.001,1421,0.49892938137054443,0.6932070851325989,957.9444122314453,748.6636519432068
Track.001,1422,0.49913206696510315,0.693911612033844,958.333568572998,749.4245409965515
Track.001,1423,0.49913227558135986,0.693916380405426,958.3339691162109,749.4296908378601
Track.001,1424,0.4991483688354492,0.6939211487770081,958.3648681640625,749.4348406791687
Track.001,1425,0.4991093575954437,0.6939184665679932,958.289966583252,749.4319438934326
Track.001,1426,0.4990972876548767,0.6939225792884827,958.2667922973633,749.4363856315613
Track.001,1427,0.4991472065448761,0.693890392780304,958.3626365661621,749.4016242027283
Track.001,1428,0.49915459752082825,0.6939048171043396,958.3768272399902,749.4172024726868
Track.001,1429,0.49917805194854736,0.6939141154289246,958.4218597412109,749.4272446632385
Track.001,1430,0.49917805194854736,0.6939141154289246,958.4218597412109,749.4272446632385
Track.001,1431,0.4986610412597656,0.694458544254303,957.42919921875,750.0152277946472
Track.001,1432,0.4986400604248047,0.6944488286972046,957.388916015625,750.004734992981
Track.001,1433,0.49860069155693054,0.6944341063499451,957.3133277893066,749.9888348579407
Track.001,1434,0.49858343601226807,0.6944008469581604,957.2801971435547,749.9529147148132
Track.001,1435,0.49861863255500793,0.6944440007209778,957.3477745056152,749.999520778656
Track.001,1436,0.49861863255500793,0.6944440007209778,957.3477745056152,749.999520778656
Track.001,1437,0.4999310374259949,0.6938607096672058,959.8675918579102,749.3695664405823
Track.001,1438,0.49989646673202515,0.6939190626144409,959.8012161254883,749.4325876235962
Track.001,1439,0.4999106824398041,0.6939302086830139,959.8285102844238,749.444625377655
Track.001,1440,0.49991753697395325,0.6939213871955872,959.8416709899902,749.4350981712341
Track.001,1441,0.49991604685783386,0.6939219832420349,959.838809967041,749.4357419013977
Track.001,1442,0.4996913969516754,0.6953895092010498,959.4074821472168,751.0206699371338
Track.001,1443,0.499691367149353,0.6953893899917603,959.4074249267578,751.0205411911011
Track.001,1444,0.4996294677257538,0.6953970193862915,959.2885780334473,751.0287809371948
Track.001,1445,0.49962976574897766,0.6953974366188049,959.2891502380371,751.0292315483093
Track.001,1446,0.4997115433216095,0.6953847408294678,959.4461631774902,751.0155200958252
Track.001,1447,0.4997204542160034,0.6953776478767395,959.4632720947266,751.0078597068787
Track.001,1448,0.4997153878211975,0.69539874792099,959.4535446166992,751.0306477546692
Track.001,1449,0.4997292757034302,0.6954115033149719,959.4802093505859,751.0444235801697
Track.001,1450,0.4996476173400879,0.6953334212303162,959.3234252929688,750.9600949287415
Track.001,1451,0.4996475875377655,0.6953333616256714,959.3233680725098,750.9600305557251
Track.001,1452,0.4996585547924042,0.6953291893005371,959.344425201416,750.9555244445801
Track.001,1453,0.499651163816452,0.6953293085098267,959.3302345275879,750.9556531906128
Track.001,1454,0.49969482421875,0.6953215599060059,959.4140625,750.9472846984863
Track.001,1455,0.49966999888420105,0.6953395009040833,959.366397857666,750.9666609764099
Track.001,1456,0.49967068433761597,0.6953432559967041,959.3677139282227,750.9707164764404
Track.001,1457,0.499537855386734,0.6951977014541626,959.1126823425293,750.8135175704956
Track.001,1458,0.49953964352607727,0.6951885223388672,959.1161155700684,750.8036041259766
Track.001,1459,0.4996580183506012,0.6950647234916687,959.3433952331543,750.6699013710022
Track.001,1460,0.4996580183506012,0.6950647234916687,959.3433952331543,750.6699013710022
Track.001,1461,0.49962377548217773,0.6950767636299133,959.2776489257812,750.6829047203064
Track.001,1462,0.4996527135372162,0.6950408816337585,959.3332099914551,750.6441521644592
Track.001,1463,0.4996527135372162,0.6950408816337585,959.3332099914551,750.6441521644592
Track.001,1464,0.500083863735199,0.6947132349014282,960.161018371582,750.2902936935425
Track.001,1465,0.5000510811805725,0.6947208046913147,960.0980758666992,750.2984690666199
Track.001,1466,0.500018298625946,0.6946412920951843,960.0351333618164,750.2125954627991
Track.001,1467,0.5000296831130981,0.6946618556976318,960.0569915771484,750.2348041534424
Track.001,1468,0.5000348687171936,0.6946695446968079,960.0669479370117,750.2431082725525
Track.001,1469,0.5000348687171936,0.6946695446968079,960.0669479370117,750.2431082725525
Track.001,1470,0.49970388412475586,0.6946810483932495,959.4314575195312,750.2555322647095
Track.001,1471,0.49969661235809326,0.6946848034858704,959.4174957275391,750.25958776474
Track.001,1472,0.49966058135032654,0.6947082281112671,959.348316192627,750.2848863601685
Track.001,1473,0.4996849596500397,0.6947219371795654,959.3951225280762,750.2996921539307
Track.001,1474,0.4997021555900574,0.6946883797645569,959.4281387329102,750.2634501457214
Track.001,1475,0.4997021555900574,0.6946883797645569,959.4281387329102,750.2634501457214
Track.001,1476,0.4997156858444214,0.6946862936019897,959.4541168212891,750.2611970901489
Track.001,1477,0.49971240758895874,0.6946846842765808,959.4478225708008,750.2594590187073
Track.001,1478,0.49876660108566284,0.6969422101974487,957.6318740844727,752.6975870132446
Track.001,1479,0.49880701303482056,0.6969285607337952,957.7094650268555,752.6828455924988
Track.001,1480,0.4987921416759491,0.6969407200813293,957.6809120178223,752.6959776878357
Track.001,1481,0.49873432517051697,0.6969909071922302,957.5699043273926,752.7501797676086
Track.001,1482,0.49870631098747253,0.6970004439353943,957.5161170959473,752.7604794502258
Track.001,1483,0.4986843168735504,0.6969783306121826,957.4738883972168,752.7365970611572
Track.001,1484,0.4986843168735504,0.6969783306121826,957.4738883972168,752.7365970611572
Track.001,1485,0.49976447224617004,0.697190523147583,959.5477867126465,752.9657649993896
Track.001,1486,0.4997301399707794,0.6971492767333984,959.4818687438965,752.9212188720703
Track.001,1487,0.4997347593307495,0.6971497535705566,959.4907379150391,752.9217338562012
Track.001,1488,0.49970877170562744,0.6971181035041809,959.4408416748047,752.8875517845154
Track.001,1489,0.49970442056655884,0.6971288919448853,959.432487487793,752.8992033004761
Track.001,1490,0.49973341822624207,0.6971402168273926,959.4881629943848,752.911434173584
Track.001,1491,0.49969959259033203,0.6971210241317749,959.4232177734375,752.8907060623169
Track.001,1492,0.5002631545066833,0.6967238187789917,960.505256652832,752.461724281311
Track.001,1493,0.5002631545066833,0.6967238187789917,960.505256652832,752.461724281311
Track.001,1494,0.500329315662384,0.6967388391494751,960.6322860717773,752.4779462814331
Track.001,1495,0.5003156065940857,0.6967211365699768,960.6059646606445,752.458827495575
Track.001,1496,0.5002833604812622,0.6967248916625977,960.5440521240234,752.4628829956055
Track.001,1497,0.5002931356430054,0.6967124938964844,960.5628204345703,752.4494934082031
Track.001,1498,0.4997221529483795,0.6964558959007263,959.4665336608887,752.1723675727844
Track.001,1499,0.4997221529483795,0.6964558959007263,959.4665336608887,752.1723675727844
Track.001,1500,0.4997462034225464,0.6964583396911621,959.5127105712891,752.1750068664551
Track.001,1501,0.499754935503006,0.696487545967102,959.5294761657715,752.2065496444702
Track.001,1502,0.4997221529483795,0.6964792609214783,959.4665336608887,752.1976017951965
Track.001,1503,0.4997221529483795,0.6964792609214783,959.4665336608887,752.1976017951965
Track.001,1504,0.49972426891326904,0.6964821815490723,959.4705963134766,752.200756072998
Track.001,1505,0.4997382164001465,0.6965093612670898,959.4973754882812,752.230110168457
Track.001,1506,0.4997382164001465,0.6965093612670898,959.4973754882812,752.230110168457
Track.001,1507,0.5004701018333435,0.6962334513664246,960.9025955200195,751.9321274757385
Track.001,1508,0.5004792213439941,0.6962538957595825,960.9201049804688,751.9542074203491
Track.001,1509,0.5004663467407227,0.6962701678276062,960.8953857421875,751.9717812538147
Track.001,1510,0.5004960298538208,0.6962618827819824,960.9523773193359,751.962833404541
Track.001,1511,0.5004854202270508,0.6962598562240601,960.9320068359375,751.9606447219849
Track.001,1512,0.49963289499282837,0.6964959502220154,959.2951583862305,752.2156262397766
Track.001,1513,0.49962911009788513,0.6964876055717468,959.2878913879395,752.2066140174866
Track.001,1514,0.4996383786201477,0.6965040564537048,959.3056869506836,752.2243809700012
Track.001,1515,0.4996383786201477,0.6965040564537048,959.3056869506836,752.2243809700012
Track.001,1516,0.4996379613876343,0.6964883208274841,959.3048858642578,752.2073864936829
Track.001,1517,0.49963614344596863,0.6964971423149109,959.3013954162598,752.2169137001038
Track.001,1518,0.4996156394481659,0.6965056657791138,959.2620277404785,752.2261190414429
Track.001,1519,0.4996115267276764,0.6965031623840332,959.2541313171387,752.2234153747559
Track.001,1520,0.49979647994041443,0.696287989616394,959.6092414855957,751.9910287857056
Track.001,1521,0.49979647994041443,0.696287989616394,959.6092414855957,751.9910287857056
Track.001,1522,0.4997878074645996,0.6962651014328003,959.5925903320312,751.9663095474243
Track.001,1523,0.4998285472393036,0.6962650418281555,959.6708106994629,751.966245174408
Track.001,1524,0.4998050928115845,0.6963250637054443,959.6257781982422,752.0310688018799
Track.001,1525,0.49981990456581116,0.6963164210319519,959.6542167663574,752.021734714508
Track.001,1526,0.4991827607154846,0.6967224478721619,958.4309005737305,752.4602437019348
Track.001,1527,0.4991827607154846,0.6967224478721619,958.4309005737305,752.4602437019348
Track.001,1528,0.49920833110809326,0.6967223882675171,958.4799957275391,752.4601793289185
Track.001,1529,0.4991404116153717,0.6966763734817505,958.3495903015137,752.4104833602905
Track.001,1530,0.49914196133613586,0.6966807246208191,958.3525657653809,752.4151825904846
Track.001,1531,0.4991724193096161,0.6967042684555054,958.4110450744629,752.4406099319458
Track.001,1532,0.49911776185035706,0.6966845393180847,958.3061027526855,752.4193024635315
Track.001,1533,0.4991292655467987,0.6966770887374878,958.3281898498535,752.4112558364868
Track.001,1534,0.4985686242580414,0.6970605850219727,957.2517585754395,752.8254318237305
Track.001,1535,0.49854713678359985,0.6970481872558594,957.2105026245117,752.8120422363281
Track.001,1536,0.4985766112804413,0.6970148682594299,957.2670936584473,752.7760577201843
Track.001,1537,0.4985629916191101,0.6970054507255554,957.2409439086914,752.7658867835999
Track.001,1538,0.4985659718513489,0.6970038414001465,957.2466659545898,752.7641487121582
Track.001,1539,0.4985659420490265,0.6970037817955017,957.2466087341309,752.7640843391418
Track.001,1540,0.4982788860797882,0.6964602470397949,956.6954612731934,752.1770668029785
Track.001,1541,0.49830058217048645,0.6964486241340637,956.737117767334,752.1645140647888
Track.001,1542,0.4982644319534302,0.6964642405509949,956.6677093505859,752.1813797950745
Track.001,1543,0.4982583820819855,0.6964671611785889,956.6560935974121,752.184534072876
Track.001,1544,0.4982386529445648,0.6964879631996155,956.6182136535645,752.2070002555847
Track.001,1545,0.4982490539550781,0.6964777708053589,956.63818359375,752.1959924697876
Track.001,1546,0.49822142720222473,0.6964659094810486,956.5851402282715,752.1831822395325
Track.001,1547,0.49822142720222473,0.6964659094810486,956.5851402282715,752.1831822395325
Track.001,1548,0.49798452854156494,0.6972215175628662,956.1302947998047,752.9992389678955
Track.001,1549,0.49801161885261536,0.6972400546073914,956.1823081970215,753.0192589759827
Track.001,1550,0.4980009198188782,0.6972762942314148,956.1617660522461,753.058397769928
Track.001,1551,0.4979575574398041,0.6972885727882385,956.0785102844238,753.0716586112976
Track.001,1552,0.4979712665081024,0.6972999572753906,956.1048316955566,753.0839538574219
Track.001,1553,0.4980149269104004,0.6972907781600952,956.1886596679688,753.0740404129028
Track.001,1554,0.4980149269104004,0.6972907781600952,956.1886596679688,753.0740404129028
Track.001,1555,0.4987845718860626,0.697479784488678,957.6663780212402,753.2781672477722
Track.001,1556,0.49875709414482117,0.6974723935127258,957.6136207580566,753.2701849937439
Track.001,1557,0.49864163994789124,0.6974726915359497,957.3919486999512,753.2705068588257
Track.001,1558,0.4987095594406128,0.6974616646766663,957.5223541259766,753.2585978507996
Track.001,1559,0.4987095594406128,0.6974616646766663,957.5223541259766,753.2585978507996
Track.001,1560,0.49915647506713867,0.697964072227478,958.3804321289062,753.8011980056763
Track.001,1561,0.49915647506713867,0.697964072227478,958.3804321289062,753.8011980056763
Track.001,1562,0.49917829036712646,0.6979654431343079,958.4223175048828,753.8026785850525
Track.001,1563,0.49917832016944885,0.6979654431343079,958.4223747253418,753.8026785850525
Track.001,1564,0.49918901920318604,0.697966456413269,958.4429168701172,753.8037729263306
Track.001,1565,0.4992317259311676,0.6979817152023315,958.5249137878418,753.8202524185181
Track.001,1566,0.4991869628429413,0.6979959011077881,958.4389686584473,753.8355731964111
Track.001,1567,0.49917957186698914,0.6979982256889343,958.4247779846191,753.8380837440491
Track.001,1568,0.49906185269355774,0.6974794864654541,958.1987571716309,753.2778453826904
Track.001,1569,0.49906185269355774,0.6974794864654541,958.1987571716309,753.2778453826904
Track.001,1570,0.4990431070327759,0.6974745392799377,958.1627655029297,753.2725024223328
Track.001,1571,0.4990549683570862,0.6974778771400452,958.1855392456055,753.2761073112488
Track.001,1572,0.49905335903167725,0.6974754333496094,958.1824493408203,753.2734680175781
Track.001,1573,0.49904534220695496,0.6974841356277466,958.1670570373535,753.2828664779663
Track.001,1574,0.49903830885887146,0.6974761486053467,958.1535530090332,753.2742404937744
Track.001,1575,0.49903449416160583,0.6974747776985168,958.1462287902832,753.2727599143982
Track.001,1576,0.49905452132225037,0.6974838376045227,958.1846809387207,753.2825446128845
Track.001,1577,0.49828916788101196,0.697044312953949,956.715202331543,752.8078579902649
Track.001,1578,0.49828916788101196,0.697044312953949,956.715202331543,752.8078579902649
Track.001,1579,0.4983033835887909,0.6970511674880981,956.7424964904785,752.815260887146
Track.001,1580,0.4983033835887909,0.6970511674880981,956.7424964904785,752.815260887146
Track.001,1581,0.49828416109085083,0.6970341205596924,956.7055892944336,752.7968502044678
Track.001,1582,0.498306006193161,0.6968925595283508,956.7475318908691,752.6439642906189
Track.001,1583,0.49831458926200867,0.696919858455658,956.7640113830566,752.6734471321106
Track.001,1584,0.4982897937297821,0.6969432234764099,956.7164039611816,752.6986813545227
Track.001,1585,0.49827635288238525,0.696943461894989,956.6905975341797,752.6989388465881
Track.001,1586,0.4982919692993164,0.6969448328018188,956.7205810546875,752.7004194259644
Track.001,1587,0.4982571303844452,0.6969490051269531,956.6536903381348,752.7049255371094
Track.001,1588,0.49829232692718506,0.696905791759491,956.7212677001953,752.6582551002502
Track.001,1589,0.49829232692718506,0.696905791759491,956.7212677001953,752.6582551002502
Track.001,1590,0.4983605146408081,0.6967002153396606,956.8521881103516,752.4362325668335
Track.001,1591,0.4983590245246887,0.6967008709907532,956.8493270874023,752.4369406700134
Track.001,1592,0.49834707379341125,0.6966869235038757,956.8263816833496,752.4218773841858
Track.001,1593,0.4984005093574524,0.6966927647590637,956.9289779663086,752.4281859397888
Track.001,1594,0.49835312366485596,0.6966908574104309,956.8379974365234,752.4261260032654
Track.001,1595,0.49835312366485596,0.6966908574104309,956.8379974365234,752.4261260032654
Track.001,1596,0.49778005480766296,0.6959410905838013,955.7377052307129,751.6163778305054
Track.001,1597,0.49780306220054626,0.6959404945373535,955.7818794250488,751.6157341003418
Track.001,1598,0.4977860152721405,0.6959473490715027,955.7491493225098,751.6231369972229
Track.001,1599,0.4977794885635376,0.6959481835365295,955.7366180419922,751.6240382194519
Track.001,1600,0.4977596402168274,0.695952296257019,955.6985092163086,751.6284799575806
Track.001,1601,0.49775102734565735,0.6959545016288757,955.6819725036621,751.6308617591858
Track.001,1602,0.49775102734565735,0.6959545016288757,955.6819725036621,751.6308617591858
Track.001,1603,0.497353732585907,0.6960607171058655,954.9191665649414,751.7455744743347
Track.001,1604,0.4973396956920624,0.696062445640564,954.8922157287598,751.7474412918091
Track.001,1605,0.497306764125824,0.6960688829421997,954.828987121582,751.7543935775757
Track.001,1606,0.4972896873950958,0.696060299873352,954.796199798584,751.7451238632202
Track.001,1607,0.49727946519851685,0.696053683757782,954.7765731811523,751.7379784584045
Track.001,1608,0.49728620052337646,0.6960539221763611,954.7895050048828,751.73823595047
Track.001,1609,0.4972742199897766,0.6960596442222595,954.7665023803711,751.7444157600403
Track.001,1610,0.4976470172405243,0.6963565945625305,955.4822731018066,752.065122127533
Track.001,1611,0.4976470172405243,0.6963565945625305,955.4822731018066,752.065122127533
Track.001,1612,0.49757763743400574,0.6963660717010498,955.349063873291,752.0753574371338
Track.001,1613,0.4976080358028412,0.6963583827018738,955.4074287414551,752.0670533180237
Track.001,1614,0.4975987374782562,0.6963514685630798,955.389575958252,752.0595860481262
Track.001,1615,0.49759581685066223,0.6963520050048828,955.3839683532715,752.0601654052734
Track.001,1616,0.4975989758968353,0.6963580250740051,955.3900337219238,752.0666670799255
Track.001,1617,0.4975989758968353,0.6963580250740051,955.3900337219238,752.0666670799255
Track.001,1618,0.49761536717414856,0.6964579820632935,955.4215049743652,752.1746206283569
Track.001,1619,0.49764177203178406,0.6964818239212036,955.4722023010254,752.2003698348999
Track.001,1620,0.49764251708984375,0.6964936852455139,955.4736328125,752.213180065155
Track.001,1621,0.49765437841415405,0.6965029239654541,955.4964065551758,752.2231578826904
Track.001,1622,0.49763238430023193,0.6964972615242004,955.4541778564453,752.2170424461365
Track.001,1623,0.4976078271865845,0.6965031623840332,955.4070281982422,752.2234153747559
Track.001,1624,0.4975977838039398,0.6965065002441406,955.3877449035645,752.2270202636719
Track.001,1625,0.4968813955783844,0.6958571672439575,954.012279510498,751.5257406234741
Track.001,1626,0.4968813955783844,0.6958571672439575,954.012279510498,751.5257406234741
Track.001,1627,0.4968278706073761,0.6958930492401123,953.9095115661621,751.5644931793213
Track.001,1628,0.4968637526035309,0.6958833336830139,953.9784049987793,751.554000377655
Track.001,1629,0.49681392312049866,0.6958485245704651,953.8827323913574,751.5164065361023
Track.001,1630,0.49619439244270325,0.6948307156562805,952.6932334899902,750.417172908783
Track.001,1631,0.49622708559036255,0.694827139377594,952.7560043334961,750.4133105278015
Track.001,1632,0.4962186813354492,0.6948018670082092,952.7398681640625,750.386016368866
Track.001,1633,0.49622127413749695,0.694801926612854,952.7448463439941,750.3860807418823
Track.001,1634,0.49626272916793823,0.6948313117027283,952.8244400024414,750.4178166389465
Track.001,1635,0.4962623715400696,0.694831132888794,952.8237533569336,750.4176235198975
Track.001,1636,0.49624910950660706,0.6948708295822144,952.7982902526855,750.4604959487915
Track.001,1637,0.4962492287158966,0.6948723196983337,952.7985191345215,750.4621052742004
Track.001,1638,0.49689599871635437,0.6962935328483582,954.0403175354004,751.9970154762268
Track.001,1639,0.4969084560871124,0.6962913870811462,954.0642356872559,751.9946980476379
Track.001,1640,0.4968983232975006,0.6962972283363342,954.0447807312012,752.001006603241
Track.001,1641,0.49688759446144104,0.6963109970092773,954.0241813659668,752.0158767700195
Track.001,1642,0.49689093232154846,0.6963183283805847,954.030590057373,752.0237946510315
Track.001,1643,0.4968845248222351,0.6963168382644653,954.0182876586914,752.0221853256226
Track.001,1644,0.4968608021736145,0.6963096261024475,953.9727401733398,752.0143961906433
Track.001,1645,0.4968631863594055,0.6963154077529907,953.9773178100586,752.02064037323
Track.001,1646,0.4974423348903656,0.6967164874076843,955.089282989502,752.4538064002991
Track.001,1647,0.4974423348903656,0.6967164874076843,955.089282989502,752.4538064002991
Track.001,1648,0.4974423348903656,0.6967164874076843,955.089282989502,752.4538064002991
Track.001,1649,0.49744123220443726,0.6966933012008667,955.0871658325195,752.428765296936
Track.001,1650,0.4974399209022522,0.6966932415962219,955.0846481323242,752.4287009239197
Track.001,1651,0.4974302649497986,0.6966931819915771,955.0661087036133,752.4286365509033
Track.001,1652,0.4974302649497986,0.6966931819915771,955.0661087036133,752.4286365509033
Track.001,1653,0.49723494052886963,0.6968047022819519,954.6910858154297,752.549078464508
Track.001,1654,0.4972406327724457,0.6968060731887817,954.7020149230957,752.5505590438843
Track.001,1655,0.49724289774894714,0.6967957615852356,954.7063636779785,752.5394225120544
Track.001,1656,0.497230589389801,0.6968005299568176,954.682731628418,752.544572353363
Track.001,1657,0.49722611904144287,0.6967923641204834,954.6741485595703,752.5357532501221
Track.001,1658,0.49705246090888977,0.6970481276512146,954.3407249450684,752.8119778633118
Track.001,1659,0.49705246090888977,0.6970481276512146,954.3407249450684,752.8119778633118
Track.001,1660,0.4970732629299164,0.697044849395752,954.3806648254395,752.8084373474121
Track.001,1661,0.4970821440219879,0.6970382928848267,954.3977165222168,752.8013563156128
Track.001,1662,0.4970722496509552,0.6970455050468445,954.378719329834,752.809145450592
Track.001,1663,0.4970546364784241,0.6970418691635132,954.3449020385742,752.8052186965942
Track.001,1664,0.497018426656723,0.6970353722572327,954.2753791809082,752.7982020378113
Track.001,1665,0.497018426656723,0.6970353722572327,954.2753791809082,752.7982020378113
Track.001,1666,0.4984857141971588,0.6971215605735779,957.0925712585449,752.8912854194641
Track.001,1667,0.4984811544418335,0.6971180438995361,957.0838165283203,752.887487411499
Track.001,1668,0.49842944741249084,0.6971229910850525,956.9845390319824,752.8928303718567
Track.001,1669,0.4984451234340668,0.6971326470375061,957.0146369934082,752.9032588005066
Track.001,1670,0.4984578490257263,0.6971250176429749,957.0390701293945,752.8950190544128
Track.001,1671,0.4984578490257263,0.6971250176429749,957.0390701293945,752.8950190544128
Track.001,1672,0.4984515607357025,0.6971299648284912,957.0269966125488,752.9003620147705
Track.001,1673,0.4998898208141327,0.6995629072189331,959.7884559631348,755.5279397964478
Track.001,1674,0.4998898208141327,0.6995629072189331,959.7884559631348,755.5279397964478
Track.001,1675,0.49832645058631897,0.6855592727661133,956.7867851257324,740.4040145874023
Track.001,1676,0.4985411763191223,0.6755029559135437,957.1990585327148,729.5431923866272
Track.001,1677,0.49856460094451904,0.6754599809646606,957.2440338134766,729.4967794418335
Track.001,1678,0.4985918700695038,0.6754721999168396,957.2963905334473,729.5099759101868
Track.001,1679,0.4985901415348053,0.6754721999168396,957.2930717468262,729.5099759101868
Track.001,1680,0.498818039894104,0.6756935119628906,957.7306365966797,729.7489929199219
Track.001,1681,0.49881839752197266,0.6756926774978638,957.7313232421875,729.7480916976929
Track.001,1682,0.4987843930721283,0.6757199764251709,957.6660346984863,729.7775745391846
Track.001,1683,0.4987843930721283,0.6757199764251709,957.6660346984863,729.7775745391846
Track.001,1684,0.4987877309322357,0.6757058501243591,957.6724433898926,729.7623181343079
Track.001,1685,0.49882200360298157,0.6757165193557739,957.7382469177246,729.7738409042358
Track.001,1686,0.498770534992218,0.6757212281227112,957.6394271850586,729.7789263725281
Track.001,1687,0.498771607875824,0.6757395267486572,957.641487121582,729.7986888885498
Track.001,1688,0.4976617693901062,0.6752244830131531,955.5105972290039,729.2424416542053
Track.001,1689,0.4976617693901062,0.6752244830131531,955.5105972290039,729.2424416542053
Track.001,1690,0.49770548939704895,0.6752266883850098,955.594539642334,729.2448234558105
Track.001,1691,0.4976957142353058,0.6752089858055115,955.5757713317871,729.2257046699524
Track.001,1692,0.4976588487625122,0.6751896142959595,955.5049896240234,729.2047834396362
Track.001,1693,0.49765002727508545,0.6751862168312073,955.4880523681641,729.2011141777039
Track.001,1694,0.4960838258266449,0.6804768443107605,952.4809455871582,734.9149918556213
Track.001,1695,0.4960838258266449,0.6804768443107605,952.4809455871582,734.9149918556213
Track.001,1696,0.49611854553222656,0.6804735660552979,952.547607421875,734.9114513397217
Track.001,1697,0.49607810378074646,0.6804735660552979,952.4699592590332,734.9114513397217
Track.001,1698,0.49608755111694336,0.6804762482643127,952.4880981445312,734.9143481254578
Track.001,1699,0.49610087275505066,0.6804567575454712,952.5136756896973,734.8932981491089
Track.001,1700,0.49610087275505066,0.6804567575454712,952.5136756896973,734.8932981491089
Track.001,1701,0.4966193437576294,0.6803227663040161,953.5091400146484,734.7485876083374
Track.001,1702,0.4966135621070862,0.6802928447723389,953.4980392456055,734.716272354126
Track.001,1703,0.4965837299823761,0.6802907586097717,953.4407615661621,734.7140192985535
Track.001,1704,0.49657338857650757,0.6803272366523743,953.4209060668945,734.7534155845642
Track.001,1705,0.49658527970314026,0.6803323030471802,953.4437370300293,734.7588872909546
Track.001,1706,0.4966101348400116,0.6803374886512756,953.4914588928223,734.7644877433777
Track.001,1707,0.4966101348400116,0.6803374886512756,953.4914588928223,734.7644877433777
Track.001,1708,0.4964211881160736,0.6800852417945862,953.1286811828613,734.4920611381531
Track.001,1709,0.4964117407798767,0.6800980567932129,953.1105422973633,734.5059013366699
Track.001,1710,0.4963725805282593,0.6800915598869324,953.0353546142578,734.498884677887
Track.001,1711,0.49635687470436096,0.6801010966300964,953.005199432373,734.5091843605042
Track.001,1712,0.49636533856391907,0.6800828576087952,953.0214500427246,734.4894862174988
Track.001,1713,0.49636533856391907,0.6800828576087952,953.0214500427246,734.4894862174988
Track.001,1714,0.4958864450454712,0.6802577376365662,952.1019744873047,734.6783566474915
Track.001,1715,0.49586477875709534,0.6802546381950378,952.060375213623,734.6750092506409
Track.001,1716,0.4958404302597046,0.680254340171814,952.0136260986328,734.6746873855591
Track.001,1717,0.4958275556564331,0.6802636384963989,951.9889068603516,734.6847295761108
Track.001,1718,0.4958462417125702,0.6802532076835632,952.0247840881348,734.6734642982483
Track.001,1719,0.49583303928375244,0.6802563667297363,951.9994354248047,734.6768760681152
Track.001,1720,0.4958347976207733,0.6802650690078735,952.0028114318848,734.6862745285034
Track.001,1721,0.4958432912826538,0.6802725791931152,952.0191192626953,734.6943855285645
Track.001,1722,0.4958432912826538,0.6802725791931152,952.0191192626953,734.6943855285645
Track.001,1723,0.4968721568584442,0.67945796251297,953.9945411682129,733.8145995140076
Track.001,1724,0.49689313769340515,0.6794548034667969,954.0348243713379,733.8111877441406
Track.001,1725,0.49688756465911865,0.6794549822807312,954.0241241455078,733.8113808631897
Track.001,1726,0.49688011407852173,0.6794720888137817,954.0098190307617,733.8298559188843
Track.001,1727,0.49688011407852173,0.6794720888137817,954.0098190307617,733.8298559188843
Track.001,1728,0.4965355694293976,0.6800776124000549,953.3482933044434,734.4838213920593
Track.001,1729,0.4965387284755707,0.6800760626792908,953.3543586730957,734.482147693634
Track.001,1730,0.49651384353637695,0.6800292134284973,953.3065795898438,734.4315505027771
Track.001,1731,0.49652159214019775,0.6800282597541809,953.3214569091797,734.4305205345154
Track.001,1732,0.49651890993118286,0.680064857006073,953.3163070678711,734.4700455665588
Track.001,1733,0.49652236700057983,0.6800792813301086,953.3229446411133,734.4856238365173
Track.001,1734,0.4964892268180847,0.6800252199172974,953.2593154907227,734.4272375106812
Track.001,1735,0.4965081810951233,0.6800234913825989,953.2957077026367,734.4253706932068
Track.001,1736,0.4962288439273834,0.6797056198120117,952.7593803405762,734.0820693969727
Track.001,1737,0.4962288439273834,0.6797056198120117,952.7593803405762,734.0820693969727
Track.001,1738,0.4962460696697235,0.6797367334365845,952.7924537658691,734.1156721115112
Track.001,1739,0.4962295889854431,0.6797338128089905,952.7608108520508,734.1125178337097
Track.001,1740,0.4962482154369354,0.6797348856925964,952.796573638916,734.1136765480042
Track.001,1741,0.49624907970428467,0.6797350645065308,952.7982330322266,734.1138696670532
Track.001,1742,0.49638935923576355,0.6791508793830872,953.067569732666,733.4829497337341
Track.001,1743,0.49638935923576355,0.6791508793830872,953.067569732666,733.4829497337341
Track.001,1744,0.49639609456062317,0.6791520714759827,953.0805015563965,733.4842371940613
Track.001,1745,0.4964104890823364,0.6791849732398987,953.1081390380859,733.5197710990906
Track.001,1746,0.496359258890152,0.679195761680603,953.0097770690918,733.5314226150513
Track.001,1747,0.4963407814502716,0.679183304309845,952.9743003845215,733.5179686546326
Track.001,1748,0.4963407814502716,0.679183304309845,952.9743003845215,733.5179686546326
Track.001,1749,0.4963546395301819,0.6791960000991821,953.0009078979492,733.5316801071167
Track.001,1750,0.49612918496131897,0.6794191598892212,952.5680351257324,733.7726926803589
Track.001,1751,0.496160089969635,0.6794408559799194,952.6273727416992,733.796124458313
Track.001,1752,0.49614471197128296,0.6794471144676208,952.5978469848633,733.8028836250305
Track.001,1753,0.49614471197128296,0.6794471144676208,952.5978469848633,733.8028836250305
Track.001,1754,0.4961378276348114,0.6794432401657104,952.5846290588379,733.7986993789673
Track.001,1755,0.4961368441581726,0.679442822933197,952.5827407836914,733.7982487678528
Track.001,1756,0.4959897994995117,0.6793297529220581,952.3004150390625,733.6761331558228
Track.001,1757,0.4959897994995117,0.6793297529220581,952.3004150390625,733.6761331558228
Track.001,1758,0.4960002303123474,0.6793442964553833,952.320442199707,733.691840171814
Track.001,1759,0.4960002303123474,0.6793442964553833,952.320442199707,733.691840171814
Track.001,1760,0.4960053861141205,0.6793518662452698,952.3303413391113,733.7000155448914
Track.001,1761,0.49599918723106384,0.6793540716171265,952.3184394836426,733.7023973464966
Track.001,1762,0.4960087239742279,0.6793410181999207,952.3367500305176,733.6882996559143
Track.001,1763,0.4960061013698578,0.6793376803398132,952.331714630127,733.6846947669983
Track.001,1764,0.49661874771118164,0.6792945861816406,953.5079956054688,733.6381530761719
Track.001,1765,0.49661874771118164,0.6792945861816406,953.5079956054688,733.6381530761719
Track.001,1766,0.49669015407562256,0.6792984008789062,953.6450958251953,733.6422729492188
Track.001,1767,0.49669191241264343,0.6792805790901184,953.6484718322754,733.6230254173279
Track.001,1768,0.4967174530029297,0.6792869567871094,953.697509765625,733.6299133300781
Track.001,1769,0.4966854453086853,0.6792978048324585,953.6360549926758,733.6416292190552
Track.001,1770,0.4966810643672943,0.6792977452278137,953.6276435852051,733.6415648460388
Track.001,1771,0.4972006678581238,0.6796141862869263,954.6252822875977,733.9833211898804
Track.001,1772,0.4972006678581238,0.6796141862869263,954.6252822875977,733.9833211898804
Track.001,1773,0.49713701009750366,0.679614782333374,954.503059387207,733.983964920044
Track.001,1774,0.4971705973148346,0.6796196103096008,954.5675468444824,733.9891791343689
Track.001,1775,0.4971795380115509,0.6796244978904724,954.5847129821777,733.9944577217102
Track.001,1776,0.49719154834747314,0.6796269416809082,954.6077728271484,733.9970970153809
Track.001,1777,0.49719154834747314,0.6796269416809082,954.6077728271484,733.9970970153809
Track.001,1778,0.49668025970458984,0.679393470287323,953.6260986328125,733.7449479103088
Track.001,1779,0.49667003750801086,0.6794077754020691,953.6064720153809,733.7603974342346
Track.001,1780,0.4966803789138794,0.6793935298919678,953.6263275146484,733.7450122833252
Track.001,1781,0.4966670274734497,0.6793981194496155,953.6006927490234,733.7499690055847
Track.001,1782,0.49663206934928894,0.6793999671936035,953.5335731506348,733.7519645690918
Track.001,1783,0.49663206934928894,0.6793999671936035,953.5335731506348,733.7519645690918
Track.001,1784,0.49685126543045044,0.6792837977409363,953.9544296264648,733.6265015602112
Track.001,1785,0.49686336517333984,0.6792871952056885,953.9776611328125,733.6301708221436
Track.001,1786,0.4968023896217346,0.6792811751365662,953.8605880737305,733.6236691474915
Track.001,1787,0.49679771065711975,0.6792826056480408,953.8516044616699,733.625214099884
Track.001,1788,0.4968274235725403,0.6792649030685425,953.9086532592773,733.6060953140259
Track.001,1789,0.49682605266571045,0.6792649626731873,953.9060211181641,733.6061596870422
Track.001,1790,0.4968086779117584,0.6792705059051514,953.8726615905762,733.6121463775635
Track.001,1791,0.4967872202396393,0.6792708039283752,953.8314628601074,733.6124682426453
Track.001,1792,0.4967872202396393,0.6792708039283752,953.8314628601074,733.6124682426453
Track.001,1793,0.4971569776535034,0.6795055866241455,954.5413970947266,733.8660335540771
Track.001,1794,0.497143417596817,0.6794844269752502,954.5153617858887,733.8431811332703
Track.001,1795,0.49712643027305603,0.6794936656951904,954.4827461242676,733.8531589508057
Track.001,1796,0.4971328675746918,0.6794928312301636,954.4951057434082,733.8522577285767
Track.001,1797,0.49712371826171875,0.679471492767334,954.4775390625,733.8292121887207
Track.001,1798,0.49700573086738586,0.6797184348106384,954.2510032653809,734.0959095954895
Track.001,1799,0.4970325827598572,0.6797233819961548,954.3025588989258,734.1012525558472
Track.001,1800,0.497026264667511,0.6797465085983276,954.2904281616211,734.1262292861938
Track.001,1801,0.4970000982284546,0.6797395348548889,954.2401885986328,734.11869764328
Track.001,1802,0.49701988697052,0.6797425150871277,954.2781829833984,734.1219162940979
Track.001,1803,0.4970225691795349,0.6797165870666504,954.283332824707,734.0939140319824
Track.001,1804,0.4969814121723175,0.6797229051589966,954.2043113708496,734.1007375717163
Track.001,1805,0.49698060750961304,0.6797143816947937,954.202766418457,734.0915322303772
Track.001,1806,0.4966331720352173,0.6795827150344849,953.5356903076172,733.9493322372437
Track.001,1807,0.4966331720352173,0.6795827150344849,953.5356903076172,733.9493322372437
Track.001,1808,0.49665775895118713,0.6795704364776611,953.5828971862793,733.936071395874
Track.001,1809,0.496663898229599,0.6795540452003479,953.5946846008301,733.9183688163757
Track.001,1810,0.4966537654399872,0.679558277130127,953.5752296447754,733.9229393005371
Track.001,1811,0.496650755405426,0.6795474886894226,953.569450378418,733.9112877845764
Track.001,1812,0.4968537986278534,0.6786307692527771,953.9592933654785,732.9212307929993
Track.001,1813,0.4968537986278534,0.6786307692527771,953.9592933654785,732.9212307929993
Track.001,1814,0.49683210253715515,0.6785914897918701,953.9176368713379,732.8788089752197
Track.001,1815,0.49682381749153137,0.6785992383956909,953.9017295837402,732.8871774673462
Track.001,1816,0.49682357907295227,0.6785994172096252,953.9012718200684,732.8873705863953
Track.001,1817,0.4968003034591675,0.6786130666732788,953.8565826416016,732.9021120071411
Track.001,1818,0.4968003034591675,0.6786130666732788,953.8565826416016,732.9021120071411
Track.001,1819,0.49742528796195984,0.6793221831321716,955.0565528869629,733.6679577827454
Track.001,1820,0.49742528796195984,0.6793221831321716,955.0565528869629,733.6679577827454
Track.001,1821,0.4974358379840851,0.6792897582054138,955.0768089294434,733.6329388618469
Track.001,1822,0.49742570519447327,0.6792728900909424,955.0573539733887,733.6147212982178
Track.001,1823,0.49740469455718994,0.6792699694633484,955.0170135498047,733.6115670204163
Track.001,1824,0.49741360545158386,0.6792702674865723,955.034122467041,733.611888885498
Track.001,1825,0.49741360545158386,0.6792702674865723,955.034122467041,733.611888885498
Track.001,1826,0.49775320291519165,0.6799836158752441,955.686149597168,734.3823051452637
Track.001,1827,0.4977380633354187,0.6799904108047485,955.6570816040039,734.3896436691284
Track.001,1828,0.4976758658885956,0.6799995303153992,955.5376625061035,734.3994927406311
Track.001,1829,0.4976770579814911,0.6800042390823364,955.5399513244629,734.4045782089233
Track.001,1830,0.49766069650650024,0.680009663105011,955.5085372924805,734.4104361534119
Track.001,1831,0.4976550042629242,0.6800259947776794,955.4976081848145,734.4280743598938
Track.001,1832,0.4976511597633362,0.6800206303596497,955.4902267456055,734.4222807884216
Track.001,1833,0.4976547062397003,0.6800195574760437,955.4970359802246,734.4211220741272
Track.001,1834,0.497457355260849,0.6807323694229126,955.1181221008301,735.1909589767456
Track.001,1835,0.497457355260849,0.6807323694229126,955.1181221008301,735.1909589767456
Track.001,1836,0.4974806010723114,0.6807196736335754,955.1627540588379,735.1772475242615
Track.001,1837,0.4974806010723114,0.6807196736335754,955.1627540588379,735.1772475242615
Track.001,1838,0.4974946081638336,0.6807176470756531,955.1896476745605,735.1750588417053
Track.001,1839,0.4974946081638336,0.6807176470756531,955.1896476745605,735.1750588417053
Track.001,1840,0.4974946081638336,0.6807176470756531,955.1896476745605,735.1750588417053
Track.001,1841,0.4971967339515686,0.681134045124054,954.6177291870117,735.6247687339783
Track.001,1842,0.4971937835216522,0.6811602711677551,954.6120643615723,735.6530928611755
Track.001,1843,0.4971593916416168,0.6811507344245911,954.5460319519043,735.6427931785583
Track.001,1844,0.49714726209640503,0.6811514496803284,954.5227432250977,735.6435656547546
Track.001,1845,0.4971552789211273,0.6811398267745972,954.5381355285645,735.6310129165649
Track.001,1846,0.4971787631511688,0.6811392307281494,954.5832252502441,735.6303691864014
Track.001,1847,0.49718043208122253,0.681143045425415,954.5864295959473,735.6344890594482
Track.001,1848,0.4974021017551422,0.6807307004928589,955.012035369873,735.1891565322876
Track.001,1849,0.4974021017551422,0.6807307004928589,955.012035369873,735.1891565322876
Track.001,1850,0.4974052309989929,0.680724561214447,955.0180435180664,735.1825261116028
Track.001,1851,0.4973917305469513,0.6807180047035217,954.9921226501465,735.1754450798035
Track.001,1852,0.49744898080825806,0.6807602643966675,955.1020431518555,735.2210855484009
Track.001,1853,0.4974307417869568,0.6807577610015869,955.067024230957,735.2183818817139
Track.001,1854,0.49731358885765076,0.6819203495979309,954.8420906066895,736.4739775657654
Track.001,1855,0.49731358885765076,0.6819203495979309,954.8420906066895,736.4739775657654
Track.001,1856,0.49733659625053406,0.6819164752960205,954.8862648010254,736.4697933197021
Track.001,1857,0.497377872467041,0.6819390654563904,954.9655151367188,736.4941906929016
Track.001,1858,0.49732261896133423,0.6819127202033997,954.8594284057617,736.4657378196716
Track.001,1859,0.4973309338092804,0.6819060444831848,954.8753929138184,736.4585280418396
Track.001,1860,0.4971522092819214,0.6821176409721375,954.5322418212891,736.6870522499084
Track.001,1861,0.4971522092819214,0.6821176409721375,954.5322418212891,736.6870522499084
Track.001,1862,0.4971489906311035,0.6821129322052002,954.5260620117188,736.6819667816162
Track.001,1863,0.4971383512020111,0.6821187138557434,954.5056343078613,736.6882109642029
Track.001,1864,0.4971725046634674,0.6821057796478271,954.5712089538574,736.6742420196533
Track.001,1865,0.4971395432949066,0.6821301579475403,954.5079231262207,736.7005705833435
Track.001,1866,0.4971603453159332,0.6821490526199341,954.5478630065918,736.7209768295288
Track.001,1867,0.4971664547920227,0.6821562051773071,954.5595932006836,736.7287015914917
Track.001,1868,0.497161865234375,0.6821582913398743,954.55078125,736.7309546470642
Track.001,1869,0.49793437123298645,0.6820147633552551,956.033992767334,736.5759444236755
Track.001,1870,0.4979470670223236,0.6820030808448792,956.0583686828613,736.5633273124695
Track.001,1871,0.4979504644870758,0.6820022463798523,956.0648918151855,736.5624260902405
Track.001,1872,0.49799174070358276,0.6820117235183716,956.1441421508789,736.5726613998413
Track.001,1873,0.4980091452598572,0.6820448040962219,956.1775588989258,736.6083884239197
Track.001,1874,0.49796921014785767,0.6820346117019653,956.1008834838867,736.5973806381226
Track.001,1875,0.4979664385318756,0.6820346117019653,956.0955619812012,736.5973806381226
Track.001,1876,0.497962087392807,0.6818720698356628,956.0872077941895,736.4218354225159
Track.001,1877,0.4979621469974518,0.6818718314170837,956.0873222351074,736.4215779304504
Track.001,1878,0.4979771673679352,0.6818417906761169,956.1161613464355,736.3891339302063
Track.001,1879,0.4979771673679352,0.6818417906761169,956.1161613464355,736.3891339302063
Track.001,1880,0.4979497194290161,0.6818456649780273,956.0634613037109,736.3933181762695
Track.001,1881,0.4979497194290161,0.6818456649780273,956.0634613037109,736.3933181762695
Track.001,1882,0.4972609877586365,0.6826141476631165,954.741096496582,737.2232794761658
Track.001,1883,0.49729683995246887,0.6826099753379822,954.8099327087402,737.2187733650208
Track.001,1884,0.4973495304584503,0.6826332807540894,954.9110984802246,737.2439432144165
Track.001,1885,0.4972858130931854,0.682645320892334,954.788761138916,737.2569465637207
Track.001,1886,0.4972746968269348,0.6826351881027222,954.7674179077148,737.2460031509399
Track.001,1887,0.49727436900138855,0.6826350092887878,954.766788482666,737.2458100318909
Track.001,1888,0.4977315366268158,0.6831852197647095,955.6445503234863,737.8400373458862
Track.001,1889,0.4977315366268158,0.6831852197647095,955.6445503234863,737.8400373458862
Track.001,1890,0.49773693084716797,0.6831817030906677,955.6549072265625,737.8362393379211
Track.001,1891,0.4978395402431488,0.6832060217857361,955.8519172668457,737.862503528595
Track.001,1892,0.49783793091773987,0.6832029223442078,955.8488273620605,737.8591561317444
Track.001,1893,0.497769832611084,0.6831636428833008,955.7180786132812,737.8167343139648
Track.001,1894,0.49781128764152527,0.6831905841827393,955.7976722717285,737.8458309173584
Track.001,1895,0.4977630078792572,0.6831763982772827,955.7049751281738,737.8305101394653
Track.001,1896,0.4981595277786255,0.6845386028289795,956.4662933349609,739.3016910552979
Track.001,1897,0.4981595277786255,0.6845386028289795,956.4662933349609,739.3016910552979
Track.001,1898,0.49817705154418945,0.6845188736915588,956.4999389648438,739.2803835868835
Track.001,1899,0.49815937876701355,0.6845229268074036,956.466007232666,739.2847609519958
Track.001,1900,0.49813416600227356,0.6845124363899231,956.4175987243652,739.273431301117
Track.001,1901,0.498110294342041,0.6845390796661377,956.3717651367188,739.3022060394287
Track.001,1902,0.49814721941947937,0.6845434904098511,956.4426612854004,739.3069696426392
Track.001,1903,0.49814721941947937,0.6845434904098511,956.4426612854004,739.3069696426392
Track.001,1904,0.4987846910953522,0.6853981614112854,957.6666069030762,740.2300143241882
Track.001,1905,0.4987596571445465,0.6853744387626648,957.6185417175293,740.204393863678
Track.001,1906,0.4987872540950775,0.6853892207145691,957.6715278625488,740.2203583717346
Track.001,1907,0.49877241253852844,0.6853870153427124,957.6430320739746,740.2179765701294
Track.001,1908,0.49878013134002686,0.685393750667572,957.6578521728516,740.2252507209778
Track.001,1909,0.49878013134002686,0.685393750667572,957.6578521728516,740.2252507209778
Track.001,1910,0.49785473942756653,0.685890257358551,955.8810997009277,740.7614779472351
Track.001,1911,0.49787864089012146,0.685886800289154,955.9269905090332,740.7577443122864
Track.001,1912,0.4978381097316742,0.6858603954315186,955.8491706848145,740.72922706604
Track.001,1913,0.49782055616378784,0.6858789920806885,955.8154678344727,740.7493114471436
Track.001,1914,0.4978431761264801,0.6858325600624084,955.8588981628418,740.6991648674011
Track.001,1915,0.49778568744659424,0.6858795881271362,955.7485198974609,740.7499551773071
Track.001,1916,0.4977903366088867,0.6858828067779541,955.7574462890625,740.7534313201904
Track.001,1917,0.4966979920864105,0.6868859529495239,953.6601448059082,741.8368291854858
Track.001,1918,0.49668407440185547,0.6868985891342163,953.6334228515625,741.8504762649536
Track.001,1919,0.49668407440185547,0.6868985891342163,953.6334228515625,741.8504762649536
Track.001,1920,0.4967246949672699,0.6868889927864075,953.7114143371582,741.8401122093201
Track.001,1921,0.4967247545719147,0.6868888735771179,953.7115287780762,741.8399834632874
Track.001,1922,0.4967292547225952,0.6869122982025146,953.7201690673828,741.8652820587158
Track.001,1923,0.4967532753944397,0.6868987679481506,953.7662887573242,741.8506693840027
Track.001,1924,0.497109055519104,0.6872324347496033,954.4493865966797,742.2110295295715
Track.001,1925,0.497106671333313,0.6872316002845764,954.4448089599609,742.2101283073425
Track.001,1926,0.4971329867839813,0.6871726512908936,954.4953346252441,742.146463394165
Track.001,1927,0.4971314072608948,0.6871738433837891,954.492301940918,742.1477508544922
Track.001,1928,0.4971575438976288,0.6871506571769714,954.5424842834473,742.1227097511292
Track.001,1929,0.4971332848072052,0.6871564984321594,954.495906829834,742.1290183067322
Track.001,1930,0.4965136647224426,0.687751293182373,953.3062362670898,742.7713966369629
Track.001,1931,0.4965136647224426,0.687751293182373,953.3062362670898,742.7713966369629
Track.001,1932,0.49651116132736206,0.6877267956733704,953.3014297485352,742.74493932724
Track.001,1933,0.4964909255504608,0.6877303123474121,953.2625770568848,742.7487373352051
Track.001,1934,0.4964834153652191,0.6877254843711853,953.2481575012207,742.7435231208801
Track.001,1935,0.49647632241249084,0.6877375245094299,953.2345390319824,742.7565264701843
Track.001,1936,0.49653923511505127,0.6877180933952332,953.3553314208984,742.7355408668518
Track.001,1937,0.49652427434921265,0.6877145767211914,953.3266067504883,742.7317428588867
Track.001,1938,0.49652567505836487,0.687711238861084,953.3292961120605,742.7281379699707
Track.001,1939,0.4964004158973694,0.6875261664390564,953.0887985229492,742.5282597541809
Track.001,1940,0.4964004158973694,0.6875261664390564,953.0887985229492,742.5282597541809
Track.001,1941,0.4963999390602112,0.6875103712081909,953.0878829956055,742.5112009048462
Track.001,1942,0.4963197410106659,0.6875119209289551,952.9339027404785,742.5128746032715
Track.001,1943,0.49633902311325073,0.6875026822090149,952.9709243774414,742.5028967857361
Track.001,1944,0.4963405430316925,0.687521755695343,952.9738426208496,742.5234961509705
Track.001,1945,0.4963405430316925,0.687521755695343,952.9738426208496,742.5234961509705
Track.001,1946,0.49625274538993835,0.6884774565696716,952.8052711486816,743.5556530952454
Track.001,1947,0.49624350666999817,0.6884814500808716,952.7875328063965,743.5599660873413
Track.001,1948,0.49624305963516235,0.6884791254997253,952.7866744995117,743.5574555397034
Track.001,1949,0.4962330162525177,0.6884781718254089,952.767391204834,743.5564255714417
Track.001,1950,0.49622300267219543,0.6884747743606567,952.7481651306152,743.5527563095093
Track.001,1951,0.49622300267219543,0.6884747743606567,952.7481651306152,743.5527563095093
Track.001,1952,0.4975917935371399,0.6889216303825378,955.3762435913086,744.0353608131409
Track.001,1953,0.49753740429878235,0.6889079213142395,955.2718162536621,744.0205550193787
Track.001,1954,0.4974961578845978,0.6889013648033142,955.1926231384277,744.0134739875793
Track.001,1955,0.4974961578845978,0.6888963580131531,955.1926231384277,744.0080666542053
Track.001,1956,0.4975084066390991,0.6888969540596008,955.2161407470703,744.0087103843689
Track.001,1957,0.4975084066390991,0.6888969540596008,955.2161407470703,744.0087103843689
Track.001,1958,0.4974668622016907,0.6895795464515686,955.1363754272461,744.7459101676941
Track.001,1959,0.49743741750717163,0.689603865146637,955.0798416137695,744.7721743583679
Track.001,1960,0.4974040985107422,0.6896160840988159,955.015869140625,744.7853708267212
Track.001,1961,0.4974015951156616,0.6896206736564636,955.0110626220703,744.7903275489807
Track.001,1962,0.4974277913570404,0.6896051168441772,955.0613594055176,744.7735261917114
Track.001,1963,0.4974452555179596,0.6896130442619324,955.0948905944824,744.782087802887
Track.001,1964,0.49746689200401306,0.6896069049835205,955.1364326477051,744.7754573822021
Track.001,1965,0.497452050447464,0.6896290183067322,955.1079368591309,744.7993397712708
Track.001,1966,0.4979231655597687,0.6897289156913757,956.0124778747559,744.9072289466858
Track.001,1967,0.49792811274528503,0.6897285580635071,956.0219764709473,744.9068427085876
Track.001,1968,0.49790823459625244,0.689717173576355,955.9838104248047,744.8945474624634
Track.001,1969,0.49791669845581055,0.6897192597389221,956.0000610351562,744.8968005180359
Track.001,1970,0.4978986084461212,0.6897251009941101,955.9653282165527,744.9031090736389
Track.001,1971,0.4979057312011719,0.6897237300872803,955.97900390625,744.9016284942627
Track.001,1972,0.49992650747299194,0.6903636455535889,959.8588943481445,745.592737197876
Track.001,1973,0.49992650747299194,0.6903636455535889,959.8588943481445,745.592737197876
Track.001,1974,0.4999149739742279,0.6903610825538635,959.8367500305176,745.5899691581726
Track.001,1975,0.49991390109062195,0.690366804599762,959.8346900939941,745.5961489677429
Track.001,1976,0.4998681843280792,0.6903709173202515,959.7469139099121,745.6005907058716
Track.001,1977,0.49985620379447937,0.690369188785553,959.7239112854004,745.5987238883972
Track.001,1978,0.49984678626060486,0.6903663277626038,959.7058296203613,745.5956339836121
Track.001,1979,0.49983730912208557,0.690380334854126,959.6876335144043,745.610761642456
Track.001,1980,0.5006264448165894,0.6903352737426758,961.2027740478516,745.5620956420898
Track.001,1981,0.5006264448165894,0.6903352737426758,961.2027740478516,745.5620956420898
Track.001,1982,0.5006264448165894,0.6903352737426758,961.2027740478516,745.5620956420898
Track.001,1983,0.5006239414215088,0.690333902835846,961.1979675292969,745.5606150627136
Track.001,1984,0.5005219578742981,0.6903347969055176,961.0021591186523,745.561580657959
Track.001,1985,0.5005236864089966,0.6903302669525146,961.0054779052734,745.5566883087158
Track.001,1986,0.5005236864089966,0.6903302669525146,961.0054779052734,745.5566883087158
Track.001,1987,0.5017905831336975,0.6904512047767639,963.4379196166992,745.687301158905
Track.001,1988,0.5018126964569092,0.6904454231262207,963.4803771972656,745.6810569763184
Track.001,1989,0.5019227266311646,0.6904842853546143,963.6916351318359,745.7230281829834
Track.001,1990,0.5018669962882996,0.6904757618904114,963.5846328735352,745.7138228416443
Track.001,1991,0.5018880367279053,0.6904902458190918,963.6250305175781,745.7294654846191
Track.001,1992,0.5018807649612427,0.6904544234275818,963.6110687255859,745.6907773017883
Track.001,1993,0.5018807649612427,0.6904544234275818,963.6110687255859,745.6907773017883
Track.001,1994,0.5022100806236267,0.6904084086418152,964.2433547973633,745.6410813331604
Track.001,1995,0.5022063851356506,0.6904169917106628,964.2362594604492,745.6503510475159
Track.001,1996,0.5021899938583374,0.6904234886169434,964.2047882080078,745.6573677062988
Track.001,1997,0.5021761059761047,0.6904204487800598,964.1781234741211,745.6540846824646
Track.001,1998,0.5021685361862183,0.6904295682907104,964.1635894775391,745.6639337539673
Track.001,1999,0.5021685361862183,0.6904295682907104,964.1635894775391,745.6639337539673
Track.001,2000,0.5014699101448059,0.6904119849205017,962.8222274780273,745.6449437141418
Track.002,5,0.4777200222015381,0.7816175818443298,917.2224426269531,844.1469883918762
Track.002,6,0.4777842164039612,0.7815330624580383,917.3456954956055,844.0557074546814
Track.002,7,0.47773364186286926,0.7815349698066711,917.248592376709,844.0577673912048
Track.002,8,0.47771161794662476,0.7815096974372864,917.2063064575195,844.0304732322693
Track.002,9,0.47775980830192566,0.7815310955047607,917.2988319396973,844.0535831451416
Track.002,10,0.47777241468429565,0.7815126180648804,917.3230361938477,844.0336275100708
Track.002,11,0.47778090834617615,0.7815195322036743,917.3393440246582,844.0410947799683
Track.002,12,0.47779369354248047,0.7815201878547668,917.3638916015625,844.0418028831482
Track.002,13,0.4777851402759552,0.7815210223197937,917.347469329834,844.0427041053772
Track.002,14,0.4777854382991791,0.7815216183662415,917.3480415344238,844.0433478355408
Track.002,15,0.47766926884651184,0.7813763618469238,917.1249961853027,843.8864707946777
Track.002,16,0.4777437448501587,0.7813876867294312,917.2679901123047,843.8987016677856
Track.002,17,0.4777292013168335,0.7813451886177063,917.2400665283203,843.8528037071228
Track.002,18,0.47768157720565796,0.7813396453857422,917.1486282348633,843.8468170166016
Track.002,19,0.4777085483074188,0.7813469767570496,917.2004127502441,843.8547348976135
Track.002,20,0.4777064323425293,0.7813360691070557,917.1963500976562,843.8429546356201
Track.002,21,0.4777091145515442,0.7813396453857422,917.2014999389648,843.8468170166016
Track.002,22,0.4778149425983429,0.7811177968978882,917.4046897888184,843.6072206497192
Track.002,23,0.47782209515571594,0.7811054587364197,917.4184226989746,843.5938954353333
Track.002,24,0.47784751653671265,0.7810760736465454,917.4672317504883,843.562159538269
Track.002,25,0.47785186767578125,0.7810754776000977,917.4755859375,843.5615158081055
Track.002,26,0.47783416509628296,0.7810781598091125,917.4415969848633,843.5644125938416
Track.002,27,0.4778340756893158,0.7810784578323364,917.4414253234863,843.5647344589233
Track.002,28,0.4777432382106781,0.7809618711471558,917.267017364502,843.4388208389282
Track.002,29,0.477751761674881,0.7809661626815796,917.2833824157715,843.443455696106
Track.002,30,0.47775885462760925,0.7809674739837646,917.2970008850098,843.4448719024658
Track.002,31,0.4777683913707733,0.7809762954711914,917.3153114318848,843.4543991088867
Track.002,32,0.47776877880096436,0.780971884727478,917.3160552978516,843.4496355056763
Track.002,33,0.4777805507183075,0.7809757590293884,917.3386573791504,843.4538197517395
Track.002,34,0.47779160737991333,0.7809749245643616,917.3598861694336,843.4529185295105
Track.002,35,0.4773945212364197,0.7810817360877991,916.5974807739258,843.568274974823
Track.002,36,0.4773945212364197,0.7810817360877991,916.5974807739258,843.568274974823
Track.002,37,0.4773921072483063,0.7810851335525513,916.592845916748,843.5719442367554
Track.002,38,0.4774004817008972,0.7810819149017334,916.6089248657227,843.5684680938721
Track.002,39,0.47737136483192444,0.7810536026954651,916.5530204772949,843.5378909111023
Track.002,40,0.4773962199687958,0.7810492515563965,916.6007423400879,843.5331916809082
Track.002,41,0.4773977994918823,0.7810365557670593,916.6037750244141,843.5194802284241
Track.002,42,0.47738713026046753,0.7810627222061157,916.5832901000977,843.547739982605
Track.002,43,0.4773678183555603,0.7810739278793335,916.5462112426758,843.5598421096802
Track.002,44,0.4773409068584442,0.7810768485069275,916.4945411682129,843.5629963874817
Track.002,45,0.47736939787864685,0.7810768485069275,916.549243927002,843.5629963874817
Track.002,46,0.47736504673957825,0.781082272529602,916.5408897399902,843.5688543319702
Track.002,47,0.47736629843711853,0.7810821533203125,916.5432929992676,843.5687255859375
Track.002,48,0.4773450195789337,0.7810964584350586,916.5024375915527,843.5841751098633
Track.002,49,0.4773581922054291,0.7811102271080017,916.5277290344238,843.5990452766418
Track.002,50,0.47734537720680237,0.7810859680175781,916.5031242370605,843.5728454589844
Track.002,51,0.47734537720680237,0.7810859680175781,916.5031242370605,843.5728454589844
Track.002,52,0.4773397743701935,0.7810747623443604,916.4923667907715,843.5607433319092
Track.002,53,0.47732892632484436,0.7810759544372559,916.4715385437012,843.5620307922363
Track.002,54,0.4773678183555603,0.7810688018798828,916.5462112426758,843.5543060302734
Track.002,55,0.4773656129837036,0.7810777425765991,916.5419769287109,843.563961982727
Track.002,56,0.47736749053001404,0.7810824513435364,916.545581817627,843.5690474510193
Track.002,57,0.47740742564201355,0.7810046076774597,916.622257232666,843.4849762916565
Track.002,58,0.4773903489112854,0.7810047268867493,916.589469909668,843.4851050376892
Track.002,59,0.4773898422718048,0.7809849381446838,916.5884971618652,843.4637331962585
Track.002,60,0.4773629903793335,0.7810085415840149,916.5369415283203,843.4892249107361
Track.002,61,0.47736993432044983,0.7810043096542358,916.5502738952637,843.4846544265747
Track.002,62,0.47736993432044983,0.7810043096542358,916.5502738952637,843.4846544265747
Track.002,63,0.47733718156814575,0.7810055613517761,916.4873886108398,843.4860062599182
Track.002,64,0.47733718156814575,0.7810055613517761,916.4873886108398,843.4860062599182
Track.002,65,0.47734060883522034,0.7810012102127075,916.493968963623,843.4813070297241
Track.002,66,0.4773423969745636,0.7810011506080627,916.4974021911621,843.4812426567078
Track.002,67,0.4772988259792328,0.7809950709342957,916.413745880127,843.4746766090393
Track.002,68,0.47728174924850464,0.7809903621673584,916.3809585571289,843.4695911407471
Track.002,69,0.4773179292678833,0.7810159921646118,916.4504241943359,843.4972715377808
Track.002,70,0.47707462310791016,0.7809980511665344,915.9832763671875,843.4778952598572
Track.002,71,0.4770343005657196,0.7809771299362183,915.9058570861816,843.4553003311157
Track.002,72,0.4770500361919403,0.7809617519378662,915.9360694885254,843.4386920928955
Track.002,73,0.47703251242637634,0.7809556126594543,915.9024238586426,843.4320616722107
Track.002,74,0.47702738642692566,0.7809540629386902,915.8925819396973,843.4303879737854
Track.002,75,0.47704777121543884,0.7809687852859497,915.9317207336426,843.4462881088257
Track.002,76,0.4769245684146881,0.7809244394302368,915.6951713562012,843.3983945846558
Track.002,77,0.47694095969200134,0.7809246182441711,915.7266426086426,843.3985877037048
Track.002,78,0.47698381543159485,0.7809250354766846,915.8089256286621,843.3990383148193
Track.002,79,0.476971298456192,0.780929684638977,915.7848930358887,843.4040594100952
Track.002,80,0.4769842326641083,0.7809341549873352,915.8097267150879,843.408887386322
Track.002,81,0.4769696593284607,0.7809334397315979,915.7817459106445,843.4081149101257
Track.002,82,0.4769469201564789,0.7809446454048157,915.7380867004395,843.4202170372009
Track.002,83,0.47696059942245483,0.7809391617774963,915.7643508911133,843.414294719696
Track.002,84,0.4769614338874817,0.7809390425682068,915.7659530639648,843.4141659736633
Track.002,85,0.476661741733551,0.7808486223220825,915.190544128418,843.3165121078491
Track.002,86,0.47665736079216003,0.7808459997177124,915.1821327209473,843.3136796951294
Track.002,87,0.47666454315185547,0.7808475494384766,915.1959228515625,843.3153533935547
Track.002,88,0.4766445755958557,0.7808420658111572,915.157585144043,843.3094310760498
Track.002,89,0.476596862077713,0.7808287143707275,915.065975189209,843.2950115203857
Track.002,90,0.4766405522823334,0.780816912651062,915.1498603820801,843.282265663147
Track.002,91,0.4765748381614685,0.780820906162262,915.0236892700195,843.2865786552429
Track.002,92,0.4765414595603943,0.780827522277832,914.959602355957,843.2937240600586
Track.002,93,0.47655025124549866,0.7808032631874084,914.9764823913574,843.2675242424011
Track.002,94,0.47655370831489563,0.7808223366737366,914.9831199645996,843.2881236076355
Track.002,95,0.4765385687351227,0.7808133363723755,914.9540519714355,843.2784032821655
Track.002,96,0.47656214237213135,0.7808107137680054,914.9993133544922,843.2755708694458
Track.002,97,0.4765672981739044,0.7808060050010681,915.0092124938965,843.2704854011536
Track.002,98,0.4765962064266205,0.7808324694633484,915.0647163391113,843.2990670204163
Track.002,99,0.4765962064266205,0.7808324694633484,915.0647163391113,843.2990670204163
Track.002,100,0.4765796959400177,0.7808259129524231,915.033016204834,843.291985988617
Track.002,101,0.4765811562538147,0.7808341979980469,915.0358200073242,843.3009338378906
Track.002,102,0.47656306624412537,0.78082674741745,915.0010871887207,843.292887210846
Track.002,103,0.4765447974205017,0.7808298468589783,914.9660110473633,843.2962346076965
Track.002,104,0.4765518307685852,0.780830442905426,914.9795150756836,843.2968783378601
Track.002,105,0.47655951976776123,0.7808930277824402,914.9942779541016,843.3644700050354
Track.002,106,0.4765397012233734,0.7808983325958252,914.956226348877,843.3701992034912
Track.002,107,0.4765854477882385,0.7809019684791565,915.044059753418,843.374125957489
Track.002,108,0.47659167647361755,0.7809039950370789,915.0560188293457,843.3763146400452
Track.002,109,0.47661399841308594,0.7809017896652222,915.098876953125,843.3739328384399
Track.002,110,0.47657519578933716,0.7809012532234192,915.0243759155273,843.3733534812927
Track.002,111,0.4765681326389313,0.7809018492698669,915.010814666748,843.3739972114563
Track.002,112,0.47656765580177307,0.7809059619903564,915.0098991394043,843.378438949585
Track.002,113,0.47667235136032104,0.7809648513793945,915.2109146118164,843.4420394897461
Track.002,114,0.47667980194091797,0.7809727787971497,915.2252197265625,843.4506011009216
Track.002,115,0.47668343782424927,0.7809615135192871,915.2322006225586,843.4384346008301
Track.002,116,0.4766722321510315,0.78096604347229,915.2106857299805,843.4433269500732
Track.002,117,0.47671303153038025,0.7809608578681946,915.2890205383301,843.4377264976501
Track.002,118,0.476723849773407,0.7809738516807556,915.3097915649414,843.4517598152161
Track.002,119,0.47678980231285095,0.7810449600219727,915.4364204406738,843.5285568237305
Track.002,120,0.47670257091522217,0.7810484170913696,915.2689361572266,843.5322904586792
Track.002,121,0.4766879081726074,0.7810397744178772,915.2407836914062,843.5229563713074
Track.002,122,0.47668737173080444,0.781050980091095,915.2397537231445,843.5350584983826
Track.002,123,0.476732462644577,0.78106689453125,915.3263282775879,843.55224609375
Track.002,124,0.47672662138938904,0.7810658812522888,915.315113067627,843.5511517524719
Track.002,125,0.47666534781455994,0.7810671925544739,915.1974678039551,843.5525679588318
Track.002,126,0.47675296664237976,0.7811431288719177,915.3656959533691,843.6345791816711
Track.002,127,0.47674697637557983,0.7811473608016968,915.3541946411133,843.6391496658325
Track.002,128,0.4767414331436157,0.781150758266449,915.3435516357422,843.6428189277649
Track.002,129,0.4767436385154724,0.7811387181282043,915.347785949707,843.6298155784607
Track.002,130,0.4767371118068695,0.7811456322669983,915.3352546691895,843.6372828483582
Track.002,131,0.4767005741596222,0.7811488509178162,915.2651023864746,843.6407589912415
Track.002,132,0.47664573788642883,0.7811403870582581,915.1598167419434,843.6316180229187
Track.002,133,0.47666695713996887,0.781311571598053,915.2005577087402,843.8164973258972
Track.002,134,0.4766625761985779,0.7813081741333008,915.1921463012695,843.8128280639648
Track.002,135,0.47667592763900757,0.7813137769699097,915.2177810668945,843.8188791275024
Track.002,136,0.47666582465171814,0.781322181224823,915.1983833312988,843.8279557228088
Track.002,137,0.47666677832603455,0.7813376188278198,915.2002143859863,843.8446283340454
Track.002,138,0.47666066884994507,0.7813093066215515,915.1884841918945,843.8140511512756
Track.002,139,0.4766419231891632,0.7813101410865784,915.1524925231934,843.8149523735046
Track.002,140,0.47663062810897827,0.7813194990158081,915.1308059692383,843.8250589370728
Track.002,141,0.4765515923500061,0.7812467813491821,914.9790573120117,843.7465238571167
Track.002,142,0.4765600264072418,0.7812429666519165,914.9952507019043,843.7424039840698
Track.002,143,0.47655776143074036,0.7812439799308777,914.9909019470215,843.7434983253479
Track.002,144,0.47656458616256714,0.7812832593917847,915.0040054321289,843.7859201431274
Track.002,145,0.47655966877937317,0.781291127204895,914.9945640563965,843.7944173812866
Track.002,146,0.4759237468242645,0.7809346318244934,913.7735939025879,843.4094023704529
Track.002,147,0.4759237468242645,0.7809346318244934,913.7735939025879,843.4094023704529
Track.002,148,0.47592371702194214,0.7809346318244934,913.7735366821289,843.4094023704529
Track.002,149,0.4759046733379364,0.7809513807296753,913.7369728088379,843.4274911880493
Track.002,150,0.4759640097618103,0.7809815406799316,913.8508987426758,843.4600639343262
Track.002,151,0.475948303937912,0.7809835076332092,913.820743560791,843.462188243866
Track.002,152,0.475948303937912,0.780983567237854,913.820743560791,843.4622526168823
Track.002,153,0.4758121371269226,0.7809255719184875,913.5593032836914,843.3996176719666
Track.002,154,0.4757608473300934,0.7809112668037415,913.4608268737793,843.3841681480408
Track.002,155,0.47579193115234375,0.7809070348739624,913.5205078125,843.3795976638794
Track.002,156,0.47579193115234375,0.7809070348739624,913.5205078125,843.3795976638794
Track.002,157,0.47583192586898804,0.7808932662010193,913.597297668457,843.3647274971008
Track.002,158,0.47583070397377014,0.780892550945282,913.5949516296387,843.3639550209045
Track.002,159,0.4758259654045105,0.7808853983879089,913.5858535766602,843.3562302589417
Track.002,160,0.4758132994174957,0.7808721661567688,913.5615348815918,843.3419394493103
Track.002,161,0.4760597348213196,0.7809025049209595,914.0346908569336,843.3747053146362
Track.002,162,0.4760597348213196,0.7809025049209595,914.0346908569336,843.3747053146362
Track.002,163,0.4760729670524597,0.7808656692504883,914.0600967407227,843.3349227905273
Track.002,164,0.47610151767730713,0.7808493971824646,914.1149139404297,843.3173489570618
Track.002,165,0.47605618834495544,0.780860424041748,914.0278816223145,843.3292579650879
Track.002,166,0.4760463535785675,0.7808532118797302,914.0089988708496,843.3214688301086
Track.002,167,0.4760454595088959,0.780853271484375,914.0072822570801,843.321533203125
Track.002,168,0.4758850634098053,0.7806164622306824,913.6993217468262,843.065779209137
Track.002,169,0.4758782386779785,0.7806152701377869,913.6862182617188,843.0644917488098
Track.002,170,0.47587069869041443,0.7806301116943359,913.6717414855957,843.0805206298828
Track.002,171,0.4758947193622589,0.7806651592254639,913.7178611755371,843.118371963501
Track.002,172,0.4759010970592499,0.7806321382522583,913.7301063537598,843.082709312439
Track.002,173,0.4759010970592499,0.7806321382522583,913.7301063537598,843.082709312439
Track.002,174,0.4760926067829132,0.7804775238037109,914.0978050231934,842.9157257080078
Track.002,175,0.4760926067829132,0.7804775238037109,914.0978050231934,842.9157257080078
Track.002,176,0.4760967493057251,0.7804799675941467,914.1057586669922,842.9183650016785
Track.002,177,0.4760630428791046,0.7805020213127136,914.0410423278809,842.9421830177307
Track.002,178,0.47605040669441223,0.7804906964302063,914.0167808532715,842.9299521446228
Track.002,179,0.47605857253074646,0.780488908290863,914.0324592590332,842.9280209541321
Track.002,180,0.47605860233306885,0.780488908290863,914.0325164794922,842.9280209541321
Track.002,181,0.4760613441467285,0.7804843783378601,914.0377807617188,842.9231286048889
Track.002,182,0.47606128454208374,0.7804841995239258,914.0376663208008,842.9229354858398
Track.002,183,0.4762606918811798,0.7803544998168945,914.4205284118652,842.7828598022461
Track.002,184,0.4762606918811798,0.7803544998168945,914.4205284118652,842.7828598022461
Track.002,185,0.4762246012687683,0.7804035544395447,914.3512344360352,842.8358387947083
Track.002,186,0.47622063755989075,0.7804032564163208,914.3436241149902,842.8355169296265
Track.002,187,0.47627463936805725,0.7803903222084045,914.4473075866699,842.8215479850769
Track.002,188,0.47626981139183044,0.7803872227668762,914.4380378723145,842.8182005882263
Track.002,189,0.4762716293334961,0.7802906036376953,914.4415283203125,842.7138519287109
Track.002,190,0.47625410556793213,0.780322253704071,914.4078826904297,842.7480340003967
Track.002,191,0.47625845670700073,0.7802990674972534,914.4162368774414,842.7229928970337
Track.002,192,0.4762713313102722,0.7802925109863281,914.4409561157227,842.7159118652344
Track.002,193,0.47626984119415283,0.7802977561950684,914.4380950927734,842.7215766906738
Track.002,194,0.47618818283081055,0.7802459001541138,914.2813110351562,842.6655721664429
Track.002,195,0.47618818283081055,0.7802459001541138,914.2813110351562,842.6655721664429
Track.002,196,0.4761817753314972,0.7803306579589844,914.2690086364746,842.7571105957031
Track.002,197,0.4761882424354553,0.7803305387496948,914.2814254760742,842.7569818496704
Track.002,198,0.47615814208984375,0.7802911996841431,914.2236328125,842.7144956588745
Track.002,199,0.476155161857605,0.7803112268447876,914.2179107666016,842.7361249923706
Track.002,200,0.47615692019462585,0.7803125977516174,914.2212867736816,842.7376055717468
Track.002,201,0.4761795997619629,0.7803270816802979,914.2648315429688,842.7532482147217
Track.002,202,0.4761791527271271,0.7803179621696472,914.263973236084,842.743399143219
Track.002,203,0.47578707337379456,0.7802539467811584,913.5111808776855,842.6742625236511
Track.002,204,0.47578707337379456,0.7802539467811584,913.5111808776855,842.6742625236511
Track.002,205,0.4757867157459259,0.780245304107666,913.5104942321777,842.6649284362793
Track.002,206,0.475767582654953,0.7802479863166809,913.4737586975098,842.6678252220154
Track.002,207,0.47574254870414734,0.7802538275718689,913.4256935119629,842.6741337776184
Track.002,208,0.4757353663444519,0.7802693247795105,913.4119033813477,842.6908707618713
Track.002,209,0.4757722020149231,0.780268132686615,913.4826278686523,842.6895833015442
Track.002,210,0.4757702648639679,0.7802628874778748,913.4789085388184,842.6839184761047
Track.002,211,0.4755891263484955,0.7802852392196655,913.1311225891113,842.7080583572388
Track.002,212,0.4755760729312897,0.7802860736846924,913.1060600280762,842.7089595794678
Track.002,213,0.4755667448043823,0.7802911400794983,913.0881500244141,842.7144312858582
Track.002,214,0.47556591033935547,0.7803052663803101,913.0865478515625,842.7296876907349
Track.002,215,0.47555646300315857,0.7803158760070801,913.0684089660645,842.7411460876465
Track.002,216,0.4754743278026581,0.7803496718406677,912.9107093811035,842.7776455879211
Track.002,217,0.4754743278026581,0.7803496718406677,912.9107093811035,842.7776455879211
Track.002,218,0.47550147771835327,0.7803536653518677,912.9628372192383,842.7819585800171
Track.002,219,0.47550150752067566,0.7803537845611572,912.9628944396973,842.7820873260498
Track.002,220,0.4755048155784607,0.7803621292114258,912.9692459106445,842.7910995483398
Track.002,221,0.4755048155784607,0.7803621292114258,912.9692459106445,842.7910995483398
Track.002,222,0.47554656863212585,0.7802830338478088,913.0494117736816,842.7056765556335
Track.002,223,0.47556403279304504,0.7802965641021729,913.0829429626465,842.7202892303467
Track.002,224,0.47554251551628113,0.7803053855895996,913.0416297912598,842.7298164367676
Track.002,225,0.4755364954471588,0.7803139090538025,913.0300712585449,842.7390217781067
Track.002,226,0.4755443334579468,0.7803156971931458,913.0451202392578,842.7409529685974
Track.002,227,0.4755432903766632,0.7803040146827698,913.0431175231934,842.7283358573914
Track.002,228,0.475507527589798,0.7803052067756653,912.9744529724121,842.7296233177185
Track.002,229,0.475533664226532,0.7803332209587097,913.0246353149414,842.7598786354065
Track.002,230,0.47557470202445984,0.780340850353241,913.1034278869629,842.7681183815002
Track.002,231,0.47505757212638855,0.7800155878067017,912.110538482666,842.4168348312378
Track.002,232,0.47506147623062134,0.7800078988075256,912.118034362793,842.4085307121277
Track.002,233,0.4750261902809143,0.7800076603889465,912.0502853393555,842.4082732200623
Track.002,234,0.4750261902809143,0.7800076603889465,912.0502853393555,842.4082732200623
Track.002,235,0.4750131070613861,0.779994785785675,912.0251655578613,842.394368648529
Track.002,236,0.4750131070613861,0.7799947261810303,912.0251655578613,842.3943042755127
Track.002,237,0.4750221371650696,0.7799832224845886,912.0425033569336,842.3818802833557
Track.002,238,0.47497910261154175,0.7801286578178406,911.9598770141602,842.5389504432678
Track.002,239,0.4749746322631836,0.7801000475883484,911.9512939453125,842.5080513954163
Track.002,240,0.47496238350868225,0.7800523638725281,911.9277763366699,842.4565529823303
Track.002,241,0.4749726951122284,0.7800493836402893,911.9475746154785,842.4533343315125
Track.002,242,0.4749639332294464,0.780052125453949,911.9307518005371,842.4562954902649
Track.002,243,0.4749639332294464,0.780052125453949,911.9307518005371,842.4562954902649
Track.002,244,0.47514474391937256,0.7799919247627258,912.2779083251953,842.3912787437439
Track.002,245,0.47515594959259033,0.7799808979034424,912.2994232177734,842.3793697357178
Track.002,246,0.47514966130256653,0.7799731492996216,912.2873497009277,842.3710012435913
Track.002,247,0.47516047954559326,0.7799751162528992,912.3081207275391,842.3731255531311
Track.002,248,0.47515803575515747,0.7799643278121948,912.3034286499023,842.3614740371704
Track.002,249,0.4751649796962738,0.7800063490867615,912.3167610168457,842.4068570137024
Track.002,250,0.47515788674354553,0.7800002098083496,912.3031425476074,842.4002265930176
Track.002,251,0.4751812517642975,0.7799258232116699,912.3480033874512,842.3198890686035
Track.002,252,0.4751899540424347,0.7799245715141296,912.3647117614746,842.31853723526
Track.002,253,0.4751761555671692,0.7799302339553833,912.3382186889648,842.324652671814
Track.002,254,0.4751591086387634,0.7799234986305237,912.3054885864258,842.3173785209656
Track.002,255,0.47518235445022583,0.7799376249313354,912.3501205444336,842.3326349258423
Track.002,256,0.47518113255500793,0.7799375653266907,912.3477745056152,842.3325705528259
Track.002,257,0.4751804769039154,0.7799429893493652,912.3465156555176,842.3384284973145
Track.002,258,0.47518059611320496,0.7799422144889832,912.3467445373535,842.3375916481018
Track.002,259,0.47533032298088074,0.7800113558769226,912.634220123291,842.4122643470764
Track.002,260,0.47533032298088074,0.7800114750862122,912.634220123291,842.4123930931091
Track.002,261,0.47530660033226013,0.7799849510192871,912.5886726379395,842.3837471008301
Track.002,262,0.47527503967285156,0.7799815535545349,912.528076171875,842.3800778388977
Track.002,263,0.47526657581329346,0.7799674868583679,912.5118255615234,842.3648858070374
Track.002,264,0.4753012955188751,0.7800297141075134,912.5784873962402,842.4320912361145
Track.002,265,0.4753012955188751,0.780029833316803,912.5784873962402,842.4322199821472
Track.002,266,0.4752739667892456,0.7800312638282776,912.5260162353516,842.4337649345398
Track.002,267,0.47526249289512634,0.780022144317627,912.5039863586426,842.4239158630371
Track.002,268,0.47522690892219543,0.780017614364624,912.4356651306152,842.419023513794
Track.002,269,0.4752367436885834,0.7800096869468689,912.4545478820801,842.4104619026184
Track.002,270,0.4752185046672821,0.7800359725952148,912.4195289611816,842.438850402832
Track.002,271,0.4752158522605896,0.7800366878509521,912.414436340332,842.4396228790283
Track.002,272,0.4752234220504761,0.7800314426422119,912.4289703369141,842.4339580535889
Track.002,273,0.47518080472946167,0.7799942493438721,912.3471450805664,842.3937892913818
Track.002,274,0.47518083453178406,0.7799942493438721,912.3472023010254,842.3937892913818
Track.002,275,0.4752492308616638,0.7799535393714905,912.4785232543945,842.3498225212097
Track.002,276,0.47525152564048767,0.7799842357635498,912.4829292297363,842.3829746246338
Track.002,277,0.4752526879310608,0.7799813151359558,912.4851608276367,842.3798203468323
Track.002,278,0.4752592146396637,0.7799929976463318,912.4976921081543,842.3924374580383
Track.002,279,0.47526317834854126,0.7799513936042786,912.5053024291992,842.3475050926208
Track.002,280,0.47526320815086365,0.7799513936042786,912.5053596496582,842.3475050926208
Track.002,281,0.4753454923629761,0.7800377607345581,912.6633453369141,842.4407815933228
Track.002,282,0.4753304719924927,0.7800242900848389,912.6345062255859,842.426233291626
Track.002,283,0.4753119647502899,0.7800196409225464,912.5989723205566,842.4212121963501
Track.002,284,0.4753108024597168,0.7800174355506897,912.5967407226562,842.4188303947449
Track.002,285,0.47533002495765686,0.7800266146659851,912.6336479187012,842.4287438392639
Track.002,286,0.4752978980541229,0.7800119519233704,912.571964263916,842.41290807724
Track.002,287,0.47530031204223633,0.7800112962722778,912.5765991210938,842.4121999740601
Track.002,288,0.4752948582172394,0.7800454497337341,912.5661277770996,842.4490857124329
Track.002,289,0.4753500521183014,0.780052661895752,912.6721000671387,842.4568748474121
Track.002,290,0.4753640294075012,0.7800645232200623,912.6989364624023,842.4696850776672
Track.002,291,0.4753621816635132,0.7800649404525757,912.6953887939453,842.4701356887817
Track.002,292,0.4756731390953064,0.7802577614784241,913.2924270629883,842.678382396698
Track.002,293,0.475662499666214,0.780239999294281,913.2719993591309,842.6591992378235
Track.002,294,0.4756932258605957,0.7802464365959167,913.3309936523438,842.6661515235901
Track.002,295,0.47571247816085815,0.7802567481994629,913.3679580688477,842.6772880554199
Track.002,296,0.47570931911468506,0.7802411913871765,913.3618927001953,842.6604866981506
Track.002,297,0.47573235630989075,0.7802292108535767,913.4061241149902,842.6475477218628
Track.002,298,0.47573480010032654,0.7802252769470215,913.410816192627,842.6432991027832
Track.002,299,0.4757385551929474,0.7802363038063049,913.418025970459,842.6552081108093
Track.002,300,0.47574901580810547,0.7802161574363708,913.4381103515625,842.6334500312805
Track.002,301,0.47588759660720825,0.7801035642623901,913.7041854858398,842.5118494033813
Track.002,302,0.47585397958755493,0.7801024317741394,913.6396408081055,842.5106263160706
Track.002,303,0.47584620118141174,0.780090868473053,913.6247062683105,842.4981379508972
Track.002,304,0.47586357593536377,0.7800726890563965,913.6580657958984,842.4785041809082
Track.002,305,0.47585195302963257,0.7800905704498291,913.6357498168945,842.4978160858154
Track.002,306,0.47585195302963257,0.7800905704498291,913.6357498168945,842.4978160858154
Track.002,307,0.47590264678001404,0.7797367572784424,913.733081817627,842.1156978607178
Track.002,308,0.47590264678001404,0.7797367572784424,913.733081817627,842.1156978607178
Track.002,309,0.4759010970592499,0.7797533273696899,913.7301063537598,842.1335935592651
Track.002,310,0.47587794065475464,0.7797727584838867,913.6856460571289,842.1545791625977
Track.002,311,0.4758896827697754,0.7797966003417969,913.7081909179688,842.1803283691406
Track.002,312,0.47593575716018677,0.7797650098800659,913.7966537475586,842.1462106704712
Track.002,313,0.47593575716018677,0.7797650098800659,913.7966537475586,842.1462106704712
Track.002,314,0.4751538038253784,0.7798489332199097,912.2953033447266,842.2368478775024
Track.002,315,0.4751531183719635,0.7798473834991455,912.2939872741699,842.2351741790771
Track.002,316,0.4751683473587036,0.7798484563827515,912.3232269287109,842.2363328933716
Track.002,317,0.4751729965209961,0.7798426151275635,912.3321533203125,842.2300243377686
Track.002,318,0.4751615822315216,0.7798309922218323,912.3102378845215,842.2174715995789
Track.002,319,0.47516143321990967,0.7798317074775696,912.3099517822266,842.2182440757751
Track.002,320,0.4750283360481262,0.7799302935600281,912.0544052124023,842.3247170448303
Track.002,321,0.4750167429447174,0.7799068093299866,912.0321464538574,842.2993540763855
Track.002,322,0.4750289022922516,0.7799609303474426,912.055492401123,842.357804775238
Track.002,323,0.4750111997127533,0.7799531817436218,912.0215034484863,842.3494362831116
Track.002,324,0.475006103515625,0.7799329161643982,912.01171875,842.32754945755
Track.002,325,0.4750024974346161,0.7799257040023804,912.0047950744629,842.3197603225708
Track.002,326,0.4750106930732727,0.7799177765846252,912.0205307006836,842.3111987113953
Track.002,327,0.4750438630580902,0.779916524887085,912.0842170715332,842.3098468780518
Track.002,328,0.4750438630580902,0.779916524887085,912.0842170715332,842.3098468780518
Track.002,329,0.47539713978767395,0.7796838879585266,912.762508392334,842.0585989952087
Track.002,330,0.47540172934532166,0.7796664237976074,912.7713203430176,842.039737701416
Track.002,331,0.4754408597946167,0.7796909213066101,912.8464508056641,842.0661950111389
Track.002,332,0.4754311442375183,0.779690682888031,912.8277969360352,842.0659375190735
Track.002,333,0.47544825077056885,0.7797083258628845,912.8606414794922,842.0849919319153
Track.002,334,0.4755242168903351,0.7802016735076904,913.0064964294434,842.6178073883057
Track.002,335,0.4755242168903351,0.7802016735076904,913.0064964294434,842.6178073883057
Track.002,336,0.4755185842514038,0.78024822473526,912.9956817626953,842.6680827140808
Track.002,337,0.47551876306533813,0.7802482843399048,912.9960250854492,842.6681470870972
Track.002,338,0.4755150079727173,0.7802373766899109,912.9888153076172,842.6563668251038
Track.002,339,0.4755150079727173,0.7802373766899109,912.9888153076172,842.6563668251038
Track.002,340,0.4751400649547577,0.7801992297172546,912.2689247131348,842.615168094635
Track.002,341,0.4751400649547577,0.7801992297172546,912.2689247131348,842.615168094635
Track.002,342,0.4751277565956116,0.7801852226257324,912.2452926635742,842.600040435791
Track.002,343,0.4751295745372772,0.78016597032547,912.2487831115723,842.5792479515076
Track.002,344,0.4750784635543823,0.7801933288574219,912.1506500244141,842.6087951660156
Track.002,345,0.4750594198703766,0.7801775336265564,912.114086151123,842.5917363166809
Track.002,346,0.47508248686790466,0.780184268951416,912.158374786377,842.5990104675293
Track.002,347,0.4750734865665436,0.7801987528800964,912.1410942077637,842.6146531105042
Track.002,348,0.4750736355781555,0.7801985740661621,912.1413803100586,842.6144599914551
Track.002,349,0.4749853312969208,0.7802313566207886,911.9718360900879,842.6498651504517
Track.002,350,0.4750366806983948,0.7802318930625916,912.070426940918,842.6504445075989
Track.002,351,0.475044310092926,0.7802467346191406,912.085075378418,842.6664733886719
Track.002,352,0.4749799966812134,0.7802538871765137,911.9615936279297,842.6741981506348
Track.002,353,0.47496408224105835,0.7802578806877136,911.931037902832,842.6785111427307
Track.002,354,0.4749603867530823,0.7802704572677612,911.923942565918,842.6920938491821
Track.002,355,0.47501474618911743,0.7802203297615051,912.0283126831055,842.6379561424255
Track.002,356,0.47501039505004883,0.7802284955978394,912.0199584960938,842.6467752456665
Track.002,357,0.4750882089138031,0.7802278399467468,912.169361114502,842.6460671424866
Track.002,358,0.47506529092788696,0.7802251577377319,912.125358581543,842.6431703567505
Track.002,359,0.47515669465065,0.7802312970161438,912.300853729248,842.6498007774353
Track.002,360,0.4752057194709778,0.7802148461341858,912.3949813842773,842.6320338249207
Track.002,361,0.4751132130622864,0.7802475690841675,912.2173690795898,842.6673746109009
Track.002,362,0.475227028131485,0.7802652716636658,912.4358940124512,842.686493396759
Track.002,363,0.4752718508243561,0.7802817821502686,912.5219535827637,842.70432472229
Track.002,364,0.475236713886261,0.7803014516830444,912.4544906616211,842.725567817688
Track.002,365,0.4752374291419983,0.7803015112876892,912.4558639526367,842.7256321907043
Track.002,366,0.4752071797847748,0.7803099751472473,912.3977851867676,842.7347731590271
Track.002,367,0.4752320349216461,0.7803067564964294,912.4455070495605,842.7312970161438
Track.002,368,0.4752369523048401,0.7803005576133728,912.454948425293,842.7246022224426
Track.002,369,0.47523680329322815,0.7803003191947937,912.454662322998,842.7243447303772
Track.002,370,0.47523683309555054,0.7803003191947937,912.454719543457,842.7243447303772
Track.002,371,0.475610613822937,0.7804357409477234,913.1723785400391,842.8706002235413
Track.002,372,0.47560709714889526,0.7804603576660156,913.1656265258789,842.8971862792969
Track.002,373,0.47564294934272766,0.7805008292198181,913.2344627380371,842.9408955574036
Track.002,374,0.475643128156662,0.780501663684845,913.234806060791,842.9417967796326
Track.002,375,0.47561314702033997,0.78049635887146,913.1772422790527,842.9360675811768
Track.002,376,0.47561314702033997,0.78049635887146,913.1772422790527,842.9360675811768
Track.002,377,0.4758255183696747,0.7805563807487488,913.5849952697754,843.0008912086487
Track.002,378,0.4758393168449402,0.7805507183074951,913.6114883422852,842.9947757720947
Track.002,379,0.4758354723453522,0.7805297374725342,913.6041069030762,842.9721164703369
Track.002,380,0.4758465886116028,0.7805270552635193,913.6254501342773,842.9692196846008
Track.002,381,0.4758625328540802,0.7805279493331909,913.656063079834,842.9701852798462
Track.002,382,0.4758542776107788,0.7805256247520447,913.6402130126953,842.9676747322083
Track.002,383,0.4758518636226654,0.7805122137069702,913.6355781555176,842.9531908035278
Track.002,384,0.4758782684803009,0.7805240750312805,913.6862754821777,842.966001033783
Track.002,385,0.4758782684803009,0.7805240750312805,913.6862754821777,842.966001033783
Track.002,386,0.4758664071559906,0.7805488109588623,913.663501739502,842.9927158355713
Track.002,387,0.47586968541145325,0.7805389165878296,913.6697959899902,842.982029914856
Track.002,388,0.4758343994617462,0.7805297374725342,913.6020469665527,842.9721164703369
Track.002,389,0.4758499264717102,0.7805207967758179,913.6318588256836,842.9624605178833
Track.002,390,0.4758962392807007,0.7804217338562012,913.7207794189453,842.8554725646973
Track.002,391,0.4758925437927246,0.7804219722747803,913.7136840820312,842.8557300567627
Track.002,392,0.47589918971061707,0.7804052233695984,913.7264442443848,842.8376412391663
Track.002,393,0.4759228527545929,0.780397891998291,913.7718772888184,842.8297233581543
Track.002,394,0.475917786359787,0.7804222106933594,913.762149810791,842.8559875488281
Track.002,395,0.47591426968574524,0.7804149389266968,913.7553977966309,842.8481340408325
Track.002,396,0.47592493891716003,0.7804096937179565,913.7758827209473,842.8424692153931
Track.002,397,0.47593700885772705,0.7804179787635803,913.7990570068359,842.8514170646667
Track.002,398,0.47593313455581665,0.7804242968559265,913.791618347168,842.8582406044006
Track.002,399,0.4759579002857208,0.780375599861145,913.839168548584,842.8056478500366
Track.002,400,0.4759579002857208,0.780375599861145,913.839168548584,842.8056478500366
Track.002,401,0.47595837712287903,0.7803738117218018,913.8400840759277,842.8037166595459
Track.002,402,0.4759504199028015,0.7803747653961182,913.8248062133789,842.8047466278076
Track.002,403,0.4759509861469269,0.7803696393966675,913.8258934020996,842.7992105484009
Track.002,404,0.4759489595890045,0.7803718447685242,913.8220024108887,842.8015923500061
Track.002,405,0.47582653164863586,0.7804122567176819,913.5869407653809,842.8452372550964
Track.002,406,0.47582924365997314,0.7803754806518555,913.5921478271484,842.8055191040039
Track.002,407,0.47582924365997314,0.7803754806518555,913.5921478271484,842.8055191040039
Track.002,408,0.47585707902908325,0.7803632020950317,913.6455917358398,842.7922582626343
Track.002,409,0.4758501648902893,0.7803682684898376,913.6323165893555,842.7977299690247
Track.002,410,0.47580209374427795,0.7804636359214783,913.5400199890137,842.9007267951965
Track.002,411,0.4757857024669647,0.7804419994354248,913.5085487365723,842.8773593902588
Track.002,412,0.4757734537124634,0.7804275751113892,913.4850311279297,842.8617811203003
Track.002,413,0.4757719039916992,0.7804261445999146,913.4820556640625,842.8602361679077
Track.002,414,0.47576960921287537,0.7804398536682129,913.4776496887207,842.8750419616699
Track.002,415,0.47576960921287537,0.7804398536682129,913.4776496887207,842.8750419616699
Track.002,416,0.4757746160030365,0.7804558873176575,913.4872627258301,842.8923583030701
Track.002,417,0.4757748246192932,0.780451238155365,913.487663269043,842.8873372077942
Track.002,418,0.47579941153526306,0.7804596424102783,913.5348701477051,842.8964138031006
Track.002,419,0.47573986649513245,0.7803959846496582,913.4205436706543,842.8276634216309
Track.002,420,0.47573891282081604,0.7803906202316284,913.4187126159668,842.8218698501587
Track.002,421,0.475790411233902,0.7803850769996643,913.5175895690918,842.8158831596375
Track.002,422,0.47578293085098267,0.7804035544395447,913.5032272338867,842.8358387947083
Track.002,423,0.47579100728034973,0.780400276184082,913.5187339782715,842.8322982788086
Track.002,424,0.47579100728034973,0.780400276184082,913.5187339782715,842.8322982788086
Track.002,425,0.47580891847610474,0.7804231643676758,913.5531234741211,842.8570175170898
Track.002,426,0.4757940173149109,0.7804084420204163,913.5245132446289,842.8411173820496
Track.002,427,0.4757499396800995,0.7805819511413574,913.439884185791,843.028507232666
Track.002,428,0.4758078157901764,0.7805699110031128,913.5510063171387,843.0155038833618
Track.002,429,0.4757823050022125,0.7805670499801636,913.502025604248,843.0124139785767
Track.002,430,0.47578373551368713,0.7805691957473755,913.5047721862793,843.0147314071655
Track.002,431,0.47576603293418884,0.7805696129798889,913.4707832336426,843.01518201828
Track.002,432,0.47574931383132935,0.7805522084236145,913.4386825561523,842.9963850975037
Track.002,433,0.47574949264526367,0.7805526256561279,913.4390258789062,842.9968357086182
Track.002,434,0.4757075011730194,0.7805444598197937,913.3584022521973,842.9880166053772
Track.002,435,0.4756842851638794,0.7805670499801636,913.3138275146484,843.0124139785767
Track.002,436,0.4757048487663269,0.7805659770965576,913.3533096313477,843.0112552642822
Track.002,437,0.4756878912448883,0.780588686466217,913.3207511901855,843.0357813835144
Track.002,438,0.47571316361427307,0.7805860638618469,913.3692741394043,843.0329489707947
Track.002,439,0.47571316361427307,0.7805860042572021,913.3692741394043,843.0328845977783
Track.002,440,0.4756706953048706,0.7805825471878052,913.2877349853516,843.0291509628296
Track.002,441,0.4756627678871155,0.780562162399292,913.2725143432617,843.0071353912354
Track.002,442,0.47568461298942566,0.780610203742981,913.3144569396973,843.0590200424194
Track.002,443,0.47565343976020813,0.7806183695793152,913.2546043395996,843.0678391456604
Track.002,444,0.47568365931510925,0.780608057975769,913.3126258850098,843.0567026138306
Track.002,445,0.4756733179092407,0.7806210517883301,913.2927703857422,843.0707359313965
Track.002,446,0.475667268037796,0.7806192636489868,913.2811546325684,843.0688047409058
Track.002,447,0.47565776109695435,0.7806070446968079,913.2629013061523,843.0556082725525
Track.002,448,0.47565776109695435,0.7806070446968079,913.2629013061523,843.0556082725525
Track.002,449,0.47564733028411865,0.7806116938591003,913.2428741455078,843.0606293678284
Track.002,450,0.4756224453449249,0.7806085348129272,913.1950950622559,843.0572175979614
Track.002,451,0.475634902715683,0.7806000113487244,913.2190132141113,843.0480122566223
Track.002,452,0.47563937306404114,0.7806230783462524,913.227596282959,843.0729246139526
Track.002,453,0.475568950176239,0.7806504964828491,913.0923843383789,843.102536201477
Track.002,454,0.4755907654762268,0.7806457877159119,913.1342697143555,843.0974507331848
Track.002,455,0.47558659315109253,0.7806455492973328,913.1262588500977,843.0971932411194
Track.002,456,0.4756045341491699,0.7806740403175354,913.1607055664062,843.1279635429382
Track.002,457,0.47559812664985657,0.7807007431983948,913.1484031677246,843.1568026542664
Track.002,458,0.4756096601486206,0.7807118892669678,913.1705474853516,843.1688404083252
Track.002,459,0.47559860348701477,0.780716061592102,913.1493186950684,843.1733465194702
Track.002,460,0.4754009246826172,0.7807151079177856,912.769775390625,843.1723165512085
Track.002,461,0.4754314720630646,0.7807210087776184,912.828426361084,843.1786894798279
Track.002,462,0.47542038559913635,0.7807589769363403,912.8071403503418,843.2196950912476
Track.002,463,0.4753936529159546,0.7807514667510986,912.7558135986328,843.2115840911865
Track.002,464,0.4753890037536621,0.7807426452636719,912.7468872070312,843.2020568847656
Track.002,465,0.47538259625434875,0.7807502746582031,912.7345848083496,843.2102966308594
Track.002,466,0.4753826856613159,0.780750036239624,912.7347564697266,843.210039138794
Track.002,467,0.475374698638916,0.7807520031929016,912.7194213867188,843.2121634483337
Track.002,468,0.475374698638916,0.7807520031929016,912.7194213867188,843.2121634483337
Track.002,469,0.47545164823532104,0.7805880308151245,912.8671646118164,843.0350732803345
Track.002,470,0.47545158863067627,0.7805880308151245,912.8670501708984,843.0350732803345
Track.002,471,0.4754779636859894,0.7805656790733337,912.9176902770996,843.0109333992004
Track.002,472,0.4754505157470703,0.7805761694908142,912.864990234375,843.0222630500793
Track.002,473,0.4754756689071655,0.7805906534194946,912.9132843017578,843.0379056930542
Track.002,474,0.4754756689071655,0.7805907130241394,912.9132843017578,843.0379700660706
Track.002,475,0.4751189053058624,0.7802153825759888,912.2282981872559,842.6326131820679
Track.002,476,0.4751189053058624,0.7802153825759888,912.2282981872559,842.6326131820679
Track.002,477,0.4750667214393616,0.7802201509475708,912.1281051635742,842.6377630233765
Track.002,478,0.4750128388404846,0.7802519202232361,912.0246505737305,842.672073841095
Track.002,479,0.4750191271305084,0.7802839279174805,912.0367240905762,842.7066421508789
Track.002,480,0.4745262861251831,0.7803955078125,911.0904693603516,842.8271484375
Track.002,481,0.4745262861251831,0.7803955078125,911.0904693603516,842.8271484375
Track.002,482,0.4745010435581207,0.7803851962089539,911.0420036315918,842.8160119056702
Track.002,483,0.47450125217437744,0.7803826928138733,911.0424041748047,842.8133082389832
Track.002,484,0.47449779510498047,0.7803570032119751,911.0357666015625,842.7855634689331
Track.002,485,0.47448790073394775,0.7803788781166077,911.0167694091797,842.8091883659363
Track.002,486,0.4744969308376312,0.7804162502288818,911.034107208252,842.8495502471924
Track.002,487,0.4744969308376312,0.7804162502288818,911.034107208252,842.8495502471924
Track.002,488,0.4740128517150879,0.7799232006072998,910.1046752929688,842.3170566558838
Track.002,489,0.4740450978279114,0.7799175977706909,910.1665878295898,842.3110055923462
Track.002,490,0.47401341795921326,0.7799155116081238,910.1057624816895,842.3087525367737
Track.002,491,0.47401878237724304,0.779910147190094,910.1160621643066,842.3029589653015
Track.002,492,0.47398826479911804,0.7798989415168762,910.0574684143066,842.2908568382263
Track.002,493,0.47398826479911804,0.7798989415168762,910.0574684143066,842.2908568382263
Track.002,494,0.47398751974105835,0.7798916101455688,910.056037902832,842.2829389572144
Track.002,495,0.47402697801589966,0.7799016237258911,910.1317977905273,842.2937536239624
Track.002,496,0.47402697801589966,0.7799016237258911,910.1317977905273,842.2937536239624
Track.002,497,0.4743383228778839,0.7794718146324158,910.7295799255371,841.829559803009
Track.002,498,0.4743041694164276,0.7794764637947083,910.664005279541,841.8345808982849
Track.002,499,0.47428765892982483,0.7795121669769287,910.6323051452637,841.873140335083
Track.002,500,0.4742998778820038,0.7795039415359497,910.6557655334473,841.8642568588257
Track.002,501,0.4743519127368927,0.7794440388679504,910.755672454834,841.7995619773865
Track.002,502,0.4743627905845642,0.7798510193824768,910.7765579223633,842.239100933075
Track.002,503,0.4743627905845642,0.7798510193824768,910.7765579223633,842.239100933075
Track.002,504,0.47439682483673096,0.779864490032196,910.8419036865234,842.2536492347717
Track.002,505,0.47437289357185364,0.7798690795898438,910.795955657959,842.2586059570312
Track.002,506,0.4743720293045044,0.77983558177948,910.7942962646484,842.2224283218384
Track.002,507,0.47438839077949524,0.7798333168029785,910.8257102966309,842.2199821472168
Track.002,508,0.4744958281517029,0.7799690961837769,911.0319900512695,842.366623878479
Track.002,509,0.4744958281517029,0.7799690961837769,911.0319900512695,842.366623878479
Track.002,510,0.4745340943336487,0.7800008058547974,911.1054611206055,842.4008703231812
Track.002,511,0.47451213002204895,0.7800032496452332,911.063289642334,842.4035096168518
Track.002,512,0.4745233952999115,0.7799715399742126,911.0849189758301,842.3692631721497
Track.002,513,0.47451847791671753,0.7799660563468933,911.0754776000977,842.3633408546448
Track.002,514,0.474518358707428,0.7800033688545227,911.0752487182617,842.4036383628845
Track.002,515,0.4745270013809204,0.7800245881080627,911.0918426513672,842.4265551567078
Track.002,516,0.47449609637260437,0.7800070643424988,911.0325050354004,842.4076294898987
Track.002,517,0.47447606921195984,0.780293345451355,910.9940528869629,842.7168130874634
Track.002,518,0.47447603940963745,0.780293345451355,910.9939956665039,842.7168130874634
Track.002,519,0.47449132800102234,0.7802885174751282,911.0233497619629,842.7115988731384
Track.002,520,0.4744854271411896,0.7802881598472595,911.012020111084,842.7112126350403
Track.002,521,0.4744666516780853,0.7802952527999878,910.9759712219238,842.7188730239868
Track.002,522,0.4744754433631897,0.7802958488464355,910.9928512573242,842.7195167541504
Track.002,523,0.4745289981365204,0.7801173329353333,911.0956764221191,842.5267195701599
Track.002,524,0.4745289981365204,0.7801173329353333,911.0956764221191,842.5267195701599
Track.002,525,0.47453224658966064,0.780113935470581,911.1019134521484,842.5230503082275
Track.002,526,0.4745093286037445,0.7800778150558472,911.0579109191895,842.4840402603149
Track.002,527,0.4745141863822937,0.78007972240448,911.0672378540039,842.4861001968384
Track.002,528,0.47451746463775635,0.7800723910331726,911.0735321044922,842.4781823158264
Track.002,529,0.47451746463775635,0.7800723910331726,911.0735321044922,842.4781823158264
Track.002,530,0.4744054675102234,0.780068576335907,910.8584976196289,842.4740624427795
Track.002,531,0.4744017720222473,0.7800701260566711,910.8514022827148,842.4757361412048
Track.002,532,0.47438523173332214,0.7800717353820801,910.8196449279785,842.4774742126465
Track.002,533,0.4744257926940918,0.780079185962677,910.8975219726562,842.4855208396912
Track.002,534,0.4744563698768616,0.7800624370574951,910.9562301635742,842.4674320220947
Track.002,535,0.4744309186935425,0.7800571918487549,910.9073638916016,842.4617671966553
Track.002,536,0.4743818938732147,0.7800420522689819,910.8132362365723,842.4454164505005
Track.002,537,0.47437211871147156,0.7800299525260925,910.7944679260254,842.4323487281799
Track.002,538,0.47437211871147156,0.7800299525260925,910.7944679260254,842.4323487281799
Track.002,539,0.4738456904888153,0.7803057432174683,909.7837257385254,842.7302026748657
Track.002,540,0.4738456904888153,0.7803057432174683,909.7837257385254,842.7302026748657
Track.002,541,0.473855197429657,0.7802928686141968,909.8019790649414,842.7162981033325
Track.002,542,0.473855197429657,0.7802928686141968,909.8019790649414,842.7162981033325
Track.002,543,0.4738415777683258,0.7802914381027222,909.7758293151855,842.7147531509399
Track.002,544,0.4738415777683258,0.7802914381027222,909.7758293151855,842.7147531509399
Track.002,545,0.4727751910686493,0.780213475227356,907.7283668518066,842.6305532455444
Track.002,546,0.47277724742889404,0.7802111506462097,907.7323150634766,842.6280426979065
Track.002,547,0.47274672985076904,0.7802037000656128,907.6737213134766,842.6199960708618
Track.002,548,0.47275006771087646,0.7802294492721558,907.6801300048828,842.6478052139282
Track.002,549,0.472780704498291,0.780211865901947,907.7389526367188,842.6288151741028
Track.002,550,0.4717192053794861,0.780421793460846,905.7008743286133,842.8555369377136
Track.002,551,0.4717192053794861,0.780421793460846,905.7008743286133,842.8555369377136
Track.002,552,0.47171956300735474,0.7804185152053833,905.7015609741211,842.851996421814
Track.002,553,0.4717321991920471,0.7803991436958313,905.7258224487305,842.8310751914978
Track.002,554,0.47170770168304443,0.7804156541824341,905.6787872314453,842.8489065170288
Track.002,555,0.4717297852039337,0.7803969979286194,905.7211875915527,842.8287577629089
Track.002,556,0.4717327654361725,0.780392587184906,905.7269096374512,842.8239941596985
Track.002,557,0.4717327654361725,0.780392587184906,905.7269096374512,842.8239941596985
Track.002,558,0.47109100222587585,0.7804669141769409,904.4947242736816,842.9042673110962
Track.002,559,0.47106847167015076,0.7804572582244873,904.4514656066895,842.8938388824463
Track.002,560,0.4710651934146881,0.7804749608039856,904.4451713562012,842.9129576683044
Track.002,561,0.4710617661476135,0.7804527878761292,904.438591003418,842.8890109062195
Track.002,562,0.471062034368515,0.7804575562477112,904.4391059875488,842.8941607475281
Track.002,563,0.47107747197151184,0.7804701924324036,904.4687461853027,842.9078078269958
Track.002,564,0.47105899453163147,0.7804768681526184,904.4332695007324,842.9150176048279
Track.002,565,0.4710133373737335,0.7806438207626343,904.3456077575684,843.095326423645
Track.002,566,0.4710133373737335,0.7806438207626343,904.3456077575684,843.095326423645
Track.002,567,0.47102639079093933,0.7805836200714111,904.3706703186035,843.030309677124
Track.002,568,0.4710107743740082,0.7805978655815125,904.3406867980957,843.0456948280334
Track.002,569,0.4709937274456024,0.7806276679039001,904.3079566955566,843.0778813362122
Track.002,570,0.4709938168525696,0.7806264758110046,904.3081283569336,843.076593875885
Track.002,571,0.4710121154785156,0.780630350112915,904.34326171875,843.0807781219482
Track.002,572,0.4710121154785156,0.780630350112915,904.34326171875,843.0807781219482
Track.002,573,0.4710017144680023,0.7808248996734619,904.3232917785645,843.2908916473389
Track.002,574,0.47103041410446167,0.780853807926178,904.3783950805664,843.3221125602722
Track.002,575,0.4710334837436676,0.7808452248573303,904.3842887878418,843.3128428459167
Track.002,576,0.47103798389434814,0.7808481454849243,904.3929290771484,843.3159971237183
Track.002,577,0.47103723883628845,0.7808472514152527,904.3914985656738,843.3150315284729
Track.002,578,0.4712093770503998,0.7808799743652344,904.7220039367676,843.3503723144531
Track.002,579,0.4712093770503998,0.7808799743652344,904.7220039367676,843.3503723144531
Track.002,580,0.4711994528770447,0.7808565497398376,904.7029495239258,843.3250737190247
Track.002,581,0.4711737632751465,0.7808475494384766,904.6536254882812,843.3153533935547
Track.002,582,0.471174031496048,0.7808213233947754,904.6541404724121,843.2870292663574
Track.002,583,0.47117170691490173,0.7807963490486145,904.6496772766113,843.2600569725037
Track.002,584,0.47120046615600586,0.7808617949485779,904.7048950195312,843.3307385444641
Track.002,585,0.4711776077747345,0.7808513641357422,904.6610069274902,843.3194732666016
Track.002,586,0.47117850184440613,0.7808493971824646,904.6627235412598,843.3173489570618
Track.002,587,0.4711969792842865,0.7809380292892456,904.6982002258301,843.4130716323853
Track.002,588,0.4711959958076477,0.7809380888938904,904.6963119506836,843.4131360054016
Track.002,589,0.47119203209877014,0.7809512615203857,904.6887016296387,843.4273624420166
Track.002,590,0.47119393944740295,0.7809520363807678,904.6923637390137,843.4281992912292
Track.002,591,0.4712020456790924,0.7809748649597168,904.7079277038574,843.4528541564941
Track.002,592,0.4712067246437073,0.7809783220291138,904.716911315918,843.4565877914429
Track.002,593,0.4713430404663086,0.7813035249710083,904.9786376953125,843.807806968689
Track.002,594,0.4713430404663086,0.7813035249710083,904.9786376953125,843.807806968689
Track.002,595,0.4713100790977478,0.7813054323196411,904.9153518676758,843.8098669052124
Track.002,596,0.4713054895401001,0.7813042998313904,904.9065399169922,843.8086438179016
Track.002,597,0.4713248312473297,0.781328022480011,904.943675994873,843.8342642784119
Track.002,598,0.471095472574234,0.7812771797180176,904.5033073425293,843.779354095459
Track.002,599,0.471095472574234,0.7812771797180176,904.5033073425293,843.779354095459
Track.002,600,0.47109469771385193,0.781225323677063,904.5018196105957,843.723349571228
Track.002,601,0.471101313829422,0.7812169790267944,904.5145225524902,843.714337348938
Track.002,602,0.4711303114891052,0.7812175750732422,904.570198059082,843.7149810791016
Track.002,603,0.4711267650127411,0.7812173962593079,904.5633888244629,843.7147879600525
Track.002,604,0.4711102545261383,0.7812216877937317,904.5316886901855,843.7194228172302
Track.002,605,0.4711102545261383,0.7812216877937317,904.5316886901855,843.7194228172302
Track.002,606,0.4711069166660309,0.7812489867210388,904.5252799987793,843.7489056587219
Track.002,607,0.471137136220932,0.7812544107437134,904.5833015441895,843.7547636032104
Track.002,608,0.4711267054080963,0.7812513113021851,904.5632743835449,843.7514162063599
Track.002,609,0.471127986907959,0.7812612056732178,904.5657348632812,843.7621021270752
Track.002,610,0.4711299240589142,0.7812567949295044,904.5694541931152,843.7573385238647
Track.002,611,0.47111770510673523,0.7812830805778503,904.5459938049316,843.7857270240784
Track.002,612,0.4711054265499115,0.7812822461128235,904.5224189758301,843.7848258018494
Track.002,613,0.47113096714019775,0.7812770009040833,904.5714569091797,843.7791609764099
Track.002,614,0.47113096714019775,0.7812770009040833,904.5714569091797,843.7791609764099
Track.002,615,0.4713134467601776,0.7807512879371643,904.921817779541,843.2113909721375
Track.002,616,0.4713335931301117,0.7807250022888184,904.9604988098145,843.1830024719238
Track.002,617,0.47131043672561646,0.7807546854019165,904.9160385131836,843.2150602340698
Track.002,618,0.4713132977485657,0.7807350754737854,904.9215316772461,843.1938815116882
Track.002,619,0.4713112711906433,0.780731201171875,904.9176406860352,843.189697265625
Track.002,620,0.4713112711906433,0.780731201171875,904.9176406860352,843.189697265625
Track.002,621,0.47114136815071106,0.7803963422775269,904.5914268493652,842.828049659729
Track.002,622,0.4711410701274872,0.7803922295570374,904.5908546447754,842.8236079216003
Track.002,623,0.4711410403251648,0.7803921699523926,904.5907974243164,842.823543548584
Track.002,624,0.47112464904785156,0.7803581953048706,904.559326171875,842.7868509292603
Track.002,625,0.4711463153362274,0.7803665995597839,904.6009254455566,842.7959275245667
Track.002,626,0.471128910779953,0.7803952693939209,904.5675086975098,842.8268909454346
Track.002,627,0.47115853428840637,0.7803905606269836,904.6243858337402,842.8218054771423
Track.002,628,0.4713371694087982,0.7807848453521729,904.9673652648926,843.2476329803467
Track.002,629,0.4713371694087982,0.7807848453521729,904.9673652648926,843.2476329803467
Track.002,630,0.4713842272758484,0.7807883620262146,905.0577163696289,843.2514309883118
Track.002,631,0.47137486934661865,0.7807835936546326,905.0397491455078,843.2462811470032
Track.002,632,0.47145789861679077,0.7808139324188232,905.1991653442383,843.2790470123291
Track.002,633,0.47147852182388306,0.7808138728141785,905.2387619018555,843.2789826393127
Track.002,634,0.47144830226898193,0.7808058857917786,905.1807403564453,843.2703566551208
Track.002,635,0.4715675413608551,0.7812500596046448,905.4096794128418,843.7500643730164
Track.002,636,0.4715333878993988,0.7812410593032837,905.3441047668457,843.7403440475464
Track.002,637,0.4715621769428253,0.7811963558197021,905.3993797302246,843.6920642852783
Track.002,638,0.4715716242790222,0.7812040448188782,905.4175186157227,843.7003684043884
Track.002,639,0.4715747833251953,0.7812139391899109,905.423583984375,843.7110543251038
Track.002,640,0.4715699851512909,0.7812278866767883,905.4143714904785,843.7261176109314
Track.002,641,0.4715750813484192,0.781209409236908,905.4241561889648,843.7061619758606
Track.002,642,0.471576988697052,0.7812085747718811,905.4278182983398,843.7052607536316
Track.002,643,0.471607506275177,0.7814363241195679,905.4864120483398,843.9512300491333
Track.002,644,0.471607506275177,0.7814363241195679,905.4864120483398,843.9512300491333
Track.002,645,0.4716065526008606,0.781432569026947,905.4845809936523,843.9471745491028
Track.002,646,0.47161853313446045,0.7814407348632812,905.5075836181641,843.9559936523438
Track.002,647,0.47161853313446045,0.7814407348632812,905.5075836181641,843.9559936523438
Track.002,648,0.4713555574417114,0.7816672325134277,905.0026702880859,844.200611114502
Track.002,649,0.4713718593120575,0.781661331653595,905.0339698791504,844.1942381858826
Track.002,650,0.4713602364063263,0.7816895246505737,905.0116539001465,844.2246866226196
Track.002,651,0.47138962149620056,0.7816915512084961,905.0680732727051,844.2268753051758
Track.002,652,0.47137928009033203,0.7816904783248901,905.0482177734375,844.2257165908813
Track.002,653,0.4714006781578064,0.7816928029060364,905.0893020629883,844.2282271385193
Track.002,654,0.4713648855686188,0.7816925644874573,905.020580291748,844.2279696464539
Track.002,655,0.471395879983902,0.7816922664642334,905.0800895690918,844.2276477813721
Track.002,656,0.47135475277900696,0.7818102836608887,905.0011253356934,844.3551063537598
Track.002,657,0.4713376760482788,0.7818101048469543,904.9683380126953,844.3549132347107
Track.002,658,0.47134578227996826,0.7818126678466797,904.9839019775391,844.3576812744141
Track.002,659,0.4713784158229828,0.781826913356781,905.046558380127,844.3730664253235
Track.002,660,0.47138071060180664,0.7818299531936646,905.0509643554688,844.3763494491577
Track.002,661,0.471385657787323,0.7818331718444824,905.0604629516602,844.379825592041
Track.002,662,0.471385657787323,0.7818331718444824,905.0604629516602,844.379825592041
Track.002,663,0.47109711170196533,0.7822282314300537,904.5064544677734,844.806489944458
Track.002,664,0.47110652923583984,0.7822546362876892,904.5245361328125,844.8350071907043
Track.002,665,0.47109144926071167,0.7822569012641907,904.4955825805664,844.8374533653259
Track.002,666,0.47110065817832947,0.7822816371917725,904.5132637023926,844.8641681671143
Track.002,667,0.47109338641166687,0.782273530960083,904.4993019104004,844.8554134368896
Track.002,668,0.47109338641166687,0.782273530960083,904.4993019104004,844.8554134368896
Track.002,669,0.47114816308021545,0.7827156186103821,904.6044731140137,845.3328680992126
Track.002,670,0.47113123536109924,0.7826969623565674,904.5719718933105,845.3127193450928
Track.002,671,0.47114890813827515,0.7827189564704895,904.6059036254883,845.3364729881287
Track.002,672,0.47112521529197693,0.7827011346817017,904.5604133605957,845.3172254562378
Track.002,673,0.4711097180843353,0.7826817631721497,904.5306587219238,845.2963042259216
Track.002,674,0.4711104929447174,0.7826625108718872,904.5321464538574,845.2755117416382
Track.002,675,0.47109752893447876,0.7826586961746216,904.5072555541992,845.2713918685913
Track.002,676,0.4710055887699127,0.7831882834434509,904.3307304382324,845.843346118927
Track.002,677,0.4710055887699127,0.7831882834434509,904.3307304382324,845.843346118927
Track.002,678,0.4710093140602112,0.7831963896751404,904.3378829956055,845.8521008491516
Track.002,679,0.47100526094436646,0.7831903100013733,904.3301010131836,845.8455348014832
Track.002,680,0.47103503346443176,0.7831764221191406,904.387264251709,845.8305358886719
Track.002,681,0.47101733088493347,0.7831897735595703,904.3532752990723,845.8449554443359
Track.002,682,0.47100168466567993,0.7832305431365967,904.3232345581055,845.8889865875244
Track.002,683,0.470969557762146,0.7832163572311401,904.2615509033203,845.8736658096313
Track.002,684,0.4709635376930237,0.7832160592079163,904.2499923706055,845.8733439445496
Track.002,685,0.4708919823169708,0.7833791375160217,904.112606048584,846.0494685173035
Track.002,686,0.4708919823169708,0.7833791375160217,904.112606048584,846.0494685173035
Track.002,687,0.4709353744983673,0.783378541469574,904.1959190368652,846.0488247871399
Track.002,688,0.4709702730178833,0.7833582758903503,904.2629241943359,846.0269379615784
Track.002,689,0.4709755778312683,0.7834238409996033,904.2731094360352,846.0977482795715
Track.002,690,0.470973402261734,0.7834241986274719,904.2689323425293,846.0981345176697
Track.002,691,0.4708482027053833,0.7834740281105042,904.0285491943359,846.1519503593445
Track.002,692,0.4708482027053833,0.7834740281105042,904.0285491943359,846.1519503593445
Track.002,693,0.4708821177482605,0.7834815979003906,904.0936660766602,846.1601257324219
Track.002,694,0.4708353281021118,0.7834770679473877,904.0038299560547,846.1552333831787
Track.002,695,0.47088420391082764,0.7835041284561157,904.0976715087891,846.184458732605
Track.002,696,0.4708223342895508,0.7835200428962708,903.9788818359375,846.2016463279724
Track.002,697,0.47083181142807007,0.783528745174408,903.9970779418945,846.2110447883606
Track.002,698,0.47082287073135376,0.7835380434989929,903.9799118041992,846.2210869789124
Track.002,699,0.47083038091659546,0.783534824848175,903.9943313598633,846.217610836029
Track.002,700,0.47085341811180115,0.7835463881492615,904.0385627746582,846.2300992012024
Track.002,701,0.47084149718284607,0.7835519909858704,904.0156745910645,846.23615026474
Track.002,702,0.4708388149738312,0.7835419774055481,904.0105247497559,846.225335597992
Track.002,703,0.4708388149738312,0.7835419774055481,904.0105247497559,846.225335597992
Track.002,704,0.47109368443489075,0.7836241126060486,904.4998741149902,846.3140416145325
Track.002,705,0.47109368443489075,0.7836241126060486,904.4998741149902,846.3140416145325
Track.002,706,0.4710773229598999,0.7836042642593384,904.4684600830078,846.2926054000854
Track.002,707,0.4710848927497864,0.7836083769798279,904.4829940795898,846.2970471382141
Track.002,708,0.4710765779018402,0.7836003303527832,904.4670295715332,846.2883567810059
Track.002,709,0.4710647761821747,0.7835973501205444,904.4443702697754,846.285138130188
Track.002,710,0.4710647761821747,0.7835973501205444,904.4443702697754,846.285138130188
Track.002,711,0.47177866101264954,0.7834309935569763,905.8150291442871,846.1054730415344
Track.002,712,0.47177809476852417,0.783452570438385,905.8139419555664,846.1287760734558
Track.002,713,0.4717768430709839,0.7834535241127014,905.8115386962891,846.1298060417175
Track.002,714,0.47178539633750916,0.7834680676460266,905.8279609680176,846.1455130577087
Track.002,715,0.47177043557167053,0.7834588885307312,905.7992362976074,846.1355996131897
Track.002,716,0.47177112102508545,0.7834566831588745,905.8005523681641,846.1332178115845
Track.002,717,0.47177448868751526,0.7834584712982178,905.8070182800293,846.1351490020752
Track.002,718,0.4723100960254669,0.7837097644805908,906.8353843688965,846.4065456390381
Track.002,719,0.4723100960254669,0.7837097644805908,906.8353843688965,846.4065456390381
Track.002,720,0.47234195470809937,0.783721923828125,906.8965530395508,846.419677734375
Track.002,721,0.4723391532897949,0.7837533950805664,906.8911743164062,846.4536666870117
Track.002,722,0.47235745191574097,0.783729076385498,906.9263076782227,846.4274024963379
Track.002,723,0.4723457098007202,0.7837325930595398,906.9037628173828,846.431200504303
Track.002,724,0.4723329544067383,0.7837308049201965,906.8792724609375,846.4292693138123
Track.002,725,0.4723329544067383,0.7837308049201965,906.8792724609375,846.4292693138123
Track.002,726,0.4726724922657013,0.783760130405426,907.5311851501465,846.4609408378601
Track.002,727,0.4726813733577728,0.7837599515914917,907.5482368469238,846.460747718811
Track.002,728,0.4726538062095642,0.7837638258934021,907.4953079223633,846.4649319648743
Track.002,729,0.47266536951065063,0.7837703824043274,907.5175094604492,846.4720129966736
Track.002,730,0.4727092385292053,0.7837871313095093,907.6017379760742,846.49010181427
Track.002,731,0.47270357608795166,0.7837925553321838,907.5908660888672,846.4959597587585
Track.002,732,0.4727293848991394,0.7837919592857361,907.6404190063477,846.495316028595
Track.002,733,0.4727293848991394,0.7832086682319641,907.6404190063477,845.8653616905212
Track.002,734,0.4727293848991394,0.7832086682319641,907.6404190063477,845.8653616905212
Track.002,735,0.4727165997028351,0.7832282781600952,907.6158714294434,845.8865404129028
Track.002,736,0.47271138429641724,0.7832109332084656,907.6058578491211,845.8678078651428
Track.002,737,0.47272789478302,0.7832026481628418,907.6375579833984,845.8588600158691
Track.002,738,0.47270873188972473,0.7832050919532776,907.6007652282715,845.8614993095398
Track.002,739,0.4725114703178406,0.7832114696502686,907.2220230102539,845.86838722229
Track.002,740,0.4725114703178406,0.7832114696502686,907.2220230102539,845.86838722229
Track.002,741,0.4725133180618286,0.7832080125808716,907.2255706787109,845.8646535873413
Track.002,742,0.47250643372535706,0.7832422256469727,907.2123527526855,845.9016036987305
Track.002,743,0.4725068211555481,0.7832416892051697,907.2130966186523,845.9010243415833
Track.002,744,0.47246795892715454,0.7832265496253967,907.1384811401367,845.8846735954285
Track.002,745,0.47246795892715454,0.7832265496253967,907.1384811401367,845.8846735954285
Track.002,746,0.4733247756958008,0.7836998701095581,908.7835693359375,846.3958597183228
Track.002,747,0.4733247756958008,0.7836998701095581,908.7835693359375,846.3958597183228
Track.002,748,0.4733019173145294,0.7837086319923401,908.7396812438965,846.4053225517273
Track.002,749,0.4732838273048401,0.7837172150611877,908.704948425293,846.4145922660828
Track.002,750,0.4732445478439331,0.7837246060371399,908.6295318603516,846.4225745201111
Track.002,751,0.4732297956943512,0.7837315201759338,908.6012077331543,846.4300417900085
Track.002,752,0.4732150137424469,0.7837377190589905,908.572826385498,846.4367365837097
Track.002,753,0.4732150137424469,0.7837377190589905,908.572826385498,846.4367365837097
Track.002,754,0.47292569279670715,0.7838217616081238,908.0173301696777,846.5275025367737
Track.002,755,0.4729176461696625,0.7838453054428101,908.001880645752,846.5529298782349
Track.002,756,0.47292783856391907,0.7838521599769592,908.0214500427246,846.560332775116
Track.002,757,0.4729100465774536,0.7838793992996216,907.9872894287109,846.5897512435913
Track.002,758,0.4729199707508087,0.783864438533783,908.0063438415527,846.5735936164856
Track.002,759,0.4729005992412567,0.7838379740715027,907.9691505432129,846.5450119972229
Track.002,760,0.47289255261421204,0.7838478684425354,907.9537010192871,846.5556979179382
Track.002,761,0.4723387360572815,0.7831343412399292,906.8903732299805,845.7850885391235
Track.002,762,0.4723387360572815,0.7831343412399292,906.8903732299805,845.7850885391235
Track.002,763,0.4723360240459442,0.7831339836120605,906.8851661682129,845.7847023010254
Track.002,764,0.4723360240459442,0.7831339836120605,906.8851661682129,845.7847023010254
Track.002,765,0.47233638167381287,0.7831334471702576,906.8858528137207,845.7841229438782
Track.002,766,0.4720093309879303,0.7828734517097473,906.2579154968262,845.5033278465271
Track.002,767,0.47202175855636597,0.7828584313392639,906.2817764282227,845.487105846405
Track.002,768,0.47201573848724365,0.7828936576843262,906.2702178955078,845.5251502990723
Track.002,769,0.47200652956962585,0.7828983068466187,906.2525367736816,845.5301713943481
Track.002,770,0.4720168113708496,0.7828905582427979,906.2722778320312,845.5218029022217
Track.002,771,0.4720168113708496,0.7828905582427979,906.2722778320312,845.5218029022217
Track.002,772,0.4720178246498108,0.7828882932662964,906.2742233276367,845.5193567276001
Track.002,773,0.47201213240623474,0.7828960418701172,906.2632942199707,845.5277252197266
Track.002,774,0.4715617299079895,0.7827492952346802,905.3985214233398,845.3692388534546
Track.002,775,0.4715617299079895,0.7827492952346802,905.3985214233398,845.3692388534546
Track.002,776,0.47154492139816284,0.7827522158622742,905.3662490844727,845.3723931312561
Track.002,777,0.47159770131111145,0.7827885150909424,905.467586517334,845.4115962982178
Track.002,778,0.47158974409103394,0.7827630043029785,905.4523086547852,845.3840446472168
Track.002,779,0.4715922474861145,0.7827644348144531,905.4571151733398,845.3855895996094
Track.002,780,0.4715922772884369,0.7827644348144531,905.4571723937988,845.3855895996094
Track.002,781,0.4716399610042572,0.7827454805374146,905.5487251281738,845.3651189804077
Track.002,782,0.47165629267692566,0.7827415466308594,905.5800819396973,845.3608703613281
Track.002,783,0.4716043472290039,0.7827343940734863,905.4803466796875,845.3531455993652
Track.002,784,0.4716183841228485,0.7827286124229431,905.5072975158691,845.3469014167786
Track.002,785,0.4715961217880249,0.7827306389808655,905.4645538330078,845.3490900993347
Track.002,786,0.4716232120990753,0.7827762365341187,905.5165672302246,845.3983354568481
Track.002,787,0.47162091732025146,0.7827755212783813,905.5121612548828,845.3975629806519
Track.002,788,0.4716206192970276,0.7827757596969604,905.511589050293,845.3978204727173
Track.002,789,0.47155365347862244,0.783019483089447,905.3830146789551,845.6610417366028
Track.002,790,0.4715683162212372,0.7830135822296143,905.4111671447754,845.6546688079834
Track.002,791,0.4715159237384796,0.7830241918563843,905.3105735778809,845.666127204895
Track.002,792,0.4714736342430115,0.7830290794372559,905.229377746582,845.6714057922363
Track.002,793,0.4714733064174652,0.783025324344635,905.2287483215332,845.6673502922058
Track.002,794,0.47165071964263916,0.7828629612922668,905.5693817138672,845.4919981956482
Track.002,795,0.47165071964263916,0.7828629612922668,905.5693817138672,845.4919981956482
Track.002,796,0.47167298197746277,0.7828620076179504,905.6121253967285,845.4909682273865
Track.002,797,0.4716593027114868,0.7828776836395264,905.5858612060547,845.5078983306885
Track.002,798,0.47162020206451416,0.782885730266571,905.5107879638672,845.5165886878967
Track.002,799,0.47163107991218567,0.7828819155693054,905.5316734313965,845.5124688148499
Track.002,800,0.4716125726699829,0.7828747034072876,905.4961395263672,845.5046796798706
Track.002,801,0.4716125726699829,0.7828747034072876,905.4961395263672,845.5046796798706
Track.002,802,0.4723091721534729,0.7833346724510193,906.833610534668,846.0014462471008
Track.002,803,0.4723016023635864,0.7833359837532043,906.8190765380859,846.0028624534607
Track.002,804,0.472305566072464,0.7833330631256104,906.8266868591309,845.9997081756592
Track.002,805,0.4722857177257538,0.7833321690559387,906.7885780334473,845.9987425804138
Track.002,806,0.472281813621521,0.7833331823348999,906.7810821533203,845.9998369216919
Track.002,807,0.47229644656181335,0.7833202481269836,906.8091773986816,845.9858679771423
Track.002,808,0.47228333353996277,0.7833289504051208,906.7840003967285,845.9952664375305
Track.002,809,0.47214093804359436,0.7833027839660645,906.5106010437012,845.9670066833496
Track.002,810,0.47214093804359436,0.7833027839660645,906.5106010437012,845.9670066833496
Track.002,811,0.472137451171875,0.7832845449447632,906.50390625,845.9473085403442
Track.002,812,0.4721139073371887,0.7832759618759155,906.4587020874023,845.9380388259888
Track.002,813,0.47210371494293213,0.7832580804824829,906.4391326904297,845.9187269210815
Track.002,814,0.472111314535141,0.7832790613174438,906.4537239074707,845.9413862228394
Track.002,815,0.472111314535141,0.7832790613174438,906.4537239074707,845.9413862228394
Track.002,816,0.47209665179252625,0.7830324769020081,906.4255714416504,845.6750750541687
Track.002,817,0.472130686044693,0.7830243110656738,906.4909172058105,845.6662559509277
Track.002,818,0.4721504747867584,0.783032238483429,906.5289115905762,845.6748175621033
Track.002,819,0.47211953997612,0.7830204963684082,906.4695167541504,845.6621360778809
Track.002,820,0.4721218943595886,0.7830309867858887,906.4740371704102,845.6734657287598
Track.002,821,0.4721218943595886,0.7830309867858887,906.4740371704102,845.6734657287598
Track.002,822,0.4719482362270355,0.7830914855003357,906.1406135559082,845.7388043403625
Track.002,823,0.4719652831554413,0.7831136584281921,906.1733436584473,845.7627511024475
Track.002,824,0.4719451069831848,0.783115565776825,906.1346054077148,845.764811038971
Track.002,825,0.4719417691230774,0.7831107378005981,906.1281967163086,845.759596824646
Track.002,826,0.471933513879776,0.7831130623817444,906.1123466491699,845.7621073722839
Track.002,827,0.4719292223453522,0.7831193208694458,906.1041069030762,845.7688665390015
Track.002,828,0.47192278504371643,0.7831131815910339,906.0917472839355,845.7622361183167
Track.002,829,0.4719187617301941,0.7831053137779236,906.0840225219727,845.7537388801575
Track.002,830,0.4719187617301941,0.7831053137779236,906.0840225219727,845.7537388801575
Track.002,831,0.47155052423477173,0.7829198241233826,905.3770065307617,845.5534100532532
Track.002,832,0.47155052423477173,0.7829198241233826,905.3770065307617,845.5534100532532
Track.002,833,0.4715350270271301,0.7829092144966125,905.3472518920898,845.5419516563416
Track.002,834,0.47153812646865845,0.7829121351242065,905.3532028198242,845.5451059341431
Track.002,835,0.47154149413108826,0.7829247713088989,905.3596687316895,845.5587530136108
Track.002,836,0.47154149413108826,0.7829247713088989,905.3596687316895,845.5587530136108
Track.002,837,0.4714449644088745,0.7828680276870728,905.1743316650391,845.4974699020386
Track.002,838,0.47140932083129883,0.7828437685966492,905.1058959960938,845.4712700843811
Track.002,839,0.47141486406326294,0.7828463315963745,905.1165390014648,845.4740381240845
Track.002,840,0.47139599919319153,0.7828400135040283,905.0803184509277,845.4672145843506
Track.002,841,0.47139501571655273,0.7828348875045776,905.0784301757812,845.4616785049438
Track.002,842,0.471410870552063,0.7828482389450073,905.1088714599609,845.4760980606079
Track.002,843,0.471410870552063,0.7828482389450073,905.1088714599609,845.4760980606079
Track.002,844,0.4708434045314789,0.7830531597137451,904.0193367004395,845.6974124908447
Track.002,845,0.4708424508571625,0.783052921295166,904.017505645752,845.6971549987793
Track.002,846,0.4708324372768402,0.7830050587654114,903.9982795715332,845.6454634666443
Track.002,847,0.4708307981491089,0.7830012440681458,903.9951324462891,845.6413435935974
Track.002,848,0.4708409309387207,0.7829771041870117,904.0145874023438,845.6152725219727
Track.002,849,0.4708409309387207,0.7829771041870117,904.0145874023438,845.6152725219727
Track.002,850,0.4710823595523834,0.7830568552017212,904.4781303405762,845.7014036178589
Track.002,851,0.4710859954357147,0.7830809354782104,904.4851112365723,845.7274103164673
Track.002,852,0.4710765779018402,0.7830722332000732,904.4670295715332,845.7180118560791
Track.002,853,0.47109636664390564,0.783082127571106,904.5050239562988,845.7286977767944
Track.002,854,0.47109538316726685,0.7830709218978882,904.5031356811523,845.7165956497192
Track.002,855,0.4710303544998169,0.7830706834793091,904.3782806396484,845.7163381576538
Track.002,856,0.4710288643836975,0.7830742001533508,904.3754196166992,845.7201361656189
Track.002,857,0.4711454510688782,0.782596230506897,904.5992660522461,845.2039289474487
Track.002,858,0.4711454510688782,0.782596230506897,904.5992660522461,845.2039289474487
Track.002,859,0.47113388776779175,0.7826152443885803,904.5770645141602,845.2244639396667
Track.002,860,0.4711161255836487,0.7826151251792908,904.5429611206055,845.224335193634
Track.002,861,0.47112494707107544,0.7825934886932373,904.5598983764648,845.2009677886963
Track.002,862,0.47111520171165466,0.7825927734375,904.541187286377,845.2001953125
Track.002,863,0.47111520171165466,0.7825927734375,904.541187286377,845.2001953125
Track.002,864,0.4711242616176605,0.7825236320495605,904.5585823059082,845.1255226135254
Track.002,865,0.4711242616176605,0.7825236320495605,904.5585823059082,845.1255226135254
Track.002,866,0.4710817039012909,0.7825360894203186,904.4768714904785,845.1389765739441
Track.002,867,0.4710882604122162,0.7825301885604858,904.4894599914551,845.1326036453247
Track.002,868,0.47103413939476013,0.7825348377227783,904.3855476379395,845.1376247406006
Track.002,869,0.47108694911003113,0.7825290560722351,904.4869422912598,845.1313805580139
Track.002,870,0.4710732102394104,0.782525897026062,904.460563659668,845.127968788147
Track.002,871,0.47108176350593567,0.7825071811676025,904.4769859313965,845.1077556610107
Track.002,872,0.47162386775016785,0.7828555703163147,905.5178260803223,845.4840159416199
Track.002,873,0.47162386775016785,0.7828555703163147,905.5178260803223,845.4840159416199
Track.002,874,0.4716269373893738,0.7828311324119568,905.5237197875977,845.4576230049133
Track.002,875,0.4716004431247711,0.782846212387085,905.4728507995605,845.4739093780518
Track.002,876,0.4716004431247711,0.782846212387085,905.4728507995605,845.4739093780518
Track.002,877,0.4716035723686218,0.7828204035758972,905.4788589477539,845.446035861969
Track.002,878,0.4716035723686218,0.7828204035758972,905.4788589477539,845.446035861969
Track.002,879,0.4717782735824585,0.7826569676399231,905.8142852783203,845.269525051117
Track.002,880,0.4717659652233124,0.7826550602912903,905.7906532287598,845.2674651145935
Track.002,881,0.4717683792114258,0.7826589941978455,905.7952880859375,845.2717137336731
Track.002,882,0.4717683792114258,0.7826589941978455,905.7952880859375,845.2717137336731
Track.002,883,0.4717652201652527,0.7826611399650574,905.7892227172852,845.274031162262
Track.002,884,0.47176170349121094,0.7826645374298096,905.782470703125,845.2777004241943
Track.002,885,0.47178909182548523,0.7826560735702515,905.8350563049316,845.2685594558716
Track.002,886,0.4713991582393646,0.7827655076980591,905.0863838195801,845.3867483139038
Track.002,887,0.47134706377983093,0.7827535271644592,904.9863624572754,845.373809337616
Track.002,888,0.4713725447654724,0.7827526926994324,905.035285949707,845.372908115387
Track.002,889,0.47136190533638,0.7827339172363281,905.0148582458496,845.3526306152344
Track.002,890,0.4714031219482422,0.7827458381652832,905.093994140625,845.3655052185059
Track.002,891,0.4714031219482422,0.7827458381652832,905.093994140625,845.3655052185059
Track.002,892,0.47161340713500977,0.7827185392379761,905.4977416992188,845.3360223770142
Track.002,893,0.4716198146343231,0.782713770866394,905.5100440979004,845.3308725357056
Track.002,894,0.47161784768104553,0.7827243804931641,905.5062675476074,845.3423309326172
Track.002,895,0.47161737084388733,0.7827183604240417,905.5053520202637,845.3358292579651
Track.002,896,0.4716169238090515,0.7827175855636597,905.5044937133789,845.3349924087524
Track.002,897,0.4716169238090515,0.7827175855636597,905.5044937133789,845.3349924087524
Track.002,898,0.47193610668182373,0.7828487157821655,906.1173248291016,845.4766130447388
Track.002,899,0.47192081809043884,0.7828431129455566,906.0879707336426,845.4705619812012
Track.002,900,0.4719437062740326,0.782852053642273,906.1319160461426,845.4802179336548
Track.002,901,0.4719010889530182,0.7828253507614136,906.0500907897949,845.4513788223267
Track.002,902,0.4718847870826721,0.7828318476676941,906.0187911987305,845.4583954811096
Track.002,903,0.47188225388526917,0.7828400135040283,906.0139274597168,845.4672145843506
Track.002,904,0.4718962013721466,0.7828452587127686,906.0407066345215,845.47287940979
Track.002,905,0.47190433740615845,0.7828590869903564,906.0563278198242,845.487813949585
Track.002,906,0.47190433740615845,0.7828590869903564,906.0563278198242,845.487813949585
Track.002,907,0.47147315740585327,0.7831124067306519,905.2284622192383,845.761399269104
Track.002,908,0.47148650884628296,0.7831068634986877,905.2540969848633,845.7554125785828
Track.002,909,0.47148397564888,0.7831000089645386,905.2492332458496,845.7480096817017
Track.002,910,0.47151291370391846,0.7830587029457092,905.3047943115234,845.703399181366
Track.002,911,0.47150278091430664,0.7830512523651123,905.2853393554688,845.6953525543213
Track.002,912,0.471481055021286,0.7830656170845032,905.2436256408691,845.7108664512634
Track.002,913,0.471466988325119,0.783057689666748,905.2166175842285,845.7023048400879
Track.002,914,0.4704827070236206,0.7748915553092957,903.3267974853516,836.8828797340393
Track.002,915,0.4704827070236206,0.7748915553092957,903.3267974853516,836.8828797340393
Track.002,916,0.4704909324645996,0.774908721446991,903.3425903320312,836.9014191627502
Track.002,917,0.47049078345298767,0.7748799920082092,903.3423042297363,836.870391368866
Track.002,918,0.47049209475517273,0.7748596668243408,903.3448219299316,836.8484401702881
Track.002,919,0.470490962266922,0.7748504877090454,903.3426475524902,836.838526725769
Track.002,920,0.46991297602653503,0.7749418616294861,902.2329139709473,836.937210559845
Track.002,921,0.46991297602653503,0.7749418616294861,902.2329139709473,836.937210559845
Track.002,922,0.4698733985424042,0.7749419212341309,902.156925201416,836.9372749328613
Track.002,923,0.46989527344703674,0.7749230265617371,902.1989250183105,836.916868686676
Track.002,924,0.4698975384235382,0.7749192118644714,902.2032737731934,836.9127488136292
Track.002,925,0.4699069857597351,0.7749085426330566,902.2214126586914,836.9012260437012
Track.002,926,0.46990206837654114,0.7749107480049133,902.211971282959,836.9036078453064
Track.002,927,0.4698571264743805,0.7743827104568481,902.1256828308105,836.333327293396
Track.002,928,0.46986016631126404,0.7743805646896362,902.131519317627,836.3310098648071
Track.002,929,0.46985623240470886,0.7744025588035583,902.123966217041,836.354763507843
Track.002,930,0.46985912322998047,0.7744004130363464,902.1295166015625,836.3524460792542
Track.002,931,0.4698459506034851,0.7743915915489197,902.1042251586914,836.3429188728333
Track.002,932,0.4698459506034851,0.7743915915489197,902.1042251586914,836.3429188728333
Track.002,933,0.4698355793952942,0.7743963003158569,902.0843124389648,836.3480043411255
Track.002,934,0.4698355793952942,0.7773127555847168,902.0843124389648,839.4977760314941
Track.002,935,0.46978554129600525,0.7772765159606934,901.9882392883301,839.4586372375488
Track.002,936,0.46977218985557556,0.7772852778434753,901.9626045227051,839.4681000709534
Track.002,937,0.46977370977401733,0.7772881388664246,901.9655227661133,839.4711899757385
Track.002,938,0.469803124666214,0.7772878408432007,902.0219993591309,839.4708681106567
Track.002,939,0.4698260724544525,0.7773009538650513,902.0660591125488,839.4850301742554
Track.002,940,0.4698202311992645,0.7773157954216003,902.0548439025879,839.5010590553284
Track.002,941,0.4698091447353363,0.7773130536079407,902.0335578918457,839.4980978965759
Track.002,942,0.46938374638557434,0.7769713401794434,901.2167930603027,839.1290473937988
Track.002,943,0.46938374638557434,0.7769713401794434,901.2167930603027,839.1290473937988
Track.002,944,0.46941450238227844,0.7770261168479919,901.2758445739746,839.1882061958313
Track.002,945,0.4694286584854126,0.7770010828971863,901.3030242919922,839.1611695289612
Track.002,946,0.4694169759750366,0.7770035266876221,901.2805938720703,839.1638088226318
Track.002,947,0.4694169759750366,0.7770035266876221,901.2805938720703,839.1638088226318
Track.002,948,0.4694169759750366,0.7770035266876221,901.2805938720703,839.1638088226318
Track.002,949,0.47694453597068787,0.7675239443778992,915.7335090637207,828.9258599281311
Track.002,950,0.4769359230995178,0.7675396203994751,915.7169723510742,828.9427900314331
Track.002,951,0.4769361913204193,0.7675549387931824,915.7174873352051,828.959333896637
Track.002,952,0.4769139885902405,0.7675723433494568,915.6748580932617,828.9781308174133
Track.002,953,0.47694113850593567,0.7675568461418152,915.7269859313965,828.9613938331604
Track.002,954,0.47694113850593567,0.7675568461418152,915.7269859313965,828.9613938331604
Track.002,955,0.47694113850593567,0.7687234282493591,915.7269859313965,830.2213025093079
Track.002,956,0.4769318401813507,0.7687348127365112,915.7091331481934,830.2335977554321
Track.002,957,0.4769342541694641,0.7687122821807861,915.7137680053711,830.209264755249
Track.002,958,0.4769054353237152,0.7687343955039978,915.6584358215332,830.2331471443176
Track.002,959,0.4769361615180969,0.7687364816665649,915.7174301147461,830.2354001998901
Track.002,960,0.47696399688720703,0.7687418460845947,915.7708740234375,830.2411937713623
Track.002,961,0.47696226835250854,0.7687557935714722,915.7675552368164,830.2562570571899
Track.002,962,0.47696226835250854,0.771672248840332,915.7675552368164,833.4060287475586
Track.002,963,0.47696226835250854,0.771672248840332,915.7675552368164,833.4060287475586
Track.002,964,0.476937860250473,0.7716679573059082,915.7206916809082,833.4013938903809
Track.002,965,0.476942241191864,0.7716623544692993,915.7291030883789,833.3953428268433
Track.002,966,0.4769749939441681,0.7716169953346252,915.7919883728027,833.3463549613953
Track.002,967,0.47694915533065796,0.7716083526611328,915.7423782348633,833.3370208740234
Track.002,968,0.4767884910106659,0.7726259827613831,915.4339027404785,834.4360613822937
Track.002,969,0.4767884910106659,0.7726259827613831,915.4339027404785,834.4360613822937
Track.002,970,0.4768127501010895,0.7725597620010376,915.4804801940918,834.3645429611206
Track.002,971,0.47676002979278564,0.7725527286529541,915.3792572021484,834.3569469451904
Track.002,972,0.47682085633277893,0.7726439237594604,915.4960441589355,834.4554376602173
Track.002,973,0.4767874479293823,0.7726555466651917,915.4319000244141,834.467990398407
Track.002,974,0.4767847955226898,0.7726529836654663,915.4268074035645,834.4652223587036
Track.002,975,0.4767398238182068,0.7727041840553284,915.340461730957,834.5205187797546
Track.002,976,0.47673752903938293,0.7727181315422058,915.3360557556152,834.5355820655823
Track.002,977,0.47580698132514954,0.773399293422699,913.5494041442871,835.2712368965149
Track.002,978,0.4758070111274719,0.773399293422699,913.5494613647461,835.2712368965149
Track.002,979,0.4758283495903015,0.7734075784683228,913.5904312133789,835.2801847457886
Track.002,980,0.47579509019851685,0.7733974456787109,913.5265731811523,835.2692413330078
Track.002,981,0.47576993703842163,0.7734204530715942,913.4782791137695,835.2940893173218
Track.002,982,0.4757542312145233,0.7733861207962036,913.4481239318848,835.2570104598999
Track.002,983,0.4757542610168457,0.7733865976333618,913.4481811523438,835.2575254440308
Track.002,984,0.47529155015945435,0.7737767100334167,912.5597763061523,835.6788468360901
Track.002,985,0.47529155015945435,0.7737767100334167,912.5597763061523,835.6788468360901
Track.002,986,0.4752941429615021,0.7737934589385986,912.564754486084,835.6969356536865
Track.002,987,0.47531434893608093,0.7737981081008911,912.6035499572754,835.7019567489624
Track.002,988,0.4752880334854126,0.7738047242164612,912.5530242919922,835.7091021537781
Track.002,989,0.4753022789955139,0.7738068103790283,912.5803756713867,835.7113552093506
Track.002,990,0.47531333565711975,0.7737621068954468,912.6016044616699,835.6630754470825
Track.002,991,0.47531333565711975,0.773762047290802,912.6016044616699,835.6630110740662
Track.002,992,0.4753023386001587,0.7737396359443665,912.5804901123047,835.6388068199158
Track.002,993,0.47528770565986633,0.7737367749214172,912.5523948669434,835.6357169151306
Track.002,994,0.47526979446411133,0.7737163305282593,912.5180053710938,835.61363697052
Track.002,995,0.47526979446411133,0.7737162709236145,912.5180053710938,835.6135725975037
Track.002,996,0.47526979446411133,0.7737162709236145,912.5180053710938,835.6135725975037
Track.002,997,0.47523337602615356,0.7737170457839966,912.4480819702148,835.6144094467163
Track.002,998,0.47523996233940125,0.773711621761322,912.4607276916504,835.6085515022278
Track.002,999,0.4752344489097595,0.7737119793891907,912.4501419067383,835.6089377403259
Track.002,1000,0.4752291738986969,0.7737083435058594,912.440013885498,835.6050109863281
Track.002,1001,0.47523748874664307,0.7736992835998535,912.4559783935547,835.5952262878418
Track.002,1002,0.4752662777900696,0.7737051248550415,912.5112533569336,835.6015348434448
Track.002,1003,0.4752274453639984,0.7737022638320923,912.436695098877,835.5984449386597
Track.002,1004,0.4752538502216339,0.7737037539482117,912.4873924255371,835.6000542640686
Track.002,1005,0.47526416182518005,0.7741585969924927,912.5071907043457,836.0912847518921
Track.002,1006,0.4752609133720398,0.7741584181785583,912.5009536743164,836.091091632843
Track.002,1007,0.47525283694267273,0.7741612195968628,912.4854469299316,836.0941171646118
Track.002,1008,0.4752761125564575,0.7741472721099854,912.5301361083984,836.0790538787842
Track.002,1009,0.4752761125564575,0.7741472721099854,912.5301361083984,836.0790538787842
Track.002,1010,0.4751903712749481,0.7740368843078613,912.3655128479004,835.9598350524902
Track.002,1011,0.47518834471702576,0.77402263879776,912.3616218566895,835.9444499015808
Track.002,1012,0.4751555323600769,0.7740586400032043,912.2986221313477,835.9833312034607
Track.002,1013,0.4751047194004059,0.7740638852119446,912.2010612487793,835.9889960289001
Track.002,1014,0.47514277696609497,0.7740647196769714,912.2741317749023,835.9898972511292
Track.002,1015,0.47513583302497864,0.774054765701294,912.260799407959,835.9791469573975
Track.002,1016,0.47511279582977295,0.7740681767463684,912.2165679931641,835.9936308860779
Track.002,1017,0.4750957489013672,0.7740697264671326,912.183837890625,835.9953045845032
Track.002,1018,0.4749350845813751,0.7740451097488403,911.8753623962402,835.9687185287476
Track.002,1019,0.4749278724193573,0.7740443348884583,911.861515045166,835.9678816795349
Track.002,1020,0.4749338924884796,0.7740272283554077,911.8730735778809,835.9494066238403
Track.002,1021,0.4749246835708618,0.7740293145179749,911.8553924560547,835.9516596794128
Track.002,1022,0.47491538524627686,0.7740173935890198,911.8375396728516,835.9387850761414
Track.002,1023,0.4748714864253998,0.7739905714988708,911.7532539367676,835.9098172187805
Track.002,1024,0.4748714864253998,0.7739905714988708,911.7532539367676,835.9098172187805
Track.002,1025,0.47463303804397583,0.7736903429031372,911.2954330444336,835.5855703353882
Track.002,1026,0.4746241569519043,0.7736954092979431,911.2783813476562,835.5910420417786
Track.002,1027,0.4746149480342865,0.7736983299255371,911.2607002258301,835.5941963195801
Track.002,1028,0.47461196780204773,0.773698091506958,911.2549781799316,835.5939388275146
Track.002,1029,0.47456881403923035,0.7736517786979675,911.1721229553223,835.5439209938049
Track.002,1030,0.47455576062202454,0.7736549973487854,911.1470603942871,835.5473971366882
Track.002,1031,0.47454360127449036,0.7736749649047852,911.1237144470215,835.568962097168
Track.002,1032,0.47467857599258423,0.7735856175422668,911.3828659057617,835.4724669456482
Track.002,1033,0.4746786057949066,0.7735855579376221,911.3829231262207,835.4724025726318
Track.002,1034,0.47468334436416626,0.7735596299171448,911.3920211791992,835.4444003105164
Track.002,1035,0.4746740460395813,0.773552417755127,911.3741683959961,835.4366111755371
Track.002,1036,0.4746937155723572,0.7735562920570374,911.4119338989258,835.4407954216003
Track.002,1037,0.47469183802604675,0.7735528945922852,911.4083290100098,835.437126159668
Track.002,1038,0.4745950698852539,0.7740103006362915,911.2225341796875,835.9311246871948
Track.002,1039,0.4745950698852539,0.7740103006362915,911.2225341796875,835.9311246871948
Track.002,1040,0.4745744466781616,0.7740239500999451,911.1829376220703,835.9458661079407
Track.002,1041,0.47455671429634094,0.7740026712417603,911.1488914489746,835.9228849411011
Track.002,1042,0.4745931029319763,0.7740473747253418,911.2187576293945,835.9711647033691
Track.002,1043,0.4746014475822449,0.7740374803543091,911.2347793579102,835.9604787826538
Track.002,1044,0.47460997104644775,0.7740481495857239,911.2511444091797,835.9720015525818
Track.002,1045,0.4746083915233612,0.7740457057952881,911.2481117248535,835.9693622589111
Track.002,1046,0.4745962917804718,0.774043619632721,911.2248802185059,835.9671092033386
Track.002,1047,0.4742630124092102,0.7740110754966736,910.5849838256836,835.9319615364075
Track.002,1048,0.4742630124092102,0.7740110754966736,910.5849838256836,835.9319615364075
Track.002,1049,0.4742724299430847,0.7740098237991333,910.6030654907227,835.930609703064
Track.002,1050,0.47426995635032654,0.7740082144737244,910.598316192627,835.9288716316223
Track.002,1051,0.4742235541343689,0.7740482687950134,910.5092239379883,835.9721302986145
Track.002,1052,0.4742388427257538,0.7740538716316223,910.5385780334473,835.9781813621521
Track.002,1053,0.47434452176094055,0.7741562724113464,910.7414817810059,836.0887742042542
Track.002,1054,0.47431260347366333,0.7741395831108093,910.6801986694336,836.0707497596741
Track.002,1055,0.47431260347366333,0.7741395831108093,910.6801986694336,836.0707497596741
Track.002,1056,0.47431039810180664,0.774129331111908,910.6759643554688,836.0596776008606
Track.002,1057,0.47434669733047485,0.7741576433181763,910.7456588745117,836.0902547836304
Track.002,1058,0.4743253290653229,0.7741543054580688,910.7046318054199,836.0866498947144
Track.002,1059,0.4743253290653229,0.7741543054580688,910.7046318054199,836.0866498947144
Track.002,1060,0.4743737578392029,0.7739707827568054,910.7976150512695,835.8884453773499
Track.002,1061,0.474322646856308,0.7739672064781189,910.6994819641113,835.8845829963684
Track.002,1062,0.47432687878608704,0.7739821672439575,910.7076072692871,835.9007406234741
Track.002,1063,0.47432228922843933,0.7739759087562561,910.6987953186035,835.8939814567566
Track.002,1064,0.474332332611084,0.7739813923835754,910.7180786132812,835.8999037742615
Track.002,1065,0.4743381142616272,0.7739828824996948,910.7291793823242,835.9015130996704
Track.002,1066,0.4739013612270355,0.774015486240387,909.8906135559082,835.9367251396179
Track.002,1067,0.4739075005054474,0.7739928960800171,909.902400970459,835.9123277664185
Track.002,1068,0.47388947010040283,0.7740054726600647,909.8677825927734,835.9259104728699
Track.002,1069,0.47388747334480286,0.7740256190299988,909.8639488220215,835.9476685523987
Track.002,1070,0.47389066219329834,0.7740253210067749,909.8700714111328,835.9473466873169
Track.002,1071,0.473885178565979,0.7740152478218079,909.8595428466797,835.9364676475525
Track.002,1072,0.47388583421707153,0.7740154266357422,909.8608016967773,835.9366607666016
Track.002,1073,0.47388899326324463,0.7740093469619751,909.8668670654297,835.9300947189331
Track.002,1074,0.4738893210887909,0.774009108543396,909.8674964904785,835.9298372268677
Track.002,1075,0.47381770610809326,0.7739831209182739,909.7299957275391,835.9017705917358
Track.002,1076,0.4738292396068573,0.7739827036857605,909.752140045166,835.9013199806213
Track.002,1077,0.4738140106201172,0.7739937901496887,909.722900390625,835.9132933616638
Track.002,1078,0.4738225042819977,0.7740060687065125,909.7392082214355,835.9265542030334
Track.002,1079,0.473808616399765,0.7740097641944885,909.7125434875488,835.9305453300476
Track.002,1080,0.4737398326396942,0.7739877104759216,909.5804786682129,835.9067273139954
Track.002,1081,0.4737398326396942,0.7739877104759216,909.5804786682129,835.9067273139954
Track.002,1082,0.47370392084121704,0.77399080991745,909.5115280151367,835.910074710846
Track.002,1083,0.47369587421417236,0.7739778757095337,909.4960784912109,835.8961057662964
Track.002,1084,0.4736825227737427,0.7739619612693787,909.4704437255859,835.878918170929
Track.002,1085,0.47367966175079346,0.7739589214324951,909.4649505615234,835.8756351470947
Track.002,1086,0.47370022535324097,0.773961067199707,909.5044326782227,835.8779525756836
Track.002,1087,0.47370022535324097,0.773961067199707,909.5044326782227,835.8779525756836
Track.002,1088,0.473760724067688,0.7738512754440308,909.6205902099609,835.7593774795532
Track.002,1089,0.47372233867645264,0.7738317847251892,909.5468902587891,835.7383275032043
Track.002,1090,0.47372281551361084,0.773809015750885,909.5478057861328,835.7137370109558
Track.002,1091,0.4737189710140228,0.7738061547279358,909.5404243469238,835.7106471061707
Track.002,1092,0.4737556278705597,0.7738186120986938,909.6108055114746,835.7241010665894
Track.002,1093,0.473756343126297,0.7738195657730103,909.6121788024902,835.7251310348511
Track.002,1094,0.4737413823604584,0.7738142013549805,909.5834541320801,835.7193374633789
Track.002,1095,0.4741685092449188,0.7732707858085632,910.4035377502441,835.1324486732483
Track.002,1096,0.4741685092449188,0.7732707858085632,910.4035377502441,835.1324486732483
Track.002,1097,0.4741729199886322,0.7732704877853394,910.4120063781738,835.1321268081665
Track.002,1098,0.4741869270801544,0.7732688784599304,910.4388999938965,835.1303887367249
Track.002,1099,0.47413551807403564,0.773273229598999,910.3401947021484,835.135087966919
Track.002,1100,0.4741320013999939,0.7732888460159302,910.3334426879883,835.1519536972046
Track.002,1101,0.4742020070552826,0.7733208537101746,910.4678535461426,835.1865220069885
Track.002,1102,0.4743219017982483,0.7732222676277161,910.6980514526367,835.0800490379333
Track.002,1103,0.4743219017982483,0.7732222676277161,910.6980514526367,835.0800490379333
Track.002,1104,0.4743307828903198,0.7732551693916321,910.7151031494141,835.1155829429626
Track.002,1105,0.4743325412273407,0.773249089717865,910.7184791564941,835.1090168952942
Track.002,1106,0.4743213355541229,0.7732511758804321,910.696964263916,835.1112699508667
Track.002,1107,0.4743213355541229,0.7732511758804321,910.696964263916,835.1112699508667
Track.002,1108,0.47436457872390747,0.7732288241386414,910.7799911499023,835.0871300697327
Track.002,1109,0.4743472933769226,0.7732275128364563,910.7468032836914,835.0857138633728
Track.002,1110,0.47432687878608704,0.7732216715812683,910.7076072692871,835.0794053077698
Track.002,1111,0.4743265211582184,0.773247241973877,910.7069206237793,835.1070213317871
Track.002,1112,0.47433361411094666,0.7732321619987488,910.7205390930176,835.0907349586487
Track.002,1113,0.47433361411094666,0.7732321619987488,910.7205390930176,835.0907349586487
Track.002,1114,0.47418567538261414,0.773256242275238,910.4364967346191,835.1167416572571
Track.002,1115,0.47426995635032654,0.7732671499252319,910.598316192627,835.1285219192505
Track.002,1116,0.47429999709129333,0.7733167409896851,910.6559944152832,835.1820802688599
Track.002,1117,0.47427043318748474,0.7733044028282166,910.5992317199707,835.1687550544739
Track.002,1118,0.47428444027900696,0.7733204364776611,910.6261253356934,835.186071395874
Track.002,1119,0.474249929189682,0.773313045501709,910.5598640441895,835.1780891418457
Track.002,1120,0.4742165505886078,0.773307740688324,910.495777130127,835.1723599433899
Track.002,1121,0.47420987486839294,0.7732993364334106,910.4829597473145,835.1632833480835
Track.002,1122,0.47420987486839294,0.7732993364334106,910.4829597473145,835.1632833480835
Track.002,1123,0.4743238091468811,0.7729840278625488,910.7017135620117,834.8227500915527
Track.002,1124,0.4743238687515259,0.7729840278625488,910.7018280029297,834.8227500915527
Track.002,1125,0.4743209183216095,0.7730192542076111,910.6961631774902,834.86079454422
Track.002,1126,0.4743243157863617,0.7730143070220947,910.7026863098145,834.8554515838623
Track.002,1127,0.4743433892726898,0.7730112671852112,910.7393074035645,834.8521685600281
Track.002,1128,0.4743405282497406,0.7730135321617126,910.733814239502,834.8546147346497
Track.002,1129,0.4743405282497406,0.7730135321617126,910.733814239502,834.8546147346497
Track.002,1130,0.47442707419395447,0.7727665305137634,910.8999824523926,834.5878529548645
Track.002,1131,0.47442755103111267,0.7727470397949219,910.9008979797363,834.5668029785156
Track.002,1132,0.4744107127189636,0.7727195620536804,910.8685684204102,834.5371270179749
Track.002,1133,0.4744251072406769,0.7727295756340027,910.8962059020996,834.5479416847229
Track.002,1134,0.47441965341567993,0.7727386951446533,910.8857345581055,834.5577907562256
Track.002,1135,0.47443804144859314,0.7727469205856323,910.9210395812988,834.5666742324829
Track.002,1136,0.4744161069393158,0.77293860912323,910.8789253234863,834.7736978530884
Track.002,1137,0.4744161069393158,0.7729438543319702,910.8789253234863,834.7793626785278
Track.002,1138,0.47442689538002014,0.7729527354240417,910.8996391296387,834.7889542579651
Track.002,1139,0.47442734241485596,0.772959291934967,910.9004974365234,834.7960352897644
Track.002,1140,0.47442546486854553,0.7729476094245911,910.8968925476074,834.7834181785583
Track.002,1141,0.4744483530521393,0.772946298122406,910.9408378601074,834.7820019721985
Track.002,1142,0.47445327043533325,0.7729379534721375,910.9502792358398,834.7729897499084
Track.002,1143,0.4744568467140198,0.7729495763778687,910.957145690918,834.7855424880981
Track.002,1144,0.4744568467140198,0.7729495763778687,910.957145690918,834.7855424880981
Track.002,1145,0.474181592464447,0.7730693221092224,910.4286575317383,834.9148678779602
Track.002,1146,0.47419658303260803,0.7730661034584045,910.4574394226074,834.9113917350769
Track.002,1147,0.47420504689216614,0.7730222344398499,910.473690032959,834.8640131950378
Track.002,1148,0.474212110042572,0.7730281352996826,910.4872512817383,834.8703861236572
Track.002,1149,0.4742198884487152,0.7730249762535095,910.5021858215332,834.8669743537903
Track.002,1150,0.4747634530067444,0.7729923725128174,911.5458297729492,834.8317623138428
Track.002,1151,0.4747637212276459,0.7729921936988831,911.5463447570801,834.8315691947937
Track.002,1152,0.47481265664100647,0.7729732394218445,911.6403007507324,834.811098575592
Track.002,1153,0.4748123288154602,0.7729737162590027,911.6396713256836,834.8116135597229
Track.002,1154,0.47478678822517395,0.7729727029800415,911.590633392334,834.8105192184448
Track.002,1155,0.47478678822517395,0.7729727029800415,911.590633392334,834.8105192184448
Track.002,1156,0.474539577960968,0.7729704976081848,911.1159896850586,834.8081374168396
Track.002,1157,0.474539577960968,0.7729704976081848,911.1159896850586,834.8081374168396
Track.002,1158,0.47454631328582764,0.7730044722557068,911.1289215087891,834.8448300361633
Track.002,1159,0.4745452105998993,0.7730007767677307,911.1268043518066,834.8408389091492
Track.002,1160,0.4745396673679352,0.7730165123939514,911.1161613464355,834.8578333854675
Track.002,1161,0.4745113253593445,0.7730138301849365,911.0617446899414,834.8549365997314
Track.002,1162,0.4744892418384552,0.773011326789856,911.019344329834,834.8522329330444
Track.002,1163,0.4745228886604309,0.7730106711387634,911.0839462280273,834.8515248298645
Track.002,1164,0.4742743670940399,0.7732142806053162,910.6067848205566,835.0714230537415
Track.002,1165,0.4742743670940399,0.7732142806053162,910.6067848205566,835.0714230537415
Track.002,1166,0.47427797317504883,0.7732114791870117,910.6137084960938,835.0683975219727
Track.002,1167,0.4742494225502014,0.7732087969779968,910.5588912963867,835.0655007362366
Track.002,1168,0.47424814105033875,0.7732071876525879,910.5564308166504,835.0637626647949
Track.002,1169,0.4742269515991211,0.7732100486755371,910.5157470703125,835.0668525695801
Track.002,1170,0.47421950101852417,0.7732211351394653,910.5014419555664,835.0788259506226
Track.002,1171,0.4742527902126312,0.7732617855072021,910.565357208252,835.1227283477783
Track.002,1172,0.47425374388694763,0.7732653617858887,910.5671882629395,835.1265907287598
Track.002,1173,0.4744991660118103,0.7735925912857056,911.0383987426758,835.479998588562
Track.002,1174,0.47454574704170227,0.7736161947250366,911.1278343200684,835.5054903030396
Track.002,1175,0.47454574704170227,0.7736161947250366,911.1278343200684,835.5054903030396
Track.002,1176,0.4745303988456726,0.7736158967018127,911.0983657836914,835.5051684379578
Track.002,1177,0.4745303988456726,0.7736158967018127,911.0983657836914,835.5051684379578
Track.002,1178,0.47482022643089294,0.773760974407196,911.6548347473145,835.6618523597717
Track.002,1179,0.4748348891735077,0.7737335562705994,911.6829872131348,835.6322407722473
Track.002,1180,0.47483620047569275,0.7737393379211426,911.6855049133301,835.638484954834
Track.002,1181,0.474838525056839,0.7737402319908142,911.6899681091309,835.6394505500793
Track.002,1182,0.4748539924621582,0.7737300395965576,911.7196655273438,835.6284427642822
Track.002,1183,0.4748539924621582,0.7737300395965576,911.7196655273438,835.6284427642822
Track.002,1184,0.47430628538131714,0.7739747762680054,910.6680679321289,835.8927583694458
Track.002,1185,0.47431471943855286,0.7739763855934143,910.6842613220215,835.8944964408875
Track.002,1186,0.4743475019931793,0.7739753127098083,910.7472038269043,835.893337726593
Track.002,1187,0.4743437170982361,0.7739728689193726,910.7399368286133,835.8906984329224
Track.002,1188,0.4743373692035675,0.7739656567573547,910.7277488708496,835.8829092979431
Track.002,1189,0.4743252992630005,0.7739611864089966,910.7045745849609,835.8780813217163
Track.002,1190,0.47432824969291687,0.7739570140838623,910.7102394104004,835.8735752105713
Track.002,1191,0.47434040904045105,0.7739677429199219,910.733585357666,835.8851623535156
Track.002,1192,0.47434040904045105,0.7739677429199219,910.733585357666,835.8851623535156
Track.002,1193,0.4741330146789551,0.7737303376197815,910.3353881835938,835.628764629364
Track.002,1194,0.47413215041160583,0.7737298011779785,910.3337287902832,835.6281852722168
Track.002,1195,0.4741089642047882,0.773742139339447,910.2892112731934,835.6415104866028
Track.002,1196,0.47410809993743896,0.7737243175506592,910.2875518798828,835.6222629547119
Track.002,1197,0.4741328954696655,0.7737320065498352,910.3351593017578,835.630567073822
Track.002,1198,0.4741215407848358,0.7737218737602234,910.3133583068848,835.6196236610413
Track.002,1199,0.474151074886322,0.7737054228782654,910.3700637817383,835.6018567085266
Track.002,1200,0.47427502274513245,0.7737973928451538,910.6080436706543,835.7011842727661
Track.002,1201,0.47427502274513245,0.7737973928451538,910.6080436706543,835.7011842727661
Track.002,1202,0.4742580056190491,0.7738022804260254,910.5753707885742,835.7064628601074
Track.002,1203,0.47423967719078064,0.7738352417945862,910.5401802062988,835.7420611381531
Track.002,1204,0.4742714762687683,0.7738103270530701,910.6012344360352,835.7151532173157
Track.002,1205,0.47427070140838623,0.7738244533538818,910.5997467041016,835.7304096221924
Track.002,1206,0.47443997859954834,0.7741824388504028,910.9247589111328,836.1170339584351
Track.002,1207,0.47443997859954834,0.7741824388504028,910.9247589111328,836.1170339584351
Track.002,1208,0.4744408428668976,0.774181067943573,910.9264183044434,836.1155533790588
Track.002,1209,0.4744285047054291,0.7741535305976868,910.9027290344238,836.0858130455017
Track.002,1210,0.47438672184944153,0.7741268873214722,910.8225059509277,836.0570383071899
Track.002,1211,0.4743850529193878,0.7741131782531738,910.8193016052246,836.0422325134277
Track.002,1212,0.47241640090942383,0.7752797603607178,907.0394897460938,837.3021411895752
Track.002,1213,0.47241640090942383,0.7752797603607178,907.0394897460938,837.3021411895752
Track.002,1214,0.47241640090942383,0.7752797603607178,907.0394897460938,837.3021411895752
Track.002,1215,0.47241586446762085,0.7752599716186523,907.038459777832,837.2807693481445
Track.002,1216,0.47242504358291626,0.7752708792686462,907.0560836791992,837.2925496101379
Track.002,1217,0.4724627137184143,0.7752406597137451,907.1284103393555,837.2599124908447
Track.002,1218,0.4724646210670471,0.7752349376678467,907.1320724487305,837.2537326812744
Track.002,1219,0.4724162817001343,0.7752543091773987,907.0392608642578,837.2746539115906
Track.002,1220,0.4724195897579193,0.7752527594566345,907.0456123352051,837.2729802131653
Track.002,1221,0.47233957052230835,0.7757452130317688,906.891975402832,837.8048300743103
Track.002,1222,0.4723525643348694,0.775760293006897,906.9169235229492,837.8211164474487
Track.002,1223,0.4723525643348694,0.775760293006897,906.9169235229492,837.8211164474487
Track.002,1224,0.4723363220691681,0.7757453918457031,906.8857383728027,837.8050231933594
Track.002,1225,0.4723363220691681,0.7757453918457031,906.8857383728027,837.8050231933594
Track.002,1226,0.4726678133010864,0.7761242985725403,907.5222015380859,838.2142424583435
Track.002,1227,0.4727039337158203,0.7761287689208984,907.591552734375,838.2190704345703
Track.002,1228,0.4726589024066925,0.7761128544807434,907.5050926208496,838.2018828392029
Track.002,1229,0.47268131375312805,0.7761116027832031,907.5481224060059,838.2005310058594
Track.002,1230,0.47268643975257874,0.7761043310165405,907.5579643249512,838.1926774978638
Track.002,1231,0.4726433753967285,0.776130735874176,907.4752807617188,838.2211947441101
Track.002,1232,0.4726262390613556,0.7761425971984863,907.4423789978027,838.2340049743652
Track.002,1233,0.4726262390613556,0.7761425971984863,907.4423789978027,838.2340049743652
Track.002,1234,0.4726744592189789,0.7759976387023926,907.5349617004395,838.077449798584
Track.002,1235,0.4726744592189789,0.7759976387023926,907.5349617004395,838.077449798584
Track.002,1236,0.47268450260162354,0.776000440120697,907.5542449951172,838.0804753303528
Track.002,1237,0.47268450260162354,0.776000440120697,907.5542449951172,838.0804753303528
Track.002,1238,0.4726841151714325,0.7759994864463806,907.5535011291504,838.0794453620911
Track.002,1239,0.4726831316947937,0.7760117053985596,907.5516128540039,838.0926418304443
Track.002,1240,0.4726831316947937,0.7760117053985596,907.5516128540039,838.0926418304443
Track.002,1241,0.4726850390434265,0.7759971618652344,907.5552749633789,838.0769348144531
Track.002,1242,0.4726850390434265,0.7759971618652344,907.5552749633789,838.0769348144531
Track.002,1243,0.47231757640838623,0.7758703231811523,906.8497467041016,837.9399490356445
Track.002,1244,0.4723624289035797,0.775871992111206,906.935863494873,837.9417514801025
Track.002,1245,0.47236230969429016,0.7758938074111938,906.9356346130371,837.9653120040894
Track.002,1246,0.47236722707748413,0.7758897542953491,906.9450759887695,837.960934638977
Track.002,1247,0.47236502170562744,0.7758915424346924,906.9408416748047,837.9628658294678
Track.002,1248,0.4725607633590698,0.7760847806930542,907.3166656494141,838.1715631484985
Track.002,1249,0.4725607633590698,0.7760847806930542,907.3166656494141,838.1715631484985
Track.002,1250,0.47260230779647827,0.7760800123214722,907.3964309692383,838.1664133071899
Track.002,1251,0.4726814031600952,0.7760711312294006,907.5482940673828,838.1568217277527
Track.002,1252,0.47265446186065674,0.7760720252990723,907.4965667724609,838.157787322998
Track.002,1253,0.47265446186065674,0.7760720252990723,907.4965667724609,838.157787322998
Track.002,1254,0.47287753224372864,0.7761719822883606,907.924861907959,838.2657408714294
Track.002,1255,0.4728650748729706,0.7761684060096741,907.9009437561035,838.261878490448
Track.002,1256,0.4728408455848694,0.7761918306350708,907.8544235229492,838.2871770858765
Track.002,1257,0.47283872961997986,0.7761929035186768,907.8503608703613,838.2883358001709
Track.002,1258,0.4728638827800751,0.7761769890785217,907.8986549377441,838.2711482048035
Track.002,1259,0.47284045815467834,0.7761864066123962,907.8536796569824,838.2813191413879
Track.002,1260,0.4728698432445526,0.7761703729629517,907.910099029541,838.2640027999878
Track.002,1261,0.4728698432445526,0.7761703729629517,907.910099029541,838.2640027999878
Track.002,1262,0.4728698432445526,0.7761703729629517,907.910099029541,838.2640027999878
Track.002,1263,0.47278082370758057,0.7760339379310608,907.7391815185547,838.1166529655457
Track.002,1264,0.47276750206947327,0.7760401368141174,907.7136039733887,838.1233477592468
Track.002,1265,0.47278308868408203,0.7760334014892578,907.7435302734375,838.1160736083984
Track.002,1266,0.4727826714515686,0.7760395407676697,907.7427291870117,838.1227040290833
Track.002,1267,0.47278255224227905,0.7760390639305115,907.7425003051758,838.1221890449524
Track.002,1268,0.47278255224227905,0.7760390639305115,907.7425003051758,838.1221890449524
Track.002,1269,0.4726077914237976,0.7757284641265869,907.4069595336914,837.7867412567139
Track.002,1270,0.4726557731628418,0.77569580078125,907.4990844726562,837.75146484375
Track.002,1271,0.4726466238498688,0.7756983041763306,907.481517791748,837.754168510437
Track.002,1272,0.4726516008377075,0.7757024168968201,907.4910736083984,837.7586102485657
Track.002,1273,0.47264835238456726,0.7757070064544678,907.4848365783691,837.7635669708252
Track.002,1274,0.47267308831214905,0.7757234573364258,907.5323295593262,837.7813339233398
Track.002,1275,0.4726826846599579,0.7757271528244019,907.5507545471191,837.785325050354
Track.002,1276,0.47307026386260986,0.7754313945770264,908.2949066162109,837.4659061431885
Track.002,1277,0.47307026386260986,0.7754313945770264,908.2949066162109,837.4659061431885
Track.002,1278,0.473044753074646,0.7754406332969666,908.2459259033203,837.4758839607239
Track.002,1279,0.4730473458766937,0.7754579186439514,908.250904083252,837.4945521354675
Track.002,1280,0.4730430245399475,0.7754550576210022,908.2426071166992,837.4914622306824
Track.002,1281,0.4730394780635834,0.7754675149917603,908.2357978820801,837.5049161911011
Track.002,1282,0.47343525290489197,0.7752860188484192,908.9956855773926,837.3089003562927
Track.002,1283,0.47343525290489197,0.7752860188484192,908.9956855773926,837.3089003562927
Track.002,1284,0.4734458923339844,0.7752780914306641,909.01611328125,837.3003387451172
Track.002,1285,0.4734519422054291,0.7752645015716553,909.0277290344238,837.2856616973877
Track.002,1286,0.4734360873699188,0.7752835750579834,908.9972877502441,837.3062610626221
Track.002,1287,0.4734130799770355,0.7752938866615295,908.9531135559082,837.3173975944519
Track.002,1288,0.4734169840812683,0.7752909660339355,908.9606094360352,837.3142433166504
Track.002,1289,0.4734252393245697,0.7752934694290161,908.9764595031738,837.3169469833374
Track.002,1290,0.47343623638153076,0.7752959132194519,908.9975738525391,837.319586277008
Track.002,1291,0.4734354019165039,0.7754255533218384,908.9959716796875,837.4595975875854
Track.002,1292,0.4734354019165039,0.7754255533218384,908.9959716796875,837.4595975875854
Track.002,1293,0.47343626618385315,0.7754271626472473,908.997631072998,837.4613356590271
Track.002,1294,0.47342273592948914,0.7754093408584595,908.9716529846191,837.4420881271362
Track.002,1295,0.47342273592948914,0.7754093408584595,908.9716529846191,837.4420881271362
Track.002,1296,0.47351399064064026,0.7753691673278809,909.1468620300293,837.3987007141113
Track.002,1297,0.4735358655452728,0.7753709554672241,909.1888618469238,837.400631904602
Track.002,1298,0.4735230803489685,0.7753616571426392,909.1643142700195,837.3905897140503
Track.002,1299,0.47353407740592957,0.7753673195838928,909.1854286193848,837.3967051506042
Track.002,1300,0.4735126197338104,0.775364100933075,909.144229888916,837.393229007721
Track.002,1301,0.4735126197338104,0.775364100933075,909.144229888916,837.393229007721
Track.002,1302,0.4736846089363098,0.775305986404419,909.4744491577148,837.3304653167725
Track.002,1303,0.4736460745334625,0.7753149271011353,909.400463104248,837.3401212692261
Track.002,1304,0.4736035168170929,0.7752922773361206,909.3187522888184,837.3156595230103
Track.002,1305,0.4736067056655884,0.7753028869628906,909.3248748779297,837.3271179199219
Track.002,1306,0.47365686297416687,0.7752801775932312,909.4211769104004,837.3025918006897
Track.002,1307,0.47364410758018494,0.7752376794815063,909.3966865539551,837.2566938400269
Track.002,1308,0.4736534655094147,0.7752813696861267,909.4146537780762,837.3038792610168
Track.002,1309,0.47365397214889526,0.7752809524536133,909.4156265258789,837.3034286499023
Track.002,1310,0.47365397214889526,0.7752809524536133,909.4156265258789,837.3034286499023
Track.002,1311,0.47353991866111755,0.7753847241401672,909.1966438293457,837.4155020713806
Track.002,1312,0.4735364019870758,0.7754005789756775,909.1898918151855,837.4326252937317
Track.002,1313,0.47352126240730286,0.7753720283508301,909.1608238220215,837.4017906188965
Track.002,1314,0.4735277593135834,0.7753679752349854,909.1732978820801,837.3974132537842
Track.002,1315,0.47355347871780396,0.7753521203994751,909.2226791381836,837.3802900314331
Track.002,1316,0.47354742884635925,0.7753563523292542,909.2110633850098,837.3848605155945
Track.002,1317,0.47350767254829407,0.7753491401672363,909.1347312927246,837.3770713806152
Track.002,1318,0.4735502302646637,0.7755023241043091,909.2164421081543,837.5425100326538
Track.002,1319,0.4735502302646637,0.7755023241043091,909.2164421081543,837.5425100326538
Track.002,1320,0.4735093414783478,0.7755128741264343,909.1379356384277,837.5539040565491
Track.002,1321,0.4735046327114105,0.7755060195922852,909.1288948059082,837.546501159668
Track.002,1322,0.47354844212532043,0.775493323802948,909.2130088806152,837.5327897071838
Track.002,1323,0.47355085611343384,0.7754902839660645,909.217643737793,837.5295066833496
Track.002,1324,0.4734959006309509,0.7752273678779602,909.1121292114258,837.245557308197
Track.002,1325,0.4734959006309509,0.7752273678779602,909.1121292114258,837.245557308197
Track.002,1326,0.47350314259529114,0.775210440158844,909.126033782959,837.2272753715515
Track.002,1327,0.4735235869884491,0.7752214670181274,909.1652870178223,837.2391843795776
Track.002,1328,0.4735536575317383,0.775240421295166,909.2230224609375,837.2596549987793
Track.002,1329,0.47355496883392334,0.7752364277839661,909.2255401611328,837.2553420066833
Track.002,1330,0.4735909700393677,0.7752479910850525,909.2946624755859,837.2678303718567
Track.002,1331,0.4735909700393677,0.7752479910850525,909.2946624755859,837.2678303718567
Track.002,1332,0.47342804074287415,0.7747393250465393,908.9818382263184,836.7184710502625
Track.002,1333,0.47341835498809814,0.7747374773025513,908.9632415771484,836.7164754867554
Track.002,1334,0.47341665625572205,0.7747369408607483,908.9599800109863,836.7158961296082
Track.002,1335,0.47342365980148315,0.774730384349823,908.9734268188477,836.7088150978088
Track.002,1336,0.4734133183956146,0.7747286558151245,908.9535713195801,836.7069482803345
Track.002,1337,0.4734290838241577,0.7747361063957214,908.9838409423828,836.7149949073792
Track.002,1338,0.47342148423194885,0.774731457233429,908.9692497253418,836.7099738121033
Track.002,1339,0.4734586179256439,0.7748727202415466,909.0405464172363,836.8625378608704
Track.002,1340,0.4734586179256439,0.7748727202415466,909.0405464172363,836.8625378608704
Track.002,1341,0.4735073447227478,0.7748284339904785,909.1341018676758,836.8147087097168
Track.002,1342,0.47346726059913635,0.7748388648033142,909.0571403503418,836.8259739875793
Track.002,1343,0.47346726059913635,0.7748388648033142,909.0571403503418,836.8259739875793
Track.002,1344,0.47343865036964417,0.7748445868492126,909.0022087097168,836.8321537971497
Track.002,1345,0.47343865036964417,0.7748445868492126,909.0022087097168,836.8321537971497
Track.002,1346,0.47361478209495544,0.7750107645988464,909.3403816223145,837.0116257667542
Track.002,1347,0.4736174941062927,0.775009274482727,909.345588684082,837.0100164413452
Track.002,1348,0.4736163020133972,0.7749758958816528,909.3432998657227,836.9739675521851
Track.002,1349,0.47361862659454346,0.7749754190444946,909.3477630615234,836.9734525680542
Track.002,1350,0.47362181544303894,0.7749556303024292,909.3538856506348,836.9520807266235
Track.002,1351,0.47362497448921204,0.7749558091163635,909.3599510192871,836.9522738456726
Track.002,1352,0.4739379584789276,0.7749622464179993,909.960880279541,836.9592261314392
Track.002,1353,0.4739672839641571,0.7749716639518738,910.0171852111816,836.9693970680237
Track.002,1354,0.4739314317703247,0.7749778628349304,909.9483489990234,836.9760918617249
Track.002,1355,0.4739364683628082,0.7749736905097961,909.9580192565918,836.9715857505798
Track.002,1356,0.473930299282074,0.7749803066253662,909.946174621582,836.9787311553955
Track.002,1357,0.4739157557487488,0.7749837040901184,909.9182510375977,836.9824004173279
Track.002,1358,0.4738908112049103,0.7749669551849365,909.8703575134277,836.9643115997314
Track.002,1359,0.47387656569480896,0.7749745845794678,909.8430061340332,836.9725513458252
Track.002,1360,0.4738781750202179,0.7749744057655334,909.8460960388184,836.9723582267761
Track.002,1361,0.4735373258590698,0.7750639319419861,909.1916656494141,837.069046497345
Track.002,1362,0.4735373258590698,0.7750639319419861,909.1916656494141,837.069046497345
Track.002,1363,0.47355905175209045,0.7751005291938782,909.2333793640137,837.1085715293884
Track.002,1364,0.473559707403183,0.7750999927520752,909.2346382141113,837.1079921722412
Track.002,1365,0.47359079122543335,0.7751301527023315,909.294319152832,837.1405649185181
Track.002,1366,0.47359079122543335,0.7751301527023315,909.294319152832,837.1405649185181
Track.002,1367,0.4739323854446411,0.7749492526054382,909.9501800537109,836.9451928138733
Track.002,1368,0.4739125370979309,0.7749614119529724,909.9120712280273,836.9583249092102
Track.002,1369,0.473906546831131,0.7749476432800293,909.9005699157715,836.9434547424316
Track.002,1370,0.47392842173576355,0.7749467492103577,909.942569732666,836.9424891471863
Track.002,1371,0.47390785813331604,0.7749403119087219,909.9030876159668,836.9355368614197
Track.002,1372,0.47376444935798645,0.7749463319778442,909.627742767334,836.9420385360718
Track.002,1373,0.47376444935798645,0.7749463319778442,909.627742767334,836.9420385360718
Track.002,1374,0.4738237261772156,0.7749626636505127,909.7415542602539,836.9596767425537
Track.002,1375,0.4738093316555023,0.7749524116516113,909.7139167785645,836.9486045837402
Track.002,1376,0.47374534606933594,0.7749714851379395,909.591064453125,836.9692039489746
Track.002,1377,0.4737648069858551,0.7749799489974976,909.6284294128418,836.9783449172974
Track.002,1378,0.473770409822464,0.774981677532196,909.6391868591309,836.9802117347717
Track.002,1379,0.473770409822464,0.774981677532196,909.6391868591309,836.9802117347717
Track.002,1380,0.47382137179374695,0.7745941877365112,909.7370338439941,836.5617227554321
Track.002,1381,0.4738241732120514,0.7745804190635681,909.7424125671387,836.5468525886536
Track.002,1382,0.4737708866596222,0.7745810747146606,909.6401023864746,836.5475606918335
Track.002,1383,0.47376441955566406,0.774575412273407,909.627685546875,836.5414452552795
Track.002,1384,0.47376230359077454,0.7745650410652161,909.6236228942871,836.5302443504333
Track.002,1385,0.47377827763557434,0.7745617032051086,909.6542930603027,836.5266394615173
Track.002,1386,0.47377634048461914,0.7745708227157593,909.6505737304688,836.53648853302
Track.002,1387,0.4738273322582245,0.7745898962020874,909.748477935791,836.5570878982544
Track.002,1388,0.4738273322582245,0.7745898962020874,909.748477935791,836.5570878982544
Track.002,1389,0.4737415909767151,0.7748186588287354,909.583854675293,836.8041515350342
Track.002,1390,0.47376441955566406,0.7748186588287354,909.627685546875,836.8041515350342
Track.002,1391,0.4737641215324402,0.7748140692710876,909.6271133422852,836.7991948127747
Track.002,1392,0.4737575650215149,0.7748135328292847,909.6145248413086,836.7986154556274
Track.002,1393,0.4737578332424164,0.7748132944107056,909.6150398254395,836.798357963562
Track.002,1394,0.47379881143569946,0.7743763327598572,909.693717956543,836.3264393806458
Track.002,1395,0.47379881143569946,0.7743763327598572,909.693717956543,836.3264393806458
Track.002,1396,0.4737870395183563,0.774370014667511,909.6711158752441,836.3196158409119
Track.002,1397,0.47378167510032654,0.7743916511535645,909.660816192627,836.3429832458496
Track.002,1398,0.47381722927093506,0.7743566632270813,909.7290802001953,836.3051962852478
Track.002,1399,0.4738185703754425,0.7743538618087769,909.7316551208496,836.302170753479
Track.002,1400,0.47384101152420044,0.7746630907058716,909.7747421264648,836.6361379623413
Track.002,1401,0.4738408923149109,0.7746631503105164,909.7745132446289,836.6362023353577
Track.002,1402,0.4738532602787018,0.7746609449386597,909.7982597351074,836.6338205337524
Track.002,1403,0.4738432765007019,0.7746589779853821,909.7790908813477,836.6316962242126
Track.002,1404,0.4738319218158722,0.7746615409851074,909.7572898864746,836.634464263916
Track.002,1405,0.4738284647464752,0.7746729850769043,909.7506523132324,836.6468238830566
Track.002,1406,0.473848819732666,0.7746679782867432,909.7897338867188,836.6414165496826
Track.002,1407,0.4738558530807495,0.7746980786323547,909.8032379150391,836.6739249229431
Track.002,1408,0.4738558530807495,0.7746980786323547,909.8032379150391,836.6739249229431
Track.002,1409,0.4738561511039734,0.7746285200119019,909.8038101196289,836.598801612854
Track.002,1410,0.4738559424877167,0.7746286392211914,909.803409576416,836.5989303588867
Track.002,1411,0.4738367199897766,0.7746425271034241,909.7665023803711,836.613929271698
Track.002,1412,0.47383663058280945,0.7746424078941345,909.7663307189941,836.6138005256653
Track.002,1413,0.4738239347934723,0.7746466994285583,909.7419548034668,836.618435382843
Track.002,1414,0.4736744165420532,0.7747918367385864,909.4548797607422,836.7751836776733
Track.002,1415,0.4736744165420532,0.7747918367385864,909.4548797607422,836.7751836776733
Track.002,1416,0.473739892244339,0.7747789025306702,909.5805931091309,836.7612147331238
Track.002,1417,0.47375932335853577,0.7747660875320435,909.6179008483887,836.7473745346069
Track.002,1418,0.4737444221973419,0.7747448086738586,909.5892906188965,836.7243933677673
Track.002,1419,0.47375407814979553,0.7747435569763184,909.6078300476074,836.7230415344238
Track.002,1420,0.4737476706504822,0.7747634053230286,909.5955276489258,836.7444777488708
Track.002,1421,0.4737476706504822,0.7747634053230286,909.5955276489258,836.7444777488708
Track.002,1422,0.4733075499534607,0.7752931118011475,908.7504959106445,837.3165607452393
Track.002,1423,0.47327888011932373,0.7752801179885864,908.6954498291016,837.3025274276733
Track.002,1424,0.47324058413505554,0.7752887010574341,908.6219215393066,837.3117971420288
Track.002,1425,0.4732387661933899,0.7752721905708313,908.6184310913086,837.2939658164978
Track.002,1426,0.47325319051742554,0.7752556800842285,908.646125793457,837.2761344909668
Track.002,1427,0.47325319051742554,0.7752556800842285,908.646125793457,837.2761344909668
Track.002,1428,0.47325924038887024,0.7752570509910583,908.6577415466309,837.277615070343
Track.002,1429,0.4732597768306732,0.7752560377120972,908.6587715148926,837.2765207290649
Track.002,1430,0.4732597768306732,0.7752560377120972,908.6587715148926,837.2765207290649
Track.002,1431,0.4735201895236969,0.7752560377120972,909.158763885498,837.2765207290649
Track.002,1432,0.4734996259212494,0.775237500667572,909.1192817687988,837.2565007209778
Track.002,1433,0.4734964966773987,0.7752287983894348,909.1132736206055,837.2471022605896
Track.002,1434,0.47348839044570923,0.7752277851104736,909.0977096557617,837.2460079193115
Track.002,1435,0.47352689504623413,0.7752416133880615,909.1716384887695,837.2609424591064
Track.002,1436,0.47352689504623413,0.7752416133880615,909.1716384887695,837.2609424591064
Track.002,1437,0.4732426404953003,0.7751197814941406,908.6258697509766,837.1293640136719
Track.002,1438,0.4732173979282379,0.775115430355072,908.5774040222168,837.1246647834778
Track.002,1439,0.4732227325439453,0.7750943899154663,908.587646484375,837.1019411087036
Track.002,1440,0.47323688864707947,0.7751209139823914,908.6148262023926,837.1305871009827
Track.002,1441,0.4732351303100586,0.7751191854476929,908.6114501953125,837.1287202835083
Track.002,1442,0.4733208119869232,0.7751939296722412,908.7759590148926,837.2094440460205
Track.002,1443,0.4733208119869232,0.7751939296722412,908.7759590148926,837.2094440460205
Track.002,1444,0.47337597608566284,0.7752012014389038,908.8818740844727,837.2172975540161
Track.002,1445,0.4733746647834778,0.7751990556716919,908.8793563842773,837.2149801254272
Track.002,1446,0.4733467698097229,0.7751561999320984,908.825798034668,837.1686959266663
Track.002,1447,0.47335943579673767,0.7751500606536865,908.8501167297363,837.1620655059814
Track.002,1448,0.4733537435531616,0.7751291990280151,908.8391876220703,837.1395349502563
Track.002,1449,0.47334274649620056,0.7751299142837524,908.8180732727051,837.1403074264526
Track.002,1450,0.4730910658836365,0.7750678062438965,908.334846496582,837.0732307434082
Track.002,1451,0.4730910658836365,0.7750678062438965,908.334846496582,837.0732307434082
Track.002,1452,0.47309187054634094,0.7750304341316223,908.3363914489746,837.0328688621521
Track.002,1453,0.47309356927871704,0.7750407457351685,908.3396530151367,837.0440053939819
Track.002,1454,0.47308602929115295,0.7750405073165894,908.3251762390137,837.0437479019165
Track.002,1455,0.4730888903141022,0.7750563025474548,908.3306694030762,837.0608067512512
Track.002,1456,0.4731019139289856,0.7750483155250549,908.3556747436523,837.0521807670593
Track.002,1457,0.4731099307537079,0.77503502368927,908.3710670471191,837.0378255844116
Track.002,1458,0.473117858171463,0.7750346660614014,908.386287689209,837.0374393463135
Track.002,1459,0.4727334976196289,0.7756341099739075,907.6483154296875,837.6848387718201
Track.002,1460,0.4727334976196289,0.7756341099739075,907.6483154296875,837.6848387718201
Track.002,1461,0.4727343022823334,0.7756426334381104,907.6498603820801,837.6940441131592
Track.002,1462,0.4727343022823334,0.7756430506706238,907.6498603820801,837.6944947242737
Track.002,1463,0.4727343022823334,0.7756430506706238,907.6498603820801,837.6944947242737
Track.002,1464,0.472807914018631,0.7753861546516418,907.7911949157715,837.4170470237732
Track.002,1465,0.47280651330947876,0.7753866314888,907.7885055541992,837.417562007904
Track.002,1466,0.47279638051986694,0.7753943204879761,907.7690505981445,837.4258661270142
Track.002,1467,0.4728083610534668,0.7753954529762268,907.7920532226562,837.427089214325
Track.002,1468,0.47286006808280945,0.7753769755363464,907.8913307189941,837.4071335792542
Track.002,1469,0.47286006808280945,0.7753769755363464,907.8913307189941,837.4071335792542
Track.002,1470,0.47333821654319763,0.7756117582321167,908.8093757629395,837.660698890686
Track.002,1471,0.47335800528526306,0.7756091952323914,908.8473701477051,837.6579308509827
Track.002,1472,0.4733790457248688,0.7756560444831848,908.887767791748,837.7085280418396
Track.002,1473,0.4733840227127075,0.7756485342979431,908.8973236083984,837.7004170417786
Track.002,1474,0.47338202595710754,0.7756494879722595,908.8934898376465,837.7014470100403
Track.002,1475,0.47338107228279114,0.7756492495536804,908.891658782959,837.7011895179749
Track.002,1476,0.47338563203811646,0.7756289839744568,908.9004135131836,837.6793026924133
Track.002,1477,0.47338423132896423,0.7756293416023254,908.8977241516113,837.6796889305115
Track.002,1478,0.47290927171707153,0.7755631804466248,907.9858016967773,837.6082348823547
Track.002,1479,0.47293612360954285,0.7755595445632935,908.0373573303223,837.6043081283569
Track.002,1480,0.4729444682598114,0.7755717635154724,908.0533790588379,837.6175045967102
Track.002,1481,0.4728979468345642,0.7755691409111023,907.9640579223633,837.6146721839905
Track.002,1482,0.47292572259902954,0.7755512595176697,908.0173873901367,837.5953602790833
Track.002,1483,0.4729391634464264,0.7755566239356995,908.0431938171387,837.6011538505554
Track.002,1484,0.4729391634464264,0.7755566239356995,908.0431938171387,837.6011538505554
Track.002,1485,0.47274476289749146,0.7754772901535034,907.6699447631836,837.5154733657837
Track.002,1486,0.47278067469596863,0.7755166888237,907.7388954162598,837.558023929596
Track.002,1487,0.4727694094181061,0.7755532264709473,907.7172660827637,837.597484588623
Track.002,1488,0.47276991605758667,0.7755513191223145,907.7182388305664,837.5954246520996
Track.002,1489,0.4727618396282196,0.775534987449646,907.7027320861816,837.5777864456177
Track.002,1490,0.4726983904838562,0.775493323802948,907.5809097290039,837.5327897071838
Track.002,1491,0.47268834710121155,0.7754961252212524,907.5616264343262,837.5358152389526
Track.002,1492,0.47273486852645874,0.7759026885032654,907.6509475708008,837.9749035835266
Track.002,1493,0.47273486852645874,0.7759026885032654,907.6509475708008,837.9749035835266
Track.002,1494,0.4727596342563629,0.7759100198745728,907.6984977722168,837.9828214645386
Track.002,1495,0.47273823618888855,0.7759261131286621,907.657413482666,838.0002021789551
Track.002,1496,0.4727116525173187,0.7759568691253662,907.606372833252,838.0334186553955
Track.002,1497,0.47272345423698425,0.7759478092193604,907.6290321350098,838.0236339569092
Track.002,1498,0.47252002358436584,0.7757975459098816,907.2384452819824,837.8613495826721
Track.002,1499,0.47252002358436584,0.7757975459098816,907.2384452819824,837.8613495826721
Track.002,1500,0.47258031368255615,0.775733232498169,907.3542022705078,837.7918910980225
Track.002,1501,0.47260138392448425,0.7757748365402222,907.3946571350098,837.8368234634399
Track.002,1502,0.47263604402542114,0.7757644057273865,907.4612045288086,837.8255581855774
Track.002,1503,0.47261083126068115,0.7757660150527954,907.4127960205078,837.827296257019
Track.002,1504,0.4726170599460602,0.7757784724235535,907.4247550964355,837.8407502174377
Track.002,1505,0.4725901484489441,0.7757706046104431,907.3730850219727,837.8322529792786
Track.002,1506,0.4725901484489441,0.7757706046104431,907.3730850219727,837.8322529792786
Track.002,1507,0.4710276424884796,0.7716039419174194,904.3730735778809,833.332257270813
Track.002,1508,0.4710238575935364,0.7716348767280579,904.3658065795898,833.3656668663025
Track.002,1509,0.4710019826889038,0.7716779708862305,904.3238067626953,833.4122085571289
Track.002,1510,0.47102633118629456,0.7716875076293945,904.3705558776855,833.4225082397461
Track.002,1511,0.47102633118629456,0.7716875076293945,904.3705558776855,833.4225082397461
Track.002,1512,0.4705055356025696,0.7730764150619507,903.3706283569336,834.9225282669067
Track.002,1513,0.47051936388015747,0.7730740308761597,903.3971786499023,834.9199533462524
Track.002,1514,0.47051820158958435,0.7730861306190491,903.394947052002,834.933021068573
Track.002,1515,0.4705408811569214,0.7730639576911926,903.4384918212891,834.909074306488
Track.002,1516,0.470537006855011,0.7730943560600281,903.4310531616211,834.9419045448303
Track.002,1517,0.4705543518066406,0.7731045484542847,903.46435546875,834.9529123306274
Track.002,1518,0.47053107619285583,0.7730992436408997,903.4196662902832,834.9471831321716
Track.002,1519,0.470544695854187,0.7731008529663086,903.4458160400391,834.9489212036133
Track.002,1520,0.4705124497413635,0.7730433344841003,903.383903503418,834.8868012428284
Track.002,1521,0.4705124497413635,0.7730433344841003,903.383903503418,834.8868012428284
Track.002,1522,0.4704723060131073,0.7730812430381775,903.306827545166,834.9277424812317
Track.002,1523,0.47046947479248047,0.7731107473373413,903.3013916015625,834.9596071243286
Track.002,1524,0.4704652428627014,0.7731077075004578,903.2932662963867,834.9563241004944
Track.002,1525,0.4705035984516144,0.7731186151504517,903.3669090270996,834.9681043624878
Track.002,1526,0.46997395157814026,0.7728930115699768,902.3499870300293,834.724452495575
Track.002,1527,0.46997395157814026,0.7728930115699768,902.3499870300293,834.724452495575
Track.002,1528,0.46998217701911926,0.7728992104530334,902.365779876709,834.7311472892761
Track.002,1529,0.46994054317474365,0.7728986740112305,902.2858428955078,834.7305679321289
Track.002,1530,0.469938188791275,0.772897481918335,902.281322479248,834.7292804718018
Track.002,1531,0.4699091911315918,0.7728959918022156,902.2256469726562,834.7276711463928
Track.002,1532,0.4699164032936096,0.7728983759880066,902.2394943237305,834.7302460670471
Track.002,1533,0.4699154496192932,0.7729002237319946,902.237663269043,834.7322416305542
Track.002,1534,0.4696212410926819,0.7729651927947998,901.6727828979492,834.8024082183838
Track.002,1535,0.4695877730846405,0.7729701995849609,901.6085243225098,834.8078155517578
Track.002,1536,0.46960094571113586,0.7729540467262268,901.6338157653809,834.790370464325
Track.002,1537,0.46959158778190613,0.7729648947715759,901.6158485412598,834.802086353302
Track.002,1538,0.46959078311920166,0.7729483842849731,901.6143035888672,834.784255027771
Track.002,1539,0.46959078311920166,0.7729483842849731,901.6143035888672,834.784255027771
Track.002,1540,0.469233900308609,0.7729554176330566,900.9290885925293,834.7918510437012
Track.002,1541,0.46920812129974365,0.7729321718215942,900.8795928955078,834.7667455673218
Track.002,1542,0.4692077040672302,0.7729008793830872,900.878791809082,834.7329497337341
Track.002,1543,0.4691874384880066,0.7728991508483887,900.8398818969727,834.7310829162598
Track.002,1544,0.46925413608551025,0.7729325890541077,900.9679412841797,834.7671961784363
Track.002,1545,0.4692513048648834,0.7729291319847107,900.9625053405762,834.7634625434875
Track.002,1546,0.46925467252731323,0.7729250192642212,900.9689712524414,834.7590208053589
Track.002,1547,0.4692554175853729,0.7729241847991943,900.970401763916,834.7581195831299
Track.002,1548,0.4685831665992737,0.7727936506271362,899.6796798706055,834.6171426773071
Track.002,1549,0.46857643127441406,0.7727943658828735,899.666748046875,834.6179151535034
Track.002,1550,0.4686134159564972,0.7727847695350647,899.7377586364746,834.6075510978699
Track.002,1551,0.46860378980636597,0.7727800607681274,899.7192764282227,834.6024656295776
Track.002,1552,0.4686218500137329,0.7727771997451782,899.7539520263672,834.5993757247925
Track.002,1553,0.4685981571674347,0.7727875709533691,899.7084617614746,834.6105766296387
Track.002,1554,0.4685981571674347,0.7727875709533691,899.7084617614746,834.6105766296387
Track.002,1555,0.46872177720069885,0.7727639675140381,899.9458122253418,834.5850849151611
Track.002,1556,0.468723326921463,0.7727639675140381,899.948787689209,834.5850849151611
Track.002,1557,0.46870747208595276,0.7727636098861694,899.9183464050293,834.584698677063
Track.002,1558,0.468720018863678,0.7727879881858826,899.9424362182617,834.6110272407532
Track.002,1559,0.4687144160270691,0.7727733254432678,899.9316787719727,834.5951914787292
Track.002,1560,0.4688551127910614,0.7727729678153992,900.2018165588379,834.5948052406311
Track.002,1561,0.4688551127910614,0.7727729678153992,900.2018165588379,834.5948052406311
Track.002,1562,0.46880456805229187,0.7727643251419067,900.1047706604004,834.5854711532593
Track.002,1563,0.46880990266799927,0.7727694511413574,900.1150131225586,834.591007232666
Track.002,1564,0.46880799531936646,0.7727698683738708,900.1113510131836,834.5914578437805
Track.002,1565,0.46878281235694885,0.7727667689323425,900.0629997253418,834.5881104469299
Track.002,1566,0.4687793552875519,0.7727338075637817,900.0563621520996,834.5525121688843
Track.002,1567,0.46877291798591614,0.7727295756340027,900.044002532959,834.5479416847229
Track.002,1568,0.4690612554550171,0.77315354347229,900.5976104736328,835.0058269500732
Track.002,1569,0.4690612554550171,0.77315354347229,900.5976104736328,835.0058269500732
Track.002,1570,0.4690585434436798,0.7731537818908691,900.5924034118652,835.0060844421387
Track.002,1571,0.46906009316444397,0.7731651067733765,900.5953788757324,835.0183153152466
Track.002,1572,0.4690927267074585,0.7731596231460571,900.6580352783203,835.0123929977417
Track.002,1573,0.46910029649734497,0.7731698155403137,900.6725692749023,835.0234007835388
Track.002,1574,0.46912357211112976,0.7731485962867737,900.7172584533691,835.0004839897156
Track.002,1575,0.4690585732460022,0.7731442451477051,900.5924606323242,834.9957847595215
Track.002,1576,0.4690615236759186,0.7731572389602661,900.5981254577637,835.0098180770874
Track.002,1577,0.46918413043022156,0.77279132604599,900.8335304260254,834.6146321296692
Track.002,1578,0.46918413043022156,0.77279132604599,900.8335304260254,834.6146321296692
Track.002,1579,0.4691844582557678,0.772800624370575,900.8341598510742,834.624674320221
Track.002,1580,0.4691844582557678,0.772800624370575,900.8341598510742,834.624674320221
Track.002,1581,0.46917569637298584,0.7727999091148376,900.8173370361328,834.6239018440247
Track.002,1582,0.4697360694408417,0.7727352976799011,901.893253326416,834.5541214942932
Track.002,1583,0.46976327896118164,0.7727327942848206,901.9454956054688,834.5514178276062
Track.002,1584,0.46969398856163025,0.7727164626121521,901.8124580383301,834.5337796211243
Track.002,1585,0.4697135090827942,0.7727235555648804,901.8499374389648,834.5414400100708
Track.002,1586,0.46972036361694336,0.7727237939834595,901.8630981445312,834.5416975021362
Track.002,1587,0.46971049904823303,0.7727280259132385,901.8441581726074,834.5462679862976
Track.002,1588,0.46970292925834656,0.7727367281913757,901.8296241760254,834.5556664466858
Track.002,1589,0.4697107970714569,0.7727360129356384,901.8447303771973,834.5548939704895
Track.002,1590,0.4698069989681244,0.7723515629768372,902.0294380187988,834.1396880149841
Track.002,1591,0.46983110904693604,0.7723582983016968,902.0757293701172,834.1469621658325
Track.002,1592,0.4698244333267212,0.7723575234413147,902.0629119873047,834.1461253166199
Track.002,1593,0.46980372071266174,0.7723511457443237,902.0231437683105,834.1392374038696
Track.002,1594,0.4697938561439514,0.7723607420921326,902.0042037963867,834.1496014595032
Track.002,1595,0.4697831869125366,0.772359311580658,901.9837188720703,834.1480565071106
Track.002,1596,0.4696387052536011,0.7724738717079163,901.7063140869141,834.2717814445496
Track.002,1597,0.46962350606918335,0.7724685668945312,901.677131652832,834.2660522460938
Track.002,1598,0.4696195721626282,0.7724458575248718,901.6695785522461,834.2415261268616
Track.002,1599,0.4696117341518402,0.772432804107666,901.6545295715332,834.2274284362793
Track.002,1600,0.4696337878704071,0.7724378705024719,901.6968727111816,834.2329001426697
Track.002,1601,0.469629168510437,0.7724360823631287,901.6880035400391,834.230968952179
Track.002,1602,0.4696290194988251,0.7724366784095764,901.6877174377441,834.2316126823425
Track.002,1603,0.4688606560230255,0.7725048065185547,900.212459564209,834.3051910400391
Track.002,1604,0.46886518597602844,0.7725028395652771,900.2211570739746,834.3030667304993
Track.002,1605,0.46885204315185547,0.772505521774292,900.1959228515625,834.3059635162354
Track.002,1606,0.4688531756401062,0.7725133299827576,900.1980972290039,834.3143963813782
Track.002,1607,0.4688725173473358,0.7724932432174683,900.2352333068848,834.2927026748657
Track.002,1608,0.46886390447616577,0.7724931240081787,900.2186965942383,834.292573928833
Track.002,1609,0.4688798487186432,0.7725023031234741,900.2493095397949,834.302487373352
Track.002,1610,0.46935826539993286,0.7722591161727905,901.1678695678711,834.0398454666138
Track.002,1611,0.46935826539993286,0.7722591161727905,901.1678695678711,834.0398454666138
Track.002,1612,0.46937069296836853,0.7722476720809937,901.1917304992676,834.0274858474731
Track.002,1613,0.4693687856197357,0.7722336649894714,901.1880683898926,834.0123581886292
Track.002,1614,0.46935078501701355,0.7722378969192505,901.153507232666,834.0169286727905
Track.002,1615,0.46934014558792114,0.772239625453949,901.1330795288086,834.0187954902649
Track.002,1616,0.46933040022850037,0.7722384333610535,901.1143684387207,834.0175080299377
Track.002,1617,0.46933040022850037,0.7722384333610535,901.1143684387207,834.0175080299377
Track.002,1618,0.4693218469619751,0.7723056077957153,901.0979461669922,834.0900564193726
Track.002,1619,0.46933513879776,0.772316038608551,901.1234664916992,834.1013216972351
Track.002,1620,0.4693858325481415,0.7723073363304138,901.2207984924316,834.0919232368469
Track.002,1621,0.469360888004303,0.7723147869110107,901.1729049682617,834.0999698638916
Track.002,1622,0.4693413972854614,0.7722915410995483,901.1354827880859,834.0748643875122
Track.002,1623,0.4693441092967987,0.7722920775413513,901.1406898498535,834.0754437446594
Track.002,1624,0.4693443179130554,0.7723001837730408,901.1410903930664,834.084198474884
Track.002,1625,0.46856993436813354,0.7724470496177673,899.6542739868164,834.2428135871887
Track.002,1626,0.46856993436813354,0.7724470496177673,899.6542739868164,834.2428135871887
Track.002,1627,0.46857455372810364,0.7724716663360596,899.663143157959,834.2693996429443
Track.002,1628,0.46857455372810364,0.7724716663360596,899.663143157959,834.2693996429443
Track.002,1629,0.46862635016441345,0.7724647521972656,899.7625923156738,834.2619323730469
Track.002,1630,0.46902117133140564,0.77264803647995,900.5206489562988,834.459879398346
Track.002,1631,0.469045490026474,0.7726765275001526,900.5673408508301,834.4906497001648
Track.002,1632,0.46899738907814026,0.7726686596870422,900.4749870300293,834.4821524620056
Track.002,1633,0.46900495886802673,0.7726621627807617,900.4895210266113,834.4751358032227
Track.002,1634,0.468985378742218,0.7726481556892395,900.4519271850586,834.4600081443787
Track.002,1635,0.468985378742218,0.7726481556892395,900.4519271850586,834.4600081443787
Track.002,1636,0.468994140625,0.7726406455039978,900.46875,834.4518971443176
Track.002,1637,0.4689941704273224,0.7726418375968933,900.468807220459,834.4531846046448
Track.002,1638,0.46908143162727356,0.7727307081222534,900.6363487243652,834.5491647720337
Track.002,1639,0.46908143162727356,0.7727307081222534,900.6363487243652,834.5491647720337
Track.002,1640,0.4690600335597992,0.7727326154708862,900.5952644348145,834.5512247085571
Track.002,1641,0.4690600335597992,0.7727326154708862,900.5952644348145,834.5512247085571
Track.002,1642,0.4690370559692383,0.7727270722389221,900.5511474609375,834.5452380180359
Track.002,1643,0.46904945373535156,0.7727115750312805,900.574951171875,834.528501033783
Track.002,1644,0.46905675530433655,0.7727073431015015,900.5889701843262,834.5239305496216
Track.002,1645,0.4690668284893036,0.772691011428833,900.6083106994629,834.5062923431396
Track.002,1646,0.46900373697280884,0.7725765705108643,900.487174987793,834.3826961517334
Track.002,1647,0.46900373697280884,0.7725765705108643,900.487174987793,834.3826961517334
Track.002,1648,0.4689709544181824,0.7725737690925598,900.4242324829102,834.3796706199646
Track.002,1649,0.4689810574054718,0.7725532054901123,900.4436302185059,834.3574619293213
Track.002,1650,0.4690117835998535,0.772476851940155,900.5026245117188,834.2750000953674
Track.002,1651,0.4690381586551666,0.7724741697311401,900.5532646179199,834.2721033096313
Track.002,1652,0.4690340459346771,0.7724780440330505,900.5453681945801,834.2762875556946
Track.002,1653,0.4688778221607208,0.7725266218185425,900.245418548584,834.3287515640259
Track.002,1654,0.46886882185935974,0.7725349068641663,900.2281379699707,834.3376994132996
Track.002,1655,0.46888455748558044,0.7725201845169067,900.2583503723145,834.3217992782593
Track.002,1656,0.46888846158981323,0.7725106477737427,900.2658462524414,834.3114995956421
Track.002,1657,0.46887877583503723,0.7725021839141846,900.2472496032715,834.3023586273193
Track.002,1658,0.46870169043540955,0.7726739645004272,899.9072456359863,834.4878816604614
Track.002,1659,0.46870169043540955,0.7726739645004272,899.9072456359863,834.4878816604614
Track.002,1660,0.46874842047691345,0.7726794481277466,899.9969673156738,834.4938039779663
Track.002,1661,0.46874433755874634,0.7727007269859314,899.989128112793,834.5167851448059
Track.002,1662,0.4687841832637787,0.7726851105690002,900.0656318664551,834.4999194145203
Track.002,1663,0.4687504172325134,0.7726890444755554,900.0008010864258,834.5041680335999
Track.002,1664,0.46877434849739075,0.7726805806159973,900.0467491149902,834.4950270652771
Track.002,1665,0.46877434849739075,0.7726805806159973,900.0467491149902,834.4950270652771
Track.002,1666,0.4688340127468109,0.7723965644836426,900.161304473877,834.188289642334
Track.002,1667,0.468818336725235,0.7724282741546631,900.1312065124512,834.2225360870361
Track.002,1668,0.46880218386650085,0.7724770307540894,900.1001930236816,834.2751932144165
Track.002,1669,0.46880266070365906,0.7724876403808594,900.1011085510254,834.2866516113281
Track.002,1670,0.46881017088890076,0.7724637389183044,900.1155281066895,834.2608380317688
Track.002,1671,0.4688003361225128,0.7724657654762268,900.0966453552246,834.263026714325
Track.002,1672,0.4688164293766022,0.7724629044532776,900.1275444030762,834.2599368095398
Track.002,1673,0.4687872529029846,0.7732364535331726,900.0715255737305,835.0953698158264
Track.002,1674,0.4687872529029846,0.7732364535331726,900.0715255737305,835.0953698158264
Track.002,1675,0.4688184857368469,0.7733151316642761,900.1314926147461,835.1803421974182
Track.002,1676,0.46879610419273376,0.773319661617279,900.0885200500488,835.1852345466614
Track.002,1677,0.46879780292510986,0.7733238339424133,900.0917816162109,835.1897406578064
Track.002,1678,0.46876779198646545,0.7733281254768372,900.0341606140137,835.1943755149841
Track.002,1679,0.46876779198646545,0.7733281254768372,900.0341606140137,835.1943755149841
Track.002,1680,0.47293445467948914,0.7705503702163696,908.0341529846191,832.1943998336792
Track.002,1681,0.47293445467948914,0.7705503702163696,908.0341529846191,832.1943998336792
Track.002,1682,0.472947895526886,0.7705578804016113,908.0599594116211,832.2025108337402
Track.002,1683,0.47291672229766846,0.7705828547477722,908.0001068115234,832.229483127594
Track.002,1684,0.47291719913482666,0.7705844044685364,908.0010223388672,832.2311568260193
Track.002,1685,0.4729132056236267,0.7705997824668884,907.9933547973633,832.2477650642395
Track.002,1686,0.47291135787963867,0.7705897688865662,907.9898071289062,832.2369503974915
Track.002,1687,0.4729101359844208,0.7705854773521423,907.9874610900879,832.2323155403137
Track.002,1688,0.47239506244659424,0.7701199054718018,906.9985198974609,831.7294979095459
Track.002,1689,0.47239506244659424,0.7701199054718018,906.9985198974609,831.7294979095459
Track.002,1690,0.47239482402801514,0.7701340317726135,906.9980621337891,831.7447543144226
Track.002,1691,0.47239241003990173,0.770103394985199,906.9934272766113,831.7116665840149
Track.002,1692,0.4723896384239197,0.7700985074043274,906.9881057739258,831.7063879966736
Track.002,1693,0.47239962220191956,0.7700777649879456,907.0072746276855,831.6839861869812
Track.002,1694,0.4695350229740143,0.7728555202484131,901.5072441101074,834.6839618682861
Track.002,1695,0.4695350229740143,0.7728555202484131,901.5072441101074,834.6839618682861
Track.002,1696,0.4695390462875366,0.7728531360626221,901.5149688720703,834.6813869476318
Track.002,1697,0.4695292115211487,0.7728396654129028,901.4960861206055,834.6668386459351
Track.002,1698,0.4695430099964142,0.7728418707847595,901.5225791931152,834.6692204475403
Track.002,1699,0.4695456922054291,0.7728312015533447,901.5277290344238,834.6576976776123
Track.002,1700,0.4695456922054291,0.7728312015533447,901.5277290344238,834.6576976776123
Track.002,1701,0.46880653500556946,0.7725121974945068,900.1085472106934,834.3131732940674
Track.002,1702,0.46881553530693054,0.7725175619125366,900.1258277893066,834.3189668655396
Track.002,1703,0.4688372313976288,0.7725253105163574,900.1674842834473,834.327335357666
Track.002,1704,0.4688369333744049,0.7725362777709961,900.1669120788574,834.3391799926758
Track.002,1705,0.4688286781311035,0.7725416421890259,900.1510620117188,834.344973564148
Track.002,1706,0.46882131695747375,0.7725212574005127,900.1369285583496,834.3229579925537
Track.002,1707,0.46882131695747375,0.7725212574005127,900.1369285583496,834.3229579925537
Track.002,1708,0.4698026776313782,0.7728472948074341,902.0211410522461,834.6750783920288
Track.002,1709,0.46981126070022583,0.7728363275527954,902.0376205444336,834.663233757019
Track.002,1710,0.46980950236320496,0.7728374004364014,902.0342445373535,834.6643924713135
Track.002,1711,0.46979087591171265,0.7728381156921387,901.9984817504883,834.6651649475098
Track.002,1712,0.46977201104164124,0.7728383541107178,901.9622611999512,834.6654224395752
Track.002,1713,0.46977201104164124,0.7728383541107178,901.9622611999512,834.6654224395752
Track.002,1714,0.4698256254196167,0.7730586528778076,902.0652008056641,834.9033451080322
Track.002,1715,0.46981149911880493,0.7730461955070496,902.0380783081055,834.8898911476135
Track.002,1716,0.46974363923072815,0.773003876209259,901.907787322998,834.8441863059998
Track.002,1717,0.46975022554397583,0.7730140686035156,901.9204330444336,834.8551940917969
Track.002,1718,0.4697403311729431,0.7730220556259155,901.9014358520508,834.8638200759888
Track.002,1719,0.4697292149066925,0.7730206847190857,901.8800926208496,834.8623394966125
Track.002,1720,0.4697335362434387,0.7730163335800171,901.8883895874023,834.8576402664185
Track.002,1721,0.4697269797325134,0.7730209231376648,901.8758010864258,834.862596988678
Track.002,1722,0.4697269797325134,0.7730209231376648,901.8758010864258,834.862596988678
Track.002,1723,0.4697379767894745,0.7726945281028748,901.896915435791,834.5100903511047
Track.002,1724,0.46975958347320557,0.7726942896842957,901.9384002685547,834.5098328590393
Track.002,1725,0.46973925828933716,0.772629976272583,901.8993759155273,834.4403743743896
Track.002,1726,0.469748318195343,0.7726263999938965,901.9167709350586,834.4365119934082
Track.002,1727,0.4697236716747284,0.7726301550865173,901.8694496154785,834.4405674934387
Track.002,1728,0.4696221947669983,0.7721337080001831,901.6746139526367,833.9044046401978
Track.002,1729,0.46968045830726624,0.772139310836792,901.7864799499512,833.9104557037354
Track.002,1730,0.4696965515613556,0.7721194624900818,901.8173789978027,833.8890194892883
Track.002,1731,0.46969494223594666,0.7721216678619385,901.8142890930176,833.8914012908936
Track.002,1732,0.4696888327598572,0.7721074819564819,901.8025588989258,833.8760805130005
Track.002,1733,0.46967557072639465,0.7721101641654968,901.7770957946777,833.8789772987366
Track.002,1734,0.4696793258190155,0.7721397280693054,901.7843055725098,833.9109063148499
Track.002,1735,0.4696679711341858,0.7721362113952637,901.7625045776367,833.9071083068848
Track.002,1736,0.4696715176105499,0.7715981602668762,901.7693138122559,833.3260130882263
Track.002,1737,0.46967145800590515,0.7715981602668762,901.7691993713379,833.3260130882263
Track.002,1738,0.46968063712120056,0.7715908288955688,901.7868232727051,833.3180952072144
Track.002,1739,0.469692200422287,0.7715991735458374,901.809024810791,833.3271074295044
Track.002,1740,0.4696521461009979,0.7715794444084167,901.732120513916,833.3057999610901
Track.002,1741,0.4696425497531891,0.7715839743614197,901.713695526123,833.3106923103333
Track.002,1742,0.46963512897491455,0.7712517976760864,901.6994476318359,832.9519414901733
Track.002,1743,0.46963512897491455,0.7712517976760864,901.6994476318359,832.9519414901733
Track.002,1744,0.4696299731731415,0.7712296843528748,901.6895484924316,832.9280591011047
Track.002,1745,0.46962544322013855,0.771226167678833,901.680850982666,832.9242610931396
Track.002,1746,0.46963024139404297,0.7712059020996094,901.6900634765625,832.9023742675781
Track.002,1747,0.46965456008911133,0.771198034286499,901.7367553710938,832.893877029419
Track.002,1748,0.46966779232025146,0.7711963057518005,901.7621612548828,832.8920102119446
Track.002,1749,0.4696559011936188,0.7711962461471558,901.739330291748,832.8919458389282
Track.002,1750,0.46975037455558777,0.7719841003417969,901.9207191467285,833.7428283691406
Track.002,1751,0.46977701783180237,0.7720049619674683,901.9718742370605,833.7653589248657
Track.002,1752,0.4697774350643158,0.7720085382461548,901.9726753234863,833.7692213058472
Track.002,1753,0.4697774350643158,0.7720085382461548,901.9726753234863,833.7692213058472
Track.002,1754,0.4697941839694977,0.7720030546188354,902.0048332214355,833.7632989883423
Track.002,1755,0.4697941839694977,0.7720030546188354,902.0048332214355,833.7632989883423
Track.002,1756,0.46988287568092346,0.7721949219703674,902.175121307373,833.9705157279968
Track.002,1757,0.46988287568092346,0.7721949219703674,902.175121307373,833.9705157279968
Track.002,1758,0.4698463976383209,0.7721675038337708,902.1050834655762,833.9409041404724
Track.002,1759,0.4698590040206909,0.772160530090332,902.1292877197266,833.9333724975586
Track.002,1760,0.46985238790512085,0.7721722722053528,902.116584777832,833.946053981781
Track.002,1761,0.4698554277420044,0.77218097448349,902.1224212646484,833.9554524421692
Track.002,1762,0.4698447585105896,0.7721887230873108,902.101936340332,833.9638209342957
Track.002,1763,0.46982356905937195,0.7721996307373047,902.0612525939941,833.9756011962891
Track.002,1764,0.4696599245071411,0.7723061442375183,901.7470550537109,834.0906357765198
Track.002,1765,0.4696599245071411,0.7723061442375183,901.7470550537109,834.0906357765198
Track.002,1766,0.4696464538574219,0.7722999453544617,901.72119140625,834.0839409828186
Track.002,1767,0.4696381390094757,0.7723121643066406,901.7052268981934,834.0971374511719
Track.002,1768,0.4696265161037445,0.7723145484924316,901.6829109191895,834.0997123718262
Track.002,1769,0.4696609377861023,0.7723308801651001,901.7490005493164,834.1173505783081
Track.002,1770,0.4696609377861023,0.7723308801651001,901.7490005493164,834.1173505783081
Track.002,1771,0.46975117921829224,0.7723525762557983,901.9222640991211,834.1407823562622
Track.002,1772,0.469763845205307,0.7723511457443237,901.9465827941895,834.1392374038696
Track.002,1773,0.4696859121322632,0.7723531723022461,901.7969512939453,834.1414260864258
Track.002,1774,0.4696981608867645,0.7723642587661743,901.8204689025879,834.1533994674683
Track.002,1775,0.46969807147979736,0.7723643779754639,901.8202972412109,834.153528213501
Track.002,1776,0.4697301983833313,0.772366464138031,901.8819808959961,834.1557812690735
Track.002,1777,0.4697301983833313,0.772366464138031,901.8819808959961,834.1557812690735
Track.002,1778,0.469765841960907,0.7722697257995605,901.9504165649414,834.0513038635254
Track.002,1779,0.46975967288017273,0.7722717523574829,901.9385719299316,834.0534925460815
Track.002,1780,0.4697421193122864,0.7722539901733398,901.9048690795898,834.034309387207
Track.002,1781,0.4697315990924835,0.772269606590271,901.8846702575684,834.0511751174927
Track.002,1782,0.4697694480419159,0.7722512483596802,901.9573402404785,834.0313482284546
Track.002,1783,0.4697694480419159,0.7722512483596802,901.9573402404785,834.0313482284546
Track.002,1784,0.4695403277873993,0.771987795829773,901.5174293518066,833.7468194961548
Track.002,1785,0.4695304334163666,0.7720089554786682,901.4984321594238,833.7696719169617
Track.002,1786,0.4695236086845398,0.7720199227333069,901.4853286743164,833.7815165519714
Track.002,1787,0.46951577067375183,0.7720189690589905,901.4702796936035,833.7804865837097
Track.002,1788,0.4695381820201874,0.7719916701316833,901.5133094787598,833.751003742218
Track.002,1789,0.4695381820201874,0.7719916701316833,901.5133094787598,833.751003742218
Track.002,1790,0.4695500433444977,0.771996259689331,901.5360832214355,833.7559604644775
Track.002,1791,0.4695506691932678,0.7719970941543579,901.5372848510742,833.7568616867065
Track.002,1792,0.4695506691932678,0.7719970941543579,901.5372848510742,833.7568616867065
Track.002,1793,0.4692849814891815,0.772639811038971,901.0271644592285,834.4509959220886
Track.002,1794,0.4692915380001068,0.7726548314094543,901.0397529602051,834.4672179222107
Track.002,1795,0.46929091215133667,0.7726488709449768,901.0385513305664,834.460780620575
Track.002,1796,0.4692831337451935,0.7726705074310303,901.0236167907715,834.4841480255127
Track.002,1797,0.469259649515152,0.7726696729660034,900.9785270690918,834.4832468032837
Track.002,1798,0.46913841366767883,0.7726294994354248,900.7457542419434,834.4398593902588
Track.002,1799,0.46913841366767883,0.7726294994354248,900.7457542419434,834.4398593902588
Track.002,1800,0.46913501620292664,0.772616982460022,900.7392311096191,834.4263410568237
Track.002,1801,0.4691382944583893,0.7726182341575623,900.7455253601074,834.4276928901672
Track.002,1802,0.46915438771247864,0.7726325988769531,900.776424407959,834.4432067871094
Track.002,1803,0.46917054057121277,0.7726377844810486,900.8074378967285,834.4488072395325
Track.002,1804,0.469148188829422,0.7726429104804993,900.7645225524902,834.4543433189392
Track.002,1805,0.46914947032928467,0.7726473808288574,900.7669830322266,834.459171295166
Track.002,1806,0.46904149651527405,0.772741973400116,900.5596733093262,834.5613312721252
Track.002,1807,0.46904149651527405,0.772741973400116,900.5596733093262,834.5613312721252
Track.002,1808,0.46907147765159607,0.7726709842681885,900.6172370910645,834.4846630096436
Track.002,1809,0.46910086274147034,0.7726583480834961,900.673656463623,834.4710159301758
Track.002,1810,0.46909716725349426,0.7727009057998657,900.666561126709,834.516978263855
Track.002,1811,0.4691177308559418,0.7727080583572388,900.7060432434082,834.5247030258179
Track.002,1812,0.46942755579948425,0.7718744277954102,901.3009071350098,833.624382019043
Track.002,1813,0.46942755579948425,0.7718744277954102,901.3009071350098,833.624382019043
Track.002,1814,0.4694109261035919,0.7718625664710999,901.2689781188965,833.6115717887878
Track.002,1815,0.46936339139938354,0.7718413472175598,901.1777114868164,833.5886549949646
Track.002,1816,0.4693205952644348,0.7718551158905029,901.0955429077148,833.6035251617432
Track.002,1817,0.4693218171596527,0.7718432545661926,901.0978889465332,833.590714931488
Track.002,1818,0.4693218171596527,0.7718432545661926,901.0978889465332,833.590714931488
Track.002,1819,0.46950671076774597,0.7719752788543701,901.4528846740723,833.7333011627197
Track.002,1820,0.46950671076774597,0.7719752788543701,901.4528846740723,833.7333011627197
Track.002,1821,0.4694976210594177,0.7719742655754089,901.435432434082,833.7322068214417
Track.002,1822,0.4695025682449341,0.7720010280609131,901.4449310302734,833.7611103057861
Track.002,1823,0.469501793384552,0.7719910740852356,901.4434432983398,833.7503600120544
Track.002,1824,0.46949732303619385,0.7719753980636597,901.4348602294922,833.7334299087524
Track.002,1825,0.46949732303619385,0.7719753980636597,901.4348602294922,833.7334299087524
Track.002,1826,0.4699263274669647,0.7717301249504089,902.2585487365723,833.4685349464417
Track.002,1827,0.46998581290245056,0.7717313170433044,902.3727607727051,833.4698224067688
Track.002,1828,0.46997880935668945,0.7717421054840088,902.3593139648438,833.4814739227295
Track.002,1829,0.46998515725135803,0.7717452645301819,902.3715019226074,833.4848856925964
Track.002,1830,0.47000643610954285,0.7717529535293579,902.4123573303223,833.4931898117065
Track.002,1831,0.46998462080955505,0.7717623114585876,902.3704719543457,833.5032963752747
Track.002,1832,0.46998050808906555,0.7717902660369873,902.3625755310059,833.5334873199463
Track.002,1833,0.46998587250709534,0.7717969417572021,902.372875213623,833.5406970977783
Track.002,1834,0.4703002870082855,0.7728273272514343,902.9765510559082,834.6535134315491
Track.002,1835,0.4703211188316345,0.7728134989738464,903.0165481567383,834.6385788917542
Track.002,1836,0.4702577292919159,0.7727837562561035,902.8948402404785,834.6064567565918
Track.002,1837,0.4702577292919159,0.7727837562561035,902.8948402404785,834.6064567565918
Track.002,1838,0.47025999426841736,0.7727633118629456,902.8991889953613,834.5843768119812
Track.002,1839,0.470295786857605,0.7727636694908142,902.9679107666016,834.5847630500793
Track.002,1840,0.470295786857605,0.7727636694908142,902.9679107666016,834.5847630500793
Track.002,1841,0.46994975209236145,0.7732962369918823,902.303524017334,835.1599359512329
Track.002,1842,0.46991777420043945,0.7732653617858887,902.2421264648438,835.1265907287598
Track.002,1843,0.4698725640773773,0.7732417583465576,902.1553230285645,835.1010990142822
Track.002,1844,0.4698510468006134,0.7732408046722412,902.1140098571777,835.1000690460205
Track.002,1845,0.46984755992889404,0.7732878923416138,902.1073150634766,835.1509237289429
Track.002,1846,0.46986815333366394,0.773297131061554,902.1468544006348,835.1609015464783
Track.002,1847,0.4698493182659149,0.7733005285263062,902.1106910705566,835.1645708084106
Track.002,1848,0.4701351821422577,0.7730854749679565,902.6595497131348,834.9323129653931
Track.002,1849,0.4701351821422577,0.7730854749679565,902.6595497131348,834.9323129653931
Track.002,1850,0.4700895845890045,0.7731208801269531,902.5720024108887,834.9705505371094
Track.002,1851,0.47009140253067017,0.7731285691261292,902.5754928588867,834.9788546562195
Track.002,1852,0.4700770378112793,0.7731504440307617,902.5479125976562,835.0024795532227
Track.002,1853,0.47009018063545227,0.7731455564498901,902.5731468200684,834.9972009658813
Track.002,1854,0.4698544144630432,0.7729043960571289,902.120475769043,834.7367477416992
Track.002,1855,0.4698544144630432,0.7729043960571289,902.120475769043,834.7367477416992
Track.002,1856,0.4698643684387207,0.772922158241272,902.1395874023438,834.7559309005737
Track.002,1857,0.46986228227615356,0.7729265689849854,902.1355819702148,834.7606945037842
Track.002,1858,0.4698668122291565,0.7729244232177734,902.1442794799805,834.7583770751953
Track.002,1859,0.4698522984981537,0.7729402780532837,902.1164131164551,834.7755002975464
Track.002,1860,0.4698962867259979,0.7728680372238159,902.200870513916,834.6974802017212
Track.002,1861,0.4698962867259979,0.7728680372238159,902.200870513916,834.6974802017212
Track.002,1862,0.4698900282382965,0.7729138135910034,902.1888542175293,834.7469186782837
Track.002,1863,0.4698667526245117,0.77288419008255,902.1441650390625,834.714925289154
Track.002,1864,0.4698568284511566,0.7728844881057739,902.1251106262207,834.7152471542358
Track.002,1865,0.4698547422885895,0.7728636264801025,902.1211051940918,834.6927165985107
Track.002,1866,0.4698784053325653,0.7728722095489502,902.1665382385254,834.7019863128662
Track.002,1867,0.4698421061038971,0.7728684544563293,902.0968437194824,834.6979308128357
Track.002,1868,0.46985721588134766,0.7728621363639832,902.1258544921875,834.6911072731018
Track.002,1869,0.4697869122028351,0.7732242941856384,901.9908714294434,835.0822377204895
Track.002,1870,0.4698159992694855,0.7732183337211609,902.0467185974121,835.0758004188538
Track.002,1871,0.4698159992694855,0.7732183337211609,902.0467185974121,835.0758004188538
Track.002,1872,0.46984297037124634,0.7732139229774475,902.098503112793,835.0710368156433
Track.002,1873,0.4698384702205658,0.7732308506965637,902.0898628234863,835.0893187522888
Track.002,1874,0.4698448181152344,0.7732519507408142,902.10205078125,835.1121068000793
Track.002,1875,0.4698448181152344,0.7732519507408142,902.10205078125,835.1121068000793
Track.002,1876,0.4693240225315094,0.7732519507408142,901.102123260498,835.1121068000793
Track.002,1877,0.4693240225315094,0.7732519507408142,901.102123260498,835.1121068000793
Track.002,1878,0.469291627407074,0.773277997970581,901.039924621582,835.1402378082275
Track.002,1879,0.469291627407074,0.773277997970581,901.039924621582,835.1402378082275
Track.002,1880,0.46927422285079956,0.7732833027839661,901.0065078735352,835.1459670066833
Track.002,1881,0.46927422285079956,0.7732833027839661,901.0065078735352,835.1459670066833
Track.002,1882,0.4695560336112976,0.7730321288108826,901.5475845336914,834.8746991157532
Track.002,1883,0.46959155797958374,0.7730332016944885,901.6157913208008,834.8758578300476
Track.002,1884,0.46958208084106445,0.7730215787887573,901.5975952148438,834.8633050918579
Track.002,1885,0.4695594906806946,0.7730212211608887,901.5542221069336,834.8629188537598
Track.002,1886,0.4695752263069153,0.7730197310447693,901.5844345092773,834.8613095283508
Track.002,1887,0.46956509351730347,0.7730209231376648,901.5649795532227,834.862596988678
Track.002,1888,0.4693925678730011,0.7734918594360352,901.2337303161621,835.371208190918
Track.002,1889,0.4693925678730011,0.7734918594360352,901.2337303161621,835.371208190918
Track.002,1890,0.46940892934799194,0.7734826803207397,901.2651443481445,835.3612947463989
Track.002,1891,0.4694150388240814,0.7734894752502441,901.2768745422363,835.3686332702637
Track.002,1892,0.4693809449672699,0.773494303226471,901.2114143371582,835.3738474845886
Track.002,1893,0.46935251355171204,0.7734899520874023,901.1568260192871,835.3691482543945
Track.002,1894,0.4694053530693054,0.7734922766685486,901.2582778930664,835.3716588020325
Track.002,1895,0.4694122076034546,0.7735001444816589,901.2714385986328,835.3801560401917
Track.002,1896,0.4695794880390167,0.7736245393753052,901.5926170349121,835.5145025253296
Track.002,1897,0.4695794880390167,0.7736245393753052,901.5926170349121,835.5145025253296
Track.002,1898,0.46958082914352417,0.7736242413520813,901.5951919555664,835.5141806602478
Track.002,1899,0.4695824980735779,0.7736022472381592,901.5983963012695,835.4904270172119
Track.002,1900,0.46957674622535706,0.773582398891449,901.5873527526855,835.4689908027649
Track.002,1901,0.4695890247821808,0.7735939621925354,901.6109275817871,835.4814791679382
Track.002,1902,0.4695512056350708,0.7735975384712219,901.5383148193359,835.4853415489197
Track.002,1903,0.4695512056350708,0.7735975384712219,901.5383148193359,835.4853415489197
Track.002,1904,0.46977001428604126,0.7735736966133118,901.9584274291992,835.4595923423767
Track.002,1905,0.46975982189178467,0.7735459208488464,901.9388580322266,835.4295945167542
Track.002,1906,0.46974214911460876,0.7735255360603333,901.9049263000488,835.4075789451599
Track.002,1907,0.4697640538215637,0.7735348343849182,901.9469833374023,835.4176211357117
Track.002,1908,0.4697628915309906,0.7735656499862671,901.944751739502,835.4509019851685
Track.002,1909,0.4697628915309906,0.7735656499862671,901.944751739502,835.4509019851685
Track.002,1910,0.4692140519618988,0.7740734815597534,900.8909797668457,835.9993600845337
Track.002,1911,0.46922677755355835,0.7740989327430725,900.915412902832,836.0268473625183
Track.002,1912,0.46919775009155273,0.7740858197212219,900.8596801757812,836.0126852989197
Track.002,1913,0.46919840574264526,0.7740838527679443,900.8609390258789,836.0105609893799
Track.002,1914,0.46920281648635864,0.7740844488143921,900.8694076538086,836.0112047195435
Track.002,1915,0.46923038363456726,0.7740890383720398,900.9223365783691,836.016161441803
Track.002,1916,0.4692394435405731,0.7741015553474426,900.9397315979004,836.029679775238
Track.002,1917,0.4691673517227173,0.7744305729866028,900.8013153076172,836.385018825531
Track.002,1918,0.4691580832004547,0.7744374871253967,900.783519744873,836.3924860954285
Track.002,1919,0.4691580832004547,0.7744374871253967,900.783519744873,836.3924860954285
Track.002,1920,0.4691527783870697,0.7744314074516296,900.7733345031738,836.38592004776
Track.002,1921,0.46914079785346985,0.7744113206863403,900.7503318786621,836.3642263412476
Track.002,1922,0.4691329002380371,0.7743958830833435,900.7351684570312,836.347553730011
Track.002,1923,0.4691329002380371,0.7743958830833435,900.7351684570312,836.347553730011
Track.002,1924,0.46942856907844543,0.7743455767631531,901.3028526306152,836.2932229042053
Track.002,1925,0.46945804357528687,0.7743541598320007,901.3594436645508,836.3024926185608
Track.002,1926,0.46935924887657166,0.7743678092956543,901.1697578430176,836.3172340393066
Track.002,1927,0.4693593978881836,0.7743684649467468,901.1700439453125,836.3179421424866
Track.002,1928,0.46937671303749084,0.7743654847145081,901.2032890319824,836.3147234916687
Track.002,1929,0.46937671303749084,0.7743654847145081,901.2032890319824,836.3147234916687
Track.002,1930,0.469526469707489,0.7745782136917114,901.4908218383789,836.5444707870483
Track.002,1931,0.4695344865322113,0.7745770215988159,901.5062141418457,836.5431833267212
Track.002,1932,0.4694845378398895,0.7745842933654785,901.4103126525879,836.5510368347168
Track.002,1933,0.46948355436325073,0.7745851874351501,901.4084243774414,836.5520024299622
Track.002,1934,0.4694717228412628,0.7745951414108276,901.3857078552246,836.5627527236938
Track.002,1935,0.469491571187973,0.7746050953865051,901.4238166809082,836.5735030174255
Track.002,1936,0.46950647234916687,0.7746117115020752,901.4524269104004,836.5806484222412
Track.002,1937,0.469514399766922,0.7746214270591736,901.4676475524902,836.5911412239075
Track.002,1938,0.469514399766922,0.7746214270591736,901.4676475524902,836.5911412239075
Track.002,1939,0.46950674057006836,0.774189829826355,901.4529418945312,836.1250162124634
Track.002,1940,0.46950674057006836,0.774189829826355,901.4529418945312,836.1250162124634
Track.002,1941,0.4694715738296509,0.7741617560386658,901.3854217529297,836.094696521759
Track.002,1942,0.46947434544563293,0.7741652727127075,901.3907432556152,836.0984945297241
Track.002,1943,0.4694712460041046,0.7741571664810181,901.3847923278809,836.0897397994995
Track.002,1944,0.4694788157939911,0.7741685509681702,901.3993263244629,836.1020350456238
Track.002,1945,0.4694788157939911,0.7741685509681702,901.3993263244629,836.1020350456238
Track.002,1946,0.4695488512516022,0.7735006809234619,901.5337944030762,835.3807353973389
Track.002,1947,0.46954500675201416,0.7735089063644409,901.5264129638672,835.3896188735962
Track.002,1948,0.46952053904533386,0.7735109329223633,901.479434967041,835.3918075561523
Track.002,1949,0.46951183676719666,0.7735064029693604,901.4627265930176,835.3869152069092
Track.002,1950,0.4695245921611786,0.7735154628753662,901.4872169494629,835.3966999053955
Track.002,1951,0.4695245921611786,0.7735154628753662,901.4872169494629,835.3966999053955
Track.002,1952,0.4692302942276001,0.7734971046447754,900.9221649169922,835.3768730163574
Track.002,1953,0.4692426323890686,0.7735074162483215,900.9458541870117,835.3880095481873
Track.002,1954,0.4692516326904297,0.7735099792480469,900.963134765625,835.3907775878906
Track.002,1955,0.46927469968795776,0.7735235095024109,901.0074234008789,835.4053902626038
Track.002,1956,0.46929195523262024,0.7735066413879395,901.0405540466309,835.3871726989746
Track.002,1957,0.46929195523262024,0.7735066413879395,901.0405540466309,835.3871726989746
Track.002,1958,0.46891191601753235,0.7738050222396851,900.3108787536621,835.7094240188599
Track.002,1959,0.46890008449554443,0.7738491296768188,900.2881622314453,835.7570600509644
Track.002,1960,0.4688734710216522,0.7738755345344543,900.2370643615723,835.7855772972107
Track.002,1961,0.4688672423362732,0.7738844156265259,900.2251052856445,835.795168876648
Track.002,1962,0.46887654066085815,0.7738950848579407,900.2429580688477,835.8066916465759
Track.002,1963,0.4689139425754547,0.7738721370697021,900.314769744873,835.7819080352783
Track.002,1964,0.4689032733440399,0.7738547325134277,900.2942848205566,835.763111114502
Track.002,1965,0.4689560830593109,0.773857831954956,900.395679473877,835.7664585113525
Track.002,1966,0.4693630337715149,0.7734534740447998,901.1770248413086,835.3297519683838
Track.002,1967,0.4693630337715149,0.7734534740447998,901.1770248413086,835.3297519683838
Track.002,1968,0.4693473279476166,0.7734267115592957,901.1468696594238,835.3008484840393
Track.002,1969,0.46935489773750305,0.7734235525131226,901.1614036560059,835.2974367141724
Track.002,1970,0.46934249997138977,0.7734498381614685,901.1375999450684,835.325825214386
Track.002,1971,0.4693447947502136,0.773449182510376,901.1420059204102,835.325117111206
Track.002,1972,0.4691504240036011,0.7733596563339233,900.7688140869141,835.2284288406372
Track.002,1973,0.4691504240036011,0.7733596563339233,900.7688140869141,835.2284288406372
Track.002,1974,0.46915820240974426,0.7733489274978638,900.783748626709,835.2168416976929
Track.002,1975,0.46915820240974426,0.7733489274978638,900.783748626709,835.2168416976929
Track.002,1976,0.4730600416660309,0.774283766746521,908.2752799987793,836.2264680862427
Track.002,1977,0.47304612398147583,0.7743039727210999,908.2485580444336,836.2482905387878
Track.002,1978,0.473040372133255,0.774353563785553,908.2375144958496,836.3018488883972
Track.002,1979,0.47303467988967896,0.7743562459945679,908.2265853881836,836.3047456741333
Track.002,1980,0.47311198711395264,0.7737966179847717,908.3750152587891,835.7003474235535
Track.002,1981,0.47311198711395264,0.7737966179847717,908.3750152587891,835.7003474235535
Track.002,1982,0.4731142222881317,0.7738683223724365,908.3793067932129,835.7777881622314
Track.002,1983,0.47309544682502747,0.7738558650016785,908.3432579040527,835.7643342018127
Track.002,1984,0.47305047512054443,0.7738168835639954,908.2569122314453,835.722234249115
Track.002,1985,0.4730502665042877,0.7738180756568909,908.2565116882324,835.7235217094421
Track.002,1986,0.4730502665042877,0.7738180756568909,908.2565116882324,835.7235217094421
Track.002,1987,0.47315165400505066,0.7736464142799377,908.4511756896973,835.5381274223328
Track.002,1988,0.47315165400505066,0.7736464142799377,908.4511756896973,835.5381274223328
Track.002,1989,0.47312498092651367,0.7736697793006897,908.3999633789062,835.5633616447449
Track.002,1990,0.47310784459114075,0.7736719846725464,908.3670616149902,835.5657434463501
Track.002,1991,0.4730982780456543,0.7736800909042358,908.3486938476562,835.5744981765747
Track.002,1992,0.47304975986480713,0.7736834287643433,908.2555389404297,835.5781030654907
Track.002,1993,0.47304975986480713,0.7736834287643433,908.2555389404297,835.5781030654907
Track.002,1994,0.47314250469207764,0.7737497091293335,908.4336090087891,835.6496858596802
Track.002,1995,0.47314417362213135,0.7737628817558289,908.4368133544922,835.6639122962952
Track.002,1996,0.47315362095832825,0.773759663105011,908.4549522399902,835.6604361534119
Track.002,1997,0.47313880920410156,0.7737551331520081,908.426513671875,835.6555438041687
Track.002,1998,0.47312694787979126,0.7737404108047485,908.4037399291992,835.6396436691284
Track.002,1999,0.47312694787979126,0.7737404108047485,908.4037399291992,835.6396436691284
Track.002,2000,0.47320693731307983,0.7736469507217407,908.5573196411133,835.53870677948
